ref,value,sheet,pin,pin_name,pcb_net,schematic_labels
D13,SS54_C22452,Sheet_1,1,A,D13_1,
D13,SS54_C22452,Sheet_1,2,K,+24V,+24V
C8,22nF,Sheet_1,1,1,GND,GND
C8,22nF,Sheet_1,2,2,C8_2,
R6,82kΩ,Sheet_1,2,2,GND,GND
R6,82kΩ,Sheet_1,1,1,R6_1,
C7,47nF,Sheet_1,1,1,GND,GND
C7,47nF,Sheet_1,2,2,C7_2,
R3,187kΩ,Sheet_1,2,2,D13_1,
R3,187kΩ,Sheet_1,1,1,R3_1,
D12,SK36_C266330,Sheet_1,2,2,D12_2,
D12,SK36_C266330,Sheet_1,1,1,D13_1,
L5,10uH,Sheet_1,2,2,D12_2,
L5,10uH,Sheet_1,1,1,VBAT,VBAT
U1,TPS61175PWP,Sheet_1,1,SW,D12_2,
U1,TPS61175PWP,Sheet_1,2,SW,D12_2,
U1,TPS61175PWP,Sheet_1,3,VIN,VBAT,VBAT
U1,TPS61175PWP,Sheet_1,4,EN,U1_4,
U1,TPS61175PWP,Sheet_1,5,SS,C7_2,
U1,TPS61175PWP,Sheet_1,6,SYNC,GND,GND
U1,TPS61175PWP,Sheet_1,7,AGND,GND,GND
U1,TPS61175PWP,Sheet_1,8,COMP,U1_8,
U1,TPS61175PWP,Sheet_1,9,FB,R3_1,
U1,TPS61175PWP,Sheet_1,10,FREQ,R6_1,
U1,TPS61175PWP,Sheet_1,11,NC,,
U1,TPS61175PWP,Sheet_1,12,PGND,GND,GND
U1,TPS61175PWP,Sheet_1,13,PGND,GND,GND
U1,TPS61175PWP,Sheet_1,14,PGND,GND,GND
U1,TPS61175PWP,Sheet_1,15,EPAD,GND,GND
D11,LESD5D5.0CT1G_C5199850,Sheet_1,1,1,GND,GND
D11,LESD5D5.0CT1G_C5199850,Sheet_1,2,2,VBUS,VBUS
D10,BAT54C,Sheet_1,1,A1,5VEXT,5VEXT
D10,BAT54C,Sheet_1,3,K,D10_3,
D10,BAT54C,Sheet_1,2,A2,VBUS,VBUS
Q2,AO4407_C5155210,Sheet_1,1,S,Q2_1,
Q2,AO4407_C5155210,Sheet_1,2,S,Q2_1,
Q2,AO4407_C5155210,Sheet_1,3,S,Q2_1,
Q2,AO4407_C5155210,Sheet_1,4,G,Q2_4,
Q2,AO4407_C5155210,Sheet_1,5,D,VBAT_IN,VBAT_IN
Q2,AO4407_C5155210,Sheet_1,6,D,VBAT_IN,VBAT_IN
Q2,AO4407_C5155210,Sheet_1,7,D,VBAT_IN,VBAT_IN
Q2,AO4407_C5155210,Sheet_1,8,D,VBAT_IN,VBAT_IN
F2,MINISMDC260F/16,Sheet_1,2,2,Q2_1,
F2,MINISMDC260F/16,Sheet_1,1,1,F2_1,
C4,10uF,Sheet_1,1,1,GND,GND
C4,10uF,Sheet_1,2,2,+24V,+24V
L4,100Ω,Sheet_1,2,2,+24V,+24V
L4,100Ω,Sheet_1,1,1,L4_1,
C3,100nF,Sheet_1,2,2,+24V,+24V
C3,100nF,Sheet_1,1,1,GND,GND
C2,100nF,Sheet_1,2,2,L4_1,
C2,100nF,Sheet_1,1,1,GND,GND
C1,1uF,Sheet_1,1,1,GND,GND
C1,1uF,Sheet_1,2,2,L4_1,
L1,300Ω,Sheet_1,1,1,L1_1,
L1,300Ω,Sheet_1,2,2,24V-,24V-
L1,300Ω,Sheet_1,3,3,GND,GND
L1,300Ω,Sheet_1,4,4,L4_1,
U45,E22-900MM22S,Sheet_1,1,VCC,VCC,VCC
U45,E22-900MM22S,Sheet_1,2,GND,GND,GND
U45,E22-900MM22S,Sheet_1,3,NRST,LORA_RST,LORA_RST
U45,E22-900MM22S,Sheet_1,4,NC,,
U45,E22-900MM22S,Sheet_1,5,NC,,
U45,E22-900MM22S,Sheet_1,6,ANT,ANT,ANT
U45,E22-900MM22S,Sheet_1,7,GND,GND,GND
U45,E22-900MM22S,Sheet_1,8,NC,,
U45,E22-900MM22S,Sheet_1,9,TXEN,TXEN,TXEN
U45,E22-900MM22S,Sheet_1,10,RXEN,RXEN,RXEN
U45,E22-900MM22S,Sheet_1,11,BUSY,LORA_BUSY,LORA_BUSY
U45,E22-900MM22S,Sheet_1,12,MISO,SPI_MISO,SPI_MISO
U45,E22-900MM22S,Sheet_1,13,MOSI,SPI_MOSI,SPI_MOSI
U45,E22-900MM22S,Sheet_1,14,NSS,LORA_SS,LORA_SS
U45,E22-900MM22S,Sheet_1,15,SCK,SPI_SCK,SPI_SCK
U45,E22-900MM22S,Sheet_1,16,GND,GND,GND
U45,E22-900MM22S,Sheet_1,17,NC,,
U45,E22-900MM22S,Sheet_1,18,DIO3,U45_18,
U45,E22-900MM22S,Sheet_1,19,DIO2,U45_19,
U45,E22-900MM22S,Sheet_1,20,DIO1,DIO1,DIO1
C87,100nF,Sheet_1,2,2,VCC,VCC
C87,100nF,Sheet_1,1,1,GND,GND
D6,SM712,Sheet_1,1,1,B,B
D6,SM712,Sheet_1,3,3,GND,GND
D6,SM712,Sheet_1,2,2,A,A
U47,THVD1410DR,Sheet_1,1,R,RX2,RX2
U47,THVD1410DR,Sheet_1,2,RE#,DIR,DIR
U47,THVD1410DR,Sheet_1,3,DE,DIR,DIR
U47,THVD1410DR,Sheet_1,4,D,TX2,TX2
U47,THVD1410DR,Sheet_1,5,GND,GND,GND
U47,THVD1410DR,Sheet_1,6,A,A,A
U47,THVD1410DR,Sheet_1,7,B,B,B
U47,THVD1410DR,Sheet_1,8,VCC,VCC,VCC
LED1,19-217/BHC-ZL1M2RY/3T,Sheet_1,1,A,VCC,VCC
LED1,19-217/BHC-ZL1M2RY/3T,Sheet_1,2,C,LED1_2,
U48,CH340C,Sheet_1,16,VCC,VCC,VCC
U48,CH340C,Sheet_1,15,R232,U48_15,
U48,CH340C,Sheet_1,14,RTS#,RTS,RTS
U48,CH340C,Sheet_1,13,DTR#,DTR,DTR
U48,CH340C,Sheet_1,12,DCD#,U48_12,
U48,CH340C,Sheet_1,11,RI#,U48_11,
U48,CH340C,Sheet_1,10,DSR#,U48_10,
U48,CH340C,Sheet_1,9,CTS#,U48_9,
U48,CH340C,Sheet_1,8,NC.,,
U48,CH340C,Sheet_1,7,NC.,,
U48,CH340C,Sheet_1,6,D-,D-,D-
U48,CH340C,Sheet_1,5,D+,D+,D+
U48,CH340C,Sheet_1,4,V3,VCC,VCC
U48,CH340C,Sheet_1,3,RXD,U48_3,
U48,CH340C,Sheet_1,2,TXD,RXD,RXD
U48,CH340C,Sheet_1,1,GND,GND,GND
R96,470Ω,Sheet_1,2,2,U48_3,
R96,470Ω,Sheet_1,1,1,TXD,TXD
Q1,UMH3NTN,Sheet_1,1,E1,RTS,RTS
Q1,UMH3NTN,Sheet_1,2,B1,DTR,DTR
Q1,UMH3NTN,Sheet_1,3,C2,IO0,IO0
Q1,UMH3NTN,Sheet_1,4,E2,DTR,DTR
Q1,UMH3NTN,Sheet_1,5,B2,RTS,RTS
Q1,UMH3NTN,Sheet_1,6,C1,RST,RST
USB1,U-D-M5DD-W-1,Sheet_1,1,VBUS,VBUS,VBUS
USB1,U-D-M5DD-W-1,Sheet_1,2,D-,D-,D-
USB1,U-D-M5DD-W-1,Sheet_1,3,D+,D+,D+
USB1,U-D-M5DD-W-1,Sheet_1,4,ID,,
USB1,U-D-M5DD-W-1,Sheet_1,5,GND,GND,GND
USB1,U-D-M5DD-W-1,Sheet_1,6,EP,GND,GND
USB1,U-D-M5DD-W-1,Sheet_1,7,EP,GND,GND
G$1,UFL,Sheet_1,GND1,GND,GND,GND
G$1,UFL,Sheet_1,GND2,GND,GND,GND
G$1,UFL,Sheet_1,SIG,SIG,ANT,ANT
U49,ESP32-S3-WROOM-1U-N16R8,Sheet_1,41,GND,GND,GND
U49,ESP32-S3-WROOM-1U-N16R8,Sheet_1,14,IO20,RX2,RX2
U49,ESP32-S3-WROOM-1U-N16R8,Sheet_1,13,IO19,DIR,DIR
U49,ESP32-S3-WROOM-1U-N16R8,Sheet_1,12,IO8,SDA,SDA
U49,ESP32-S3-WROOM-1U-N16R8,Sheet_1,11,IO18,ST_P,ST_P
U49,ESP32-S3-WROOM-1U-N16R8,Sheet_1,10,IO17,DONE,DONE
U49,ESP32-S3-WROOM-1U-N16R8,Sheet_1,9,IO16,CLR,CLR
U49,ESP32-S3-WROOM-1U-N16R8,Sheet_1,8,IO15,EN_BOOST,EN_BOOST
U49,ESP32-S3-WROOM-1U-N16R8,Sheet_1,7,IO7,U49_7,
U49,ESP32-S3-WROOM-1U-N16R8,Sheet_1,6,IO6,LED,LED
U49,ESP32-S3-WROOM-1U-N16R8,Sheet_1,5,IO5,CFG,CFG
U49,ESP32-S3-WROOM-1U-N16R8,Sheet_1,4,IO4,BATMON,BATMON
U49,ESP32-S3-WROOM-1U-N16R8,Sheet_1,3,EN,RST,RST
U49,ESP32-S3-WROOM-1U-N16R8,Sheet_1,2,3V3,VCC,VCC
U49,ESP32-S3-WROOM-1U-N16R8,Sheet_1,1,GND,GND,GND
U49,ESP32-S3-WROOM-1U-N16R8,Sheet_1,26,IO45,PDOWN,PDOWN
U49,ESP32-S3-WROOM-1U-N16R8,Sheet_1,25,IO48,ADC_RST,ADC_RST
U49,ESP32-S3-WROOM-1U-N16R8,Sheet_1,24,IO47,PG24,PG24
U49,ESP32-S3-WROOM-1U-N16R8,Sheet_1,23,IO21,TX2,TX2
U49,ESP32-S3-WROOM-1U-N16R8,Sheet_1,22,IO14,LORA_SS,LORA_SS
U49,ESP32-S3-WROOM-1U-N16R8,Sheet_1,21,IO13,SPI_MISO,SPI_MISO
U49,ESP32-S3-WROOM-1U-N16R8,Sheet_1,20,IO12,SPI_SCK,SPI_SCK
U49,ESP32-S3-WROOM-1U-N16R8,Sheet_1,19,IO11,SPI_MOSI,SPI_MOSI
U49,ESP32-S3-WROOM-1U-N16R8,Sheet_1,18,IO10,LORA_BUSY,LORA_BUSY
U49,ESP32-S3-WROOM-1U-N16R8,Sheet_1,17,IO9,SCL,SCL
U49,ESP32-S3-WROOM-1U-N16R8,Sheet_1,16,IO46,,
U49,ESP32-S3-WROOM-1U-N16R8,Sheet_1,15,IO3,,
U49,ESP32-S3-WROOM-1U-N16R8,Sheet_1,27,IO0,IO0,IO0
U49,ESP32-S3-WROOM-1U-N16R8,Sheet_1,28,IO35,,
U49,ESP32-S3-WROOM-1U-N16R8,Sheet_1,29,IO36,,
U49,ESP32-S3-WROOM-1U-N16R8,Sheet_1,30,IO37,,
U49,ESP32-S3-WROOM-1U-N16R8,Sheet_1,31,IO38,SPI_CS,SPI_CS
U49,ESP32-S3-WROOM-1U-N16R8,Sheet_1,32,IO39,DRDY,DRDY
U49,ESP32-S3-WROOM-1U-N16R8,Sheet_1,33,IO40,ALARM,ALARM
U49,ESP32-S3-WROOM-1U-N16R8,Sheet_1,34,IO41,RXEN,RXEN
U49,ESP32-S3-WROOM-1U-N16R8,Sheet_1,35,IO42,TXEN,TXEN
U49,ESP32-S3-WROOM-1U-N16R8,Sheet_1,36,RXD0,RXD,RXD
U49,ESP32-S3-WROOM-1U-N16R8,Sheet_1,37,TXD0,TXD,TXD
U49,ESP32-S3-WROOM-1U-N16R8,Sheet_1,38,IO2,LORA_RST,LORA_RST
U49,ESP32-S3-WROOM-1U-N16R8,Sheet_1,39,IO1,DIO1,DIO1
U49,ESP32-S3-WROOM-1U-N16R8,Sheet_1,40,GND,GND,GND
D4,LESD5D5.0CT1G_C5199850,Sheet_1,1,1,GND,GND
D4,LESD5D5.0CT1G_C5199850,Sheet_1,2,2,D-,D-
D5,LESD5D5.0CT1G_C5199850,Sheet_1,1,1,GND,GND
D5,LESD5D5.0CT1G_C5199850,Sheet_1,2,2,D+,D+
CN3,XH-2A-black,Sheet_1,1,1,B,B
CN3,XH-2A-black,Sheet_1,2,2,A,A
F1,MINISMDC260F/16,Sheet_1,2,2,L1_1,
F1,MINISMDC260F/16,Sheet_1,1,1,24V+,24V+
D1,SMBJ33A,Sheet_1,2,A,24V-,24V-
D1,SMBJ33A,Sheet_1,1,K,L1_1,
Q3,SI7465DP-T1-GE3,Sheet_1,1,S,+24V,+24V
Q3,SI7465DP-T1-GE3,Sheet_1,2,S,+24V,+24V
Q3,SI7465DP-T1-GE3,Sheet_1,3,S,+24V,+24V
Q3,SI7465DP-T1-GE3,Sheet_1,4,G,Q3_4,
Q3,SI7465DP-T1-GE3,Sheet_1,5,D,Q3_5,
Q3,SI7465DP-T1-GE3,Sheet_1,6,D,Q3_5,
Q3,SI7465DP-T1-GE3,Sheet_1,7,D,Q3_5,
Q3,SI7465DP-T1-GE3,Sheet_1,8,D,Q3_5,
D2,LBZT52C12T1G,Sheet_1,2,A,Q3_4,
D2,LBZT52C12T1G,Sheet_1,1,K,+24V,+24V
U36,LMR51450SDRRR,Sheet_1,1,SW,U36_1,
U36,LMR51450SDRRR,Sheet_1,2,SW,U36_1,
U36,LMR51450SDRRR,Sheet_1,3,SW,U36_1,
U36,LMR51450SDRRR,Sheet_1,4,BOOT,U36_4,
U36,LMR51450SDRRR,Sheet_1,5,PG,PG24,PG24
U36,LMR51450SDRRR,Sheet_1,6,RT,,
U36,LMR51450SDRRR,Sheet_1,7,FB,U36_7,
U36,LMR51450SDRRR,Sheet_1,8,AGND,GND,GND
U36,LMR51450SDRRR,Sheet_1,9,EN,Q3_5,
U36,LMR51450SDRRR,Sheet_1,10,VIN,Q3_5,
U36,LMR51450SDRRR,Sheet_1,11,VIN,Q3_5,
U36,LMR51450SDRRR,Sheet_1,12,VIN,Q3_5,
U36,LMR51450SDRRR,Sheet_1,13,EP,GND,GND
C59,10uF,Sheet_1,1,1,GND,GND
C59,10uF,Sheet_1,2,2,Q3_5,
C60,10uF,Sheet_1,1,1,GND,GND
C60,10uF,Sheet_1,2,2,Q3_5,
C61,100nF,Sheet_1,1,1,GND,GND
C61,100nF,Sheet_1,2,2,Q3_5,
U40,4.7uH,Sheet_1,1,1,U36_1,
U40,4.7uH,Sheet_1,2,2,5VBUCK,5VBUCK
C69,100nF,Sheet_1,1,1,U36_1,
C69,100nF,Sheet_1,2,2,U36_4,
R86,19.1kΩ,Sheet_1,2,2,U36_7,
R86,19.1kΩ,Sheet_1,1,1,GND,GND
R87,1kΩ,Sheet_1,2,2,5VBUCK,5VBUCK
R87,1kΩ,Sheet_1,1,1,R87_1,
C70,33pF,Sheet_1,1,1,R87_1,
C70,33pF,Sheet_1,2,2,U36_7,
C72,33uF,Sheet_1,2,2,5VBUCK,5VBUCK
C72,33uF,Sheet_1,1,1,GND,GND
C73,33uF,Sheet_1,2,2,5VBUCK,5VBUCK
C73,33uF,Sheet_1,1,1,GND,GND
D7,SS54_C22452,Sheet_1,1,A,5VEXT,5VEXT
D7,SS54_C22452,Sheet_1,2,K,+5V,+5V
J1,VIN,Sheet_1,1,1,GND,GND
J1,VIN,Sheet_1,2,2,F2_1,
J1,VIN,Sheet_1,3,3,GND,GND
J1,VIN,Sheet_1,4,4,5VEXT,5VEXT
J1,VIN,Sheet_1,5,5,24V-,24V-
J1,VIN,Sheet_1,6,6,24V+,24V+
U41,TPS61088RHLR,Sheet_1,1,VCC,U41_1,
U41,TPS61088RHLR,Sheet_1,2,EN,ENA,ENA
U41,TPS61088RHLR,Sheet_1,3,FSW,U41_3,
U41,TPS61088RHLR,Sheet_1,4,SW,U41_4,
U41,TPS61088RHLR,Sheet_1,5,SW,U41_4,
U41,TPS61088RHLR,Sheet_1,6,SW,U41_4,
U41,TPS61088RHLR,Sheet_1,7,SW,U41_4,
U41,TPS61088RHLR,Sheet_1,8,BOOT,U41_8,
U41,TPS61088RHLR,Sheet_1,9,VIN,VBAT,VBAT
U41,TPS61088RHLR,Sheet_1,10,SS,U41_10,
U41,TPS61088RHLR,Sheet_1,11,NC,,
U41,TPS61088RHLR,Sheet_1,12,NC,,
U41,TPS61088RHLR,Sheet_1,13,MODE,,
U41,TPS61088RHLR,Sheet_1,14,VOUT,5VBOOST,5VBOOST
U41,TPS61088RHLR,Sheet_1,15,VOUT,5VBOOST,5VBOOST
U41,TPS61088RHLR,Sheet_1,16,VOUT,5VBOOST,5VBOOST
U41,TPS61088RHLR,Sheet_1,17,FB,U41_17,
U41,TPS61088RHLR,Sheet_1,18,COMP,U41_18,
U41,TPS61088RHLR,Sheet_1,19,ILIM,U41_19,
U41,TPS61088RHLR,Sheet_1,20,AGND,GND,GND
U41,TPS61088RHLR,Sheet_1,21,PGND,GND,GND
L2,2.2uH,Sheet_1,2,2,U41_4,
L2,2.2uH,Sheet_1,1,1,VBAT,VBAT
R89,56kΩ,Sheet_1,2,2,GND,GND
R89,56kΩ,Sheet_1,1,1,U41_17,
R90,189k,Sheet_1,1,1,5VBOOST,5VBOOST
R90,189k,Sheet_1,2,2,U41_17,
U43,TPS62162DSG,Sheet_1,1,PGND,GND,GND
U43,TPS62162DSG,Sheet_1,2,VIN,+5V,+5V
U43,TPS62162DSG,Sheet_1,3,EN,+5V,+5V
U43,TPS62162DSG,Sheet_1,4,AGND,GND,GND
U43,TPS62162DSG,Sheet_1,5,FB,GND,GND
U43,TPS62162DSG,Sheet_1,6,VOS,VCC,VCC
U43,TPS62162DSG,Sheet_1,7,SW,U43_7,
U43,TPS62162DSG,Sheet_1,8,PG,U43_8,
U43,TPS62162DSG,Sheet_1,9,EP,GND,GND
L3,2.2uH,Sheet_1,2,2,VCC,VCC
L3,2.2uH,Sheet_1,1,1,U43_7,
R92,33kΩ,Sheet_1,2,2,R92_2,
R92,33kΩ,Sheet_1,1,1,GND,GND
U46,TPL5010,Sheet_1,1,VDD,3V3AON,3V3AON
U46,TPL5010,Sheet_1,2,GND,GND,GND
U46,TPL5010,Sheet_1,3,DELAY/M_RST,U46_3,
U46,TPL5010,Sheet_1,4,DONE,DONE,DONE
U46,TPL5010,Sheet_1,5,WAKE,WAKE,WAKE
U46,TPL5010,Sheet_1,6,RSTn,RST,RST
U51,SN74AUP1G74DCUR,Sheet_1,1,CLK,GND,GND
U51,SN74AUP1G74DCUR,Sheet_1,2,D,U51_2,
U51,SN74AUP1G74DCUR,Sheet_1,3,#Q,,
U51,SN74AUP1G74DCUR,Sheet_1,4,GND,GND,GND
U51,SN74AUP1G74DCUR,Sheet_1,5,Q,ENA,ENA
U51,SN74AUP1G74DCUR,Sheet_1,6,#CLR,CLR,CLR
U51,SN74AUP1G74DCUR,Sheet_1,7,#PRE,PRE,PRE
U51,SN74AUP1G74DCUR,Sheet_1,8,VCC,3V3AON,3V3AON
U42,TPS7A0233DBVR,Sheet_1,5,OUT,3V3AON,3V3AON
U42,TPS7A0233DBVR,Sheet_1,4,NC,,
U42,TPS7A0233DBVR,Sheet_1,3,EN,U42_3,
U42,TPS7A0233DBVR,Sheet_1,2,GND,GND,GND
U42,TPS7A0233DBVR,Sheet_1,1,IN,D10_3,
D3,BAT54C,Sheet_1,1,A1,VBAT_IN,VBAT_IN
D3,BAT54C,Sheet_1,3,K,D10_3,
D3,BAT54C,Sheet_1,2,A2,5VBUCK,5VBUCK
SW1,SKQYAAE010,Sheet_1,1,1,CFG,CFG
SW1,SKQYAAE010,Sheet_1,2,2,GND,GND
U50,casingAlGasLeak,Sheet_1,,,,
C58,100nF,Sheet_1,2,2,VCC,VCC
C58,100nF,Sheet_1,1,1,GND,GND
R75,10kΩ,Sheet_1,2,2,PDOWN,PDOWN
R75,10kΩ,Sheet_1,1,1,VCC,VCC
R73,10kΩ,Sheet_1,2,2,ADC_RST,ADC_RST
R73,10kΩ,Sheet_1,1,1,VCC,VCC
R8,22Ω,Sheet_1,2,2,R8_2,
R8,22Ω,Sheet_1,1,1,SPI_MISO,SPI_MISO
R9,22Ω,Sheet_1,2,2,R9_2,
R9,22Ω,Sheet_1,1,1,SPI_MOSI,SPI_MOSI
R10,22Ω,Sheet_1,2,2,R10_2,
R10,22Ω,Sheet_1,1,1,SPI_SCK,SPI_SCK
C11,10uF,Sheet_1,1,1,GND,GND
C11,10uF,Sheet_1,2,2,+5VA,+5VA
C12,100nF,Sheet_1,2,2,+5VA,+5VA
C12,100nF,Sheet_1,1,1,GND,GND
C57,20pF,Sheet_1,1,1,GND,GND
C57,20pF,Sheet_1,2,2,C57_2,
C45,20pF,Sheet_1,1,1,C45_1,
C45,20pF,Sheet_1,2,2,GND,GND
C50,100nF,Sheet_1,2,2,AI7,AI7
C50,100nF,Sheet_1,1,1,GND,GND
C49,100nF,Sheet_1,2,2,AI6,AI6
C49,100nF,Sheet_1,1,1,GND,GND
C48,100nF,Sheet_1,2,2,AI5,AI5
C48,100nF,Sheet_1,1,1,GND,GND
C47,100nF,Sheet_1,2,2,AI4,AI4
C47,100nF,Sheet_1,1,1,GND,GND
C44,100nF,Sheet_1,2,2,AI3,AI3
C44,100nF,Sheet_1,1,1,GND,GND
C43,100nF,Sheet_1,2,2,AI2,AI2
C43,100nF,Sheet_1,1,1,GND,GND
C42,100nF,Sheet_1,2,2,AI1,AI1
C42,100nF,Sheet_1,1,1,GND,GND
C41,100nF,Sheet_1,2,2,AI0,AI0
C41,100nF,Sheet_1,1,1,GND,GND
R72,49.9Ω,Sheet_1,2,2,AIN7,AIN7
R72,49.9Ω,Sheet_1,1,1,AI7,AI7
R71,49.9Ω,Sheet_1,2,2,AIN6,AIN6
R71,49.9Ω,Sheet_1,1,1,AI6,AI6
R70,49.9Ω,Sheet_1,2,2,AIN5,AIN5
R70,49.9Ω,Sheet_1,1,1,AI5,AI5
R69,49.9Ω,Sheet_1,2,2,AIN4,AIN4
R69,49.9Ω,Sheet_1,1,1,AI4,AI4
R68,49.9Ω,Sheet_1,2,2,AIN3,AIN3
R68,49.9Ω,Sheet_1,1,1,AI3,AI3
R67,49.9Ω,Sheet_1,2,2,AIN2,AIN2
R67,49.9Ω,Sheet_1,1,1,AI2,AI2
R66,49.9Ω,Sheet_1,2,2,AIN1,AIN1
R66,49.9Ω,Sheet_1,1,1,AI1,AI1
R65,49.9Ω,Sheet_1,2,2,AIN0,AIN0
R65,49.9Ω,Sheet_1,1,1,AI0,AI0
U35,ADS1256IDBR,Sheet_1,1,AVDD,+5VA,+5VA
U35,ADS1256IDBR,Sheet_1,2,AGND,GND,GND
U35,ADS1256IDBR,Sheet_1,3,VREFN,GND,GND
U35,ADS1256IDBR,Sheet_1,4,VREFP,VREF,VREF
U35,ADS1256IDBR,Sheet_1,5,AINCOM,GND,GND
U35,ADS1256IDBR,Sheet_1,6,AIN0,AI0,AI0
U35,ADS1256IDBR,Sheet_1,7,AIN1,AI1,AI1
U35,ADS1256IDBR,Sheet_1,8,AIN2,AI2,AI2
U35,ADS1256IDBR,Sheet_1,9,AIN3,AI3,AI3
U35,ADS1256IDBR,Sheet_1,10,AIN4,AI4,AI4
U35,ADS1256IDBR,Sheet_1,11,AIN5,AI5,AI5
U35,ADS1256IDBR,Sheet_1,12,AIN6,AI6,AI6
U35,ADS1256IDBR,Sheet_1,13,AIN7,AI7,AI7
U35,ADS1256IDBR,Sheet_1,14,SYNCPDWN,PDOWN,PDOWN
U35,ADS1256IDBR,Sheet_1,15,RESET,ADC_RST,ADC_RST
U35,ADS1256IDBR,Sheet_1,16,DVDD,VCC,VCC
U35,ADS1256IDBR,Sheet_1,17,DGND,GND,GND
U35,ADS1256IDBR,Sheet_1,18,XTAL2,C57_2,
U35,ADS1256IDBR,Sheet_1,19,XTAL1CLKIN,C45_1,
U35,ADS1256IDBR,Sheet_1,20,CS,SPI_CS,SPI_CS
U35,ADS1256IDBR,Sheet_1,21,DRDY,DRDY,DRDY
U35,ADS1256IDBR,Sheet_1,22,DOUT,R8_2,
U35,ADS1256IDBR,Sheet_1,23,DIN,R9_2,
U35,ADS1256IDBR,Sheet_1,24,SCLK,R10_2,
U35,ADS1256IDBR,Sheet_1,25,D0CLKOUT,,
U35,ADS1256IDBR,Sheet_1,26,D1,,
U35,ADS1256IDBR,Sheet_1,27,D2,,
U35,ADS1256IDBR,Sheet_1,28,D3,,
U39,8MHz,Sheet_1,1,1,C57_2,
U39,8MHz,Sheet_1,3,3,C45_1,
U39,8MHz,Sheet_1,4,GND,GND,GND
U39,8MHz,Sheet_1,2,GND,GND,GND
R74,22Ω,Sheet_1,2,2,VREF,VREF
R74,22Ω,Sheet_1,1,1,R74_1,
U2,OPA320AIDBVR,Sheet_1,1,OUT,R74_1,
U2,OPA320AIDBVR,Sheet_1,2,V-,GND,GND
U2,OPA320AIDBVR,Sheet_1,3,IN+,U2_3,
U2,OPA320AIDBVR,Sheet_1,4,IN-,R74_1,
U2,OPA320AIDBVR,Sheet_1,5,V+,+5VA,+5VA
C53,10uF,Sheet_1,1,1,GND,GND
C53,10uF,Sheet_1,2,2,C53_2,
R76,1kΩ,Sheet_1,2,2,U2_3,
R76,1kΩ,Sheet_1,1,1,C53_2,
C46,100nF,Sheet_1,2,2,+5VA,+5VA
C46,100nF,Sheet_1,1,1,GND,GND
C51,100nF,Sheet_1,2,2,VREF,VREF
C51,100nF,Sheet_1,1,1,GND,GND
C56,22uF,Sheet_1,1,1,VREF,VREF
C56,22uF,Sheet_1,2,2,GND,GND
C55,100nF,Sheet_1,2,2,U2_3,
C55,100nF,Sheet_1,1,1,GND,GND
C54,100nF,Sheet_1,2,2,U2_3,
C54,100nF,Sheet_1,1,1,GND,GND
C52,100nF,Sheet_1,2,2,+5VA,+5VA
C52,100nF,Sheet_1,1,1,GND,GND
U38,ADR03AKSZ-REEL7,Sheet_1,1,TEMP,,
U38,ADR03AKSZ-REEL7,Sheet_1,2,GND,GND,GND
U38,ADR03AKSZ-REEL7,Sheet_1,3,VIN,+5VA,+5VA
U38,ADR03AKSZ-REEL7,Sheet_1,4,VOUT,C53_2,
U38,ADR03AKSZ-REEL7,Sheet_1,5,TRIM,,
C66,100nF,Sheet_1,2,2,RSTA,RSTA
C66,100nF,Sheet_1,1,1,GND,GND
C65,100nF,Sheet_1,2,2,+5V,+5V
C65,100nF,Sheet_1,1,1,GND,GND
R77,10kΩ,Sheet_1,2,2,+5V,+5V
R77,10kΩ,Sheet_1,1,1,RSTA,RSTA
U33,TCA9548APWR,Sheet_1,1,A0,+5V,+5V
U33,TCA9548APWR,Sheet_1,2,A1,GND,GND
U33,TCA9548APWR,Sheet_1,3,RESET#,RSTA,RSTA
U33,TCA9548APWR,Sheet_1,4,SD0,SDA0,SDA0
U33,TCA9548APWR,Sheet_1,5,SC0,SCL0,SCL0
U33,TCA9548APWR,Sheet_1,6,SD1,SDA1,SDA1
U33,TCA9548APWR,Sheet_1,7,SC1,SCL1,SCL1
U33,TCA9548APWR,Sheet_1,8,SD2,SDA2,SDA2
U33,TCA9548APWR,Sheet_1,9,SC2,SCL2,SCL2
U33,TCA9548APWR,Sheet_1,10,SD3,SDA3,SDA3
U33,TCA9548APWR,Sheet_1,11,SC3,SCL3,SCL3
U33,TCA9548APWR,Sheet_1,12,GND,GND,GND
U33,TCA9548APWR,Sheet_1,13,SD4,SDA4,SDA4
U33,TCA9548APWR,Sheet_1,14,SC4,SCL4,SCL4
U33,TCA9548APWR,Sheet_1,15,SD5,SDA5,SDA5
U33,TCA9548APWR,Sheet_1,16,SC5,SCL5,SCL5
U33,TCA9548APWR,Sheet_1,17,SD6,SDA6,SDA6
U33,TCA9548APWR,Sheet_1,18,SC6,SCL6,SCL6
U33,TCA9548APWR,Sheet_1,19,SD7,SDA7,SDA7
U33,TCA9548APWR,Sheet_1,20,SC7,SCL7,SCL7
U33,TCA9548APWR,Sheet_1,21,A2,GND,GND
U33,TCA9548APWR,Sheet_1,22,SCL,SCL,SCL
U33,TCA9548APWR,Sheet_1,23,SDA,SDA,SDA
U33,TCA9548APWR,Sheet_1,24,VCC,+5V,+5V
R11,49.9Ω,Sheet_1,2,2,VMID,VMID
R11,49.9Ω,Sheet_1,1,1,R11_1,
U3,OPA320AIDBVR,Sheet_1,1,OUT,R11_1,
U3,OPA320AIDBVR,Sheet_1,2,V-,GND,GND
U3,OPA320AIDBVR,Sheet_1,3,IN+,U3_3,
U3,OPA320AIDBVR,Sheet_1,4,IN-,R11_1,
U3,OPA320AIDBVR,Sheet_1,5,V+,+5VA,+5VA
C13,100nF,Sheet_1,2,2,U3_3,
C13,100nF,Sheet_1,1,1,GND,GND
C14,100nF,Sheet_1,2,2,VCC,VCC
C14,100nF,Sheet_1,1,1,GND,GND
U44,SHT40-AD1B-R2,Sheet_1,1,SDA,SDA,SDA
U44,SHT40-AD1B-R2,Sheet_1,2,SCL,SCL,SCL
U44,SHT40-AD1B-R2,Sheet_1,3,VDD,VCC,VCC
U44,SHT40-AD1B-R2,Sheet_1,4,VSS,GND,GND
U44,SHT40-AD1B-R2,Sheet_1,5,EP,GND,GND
U12,PCF8574T/TR,Sheet_1,1,A0,GND,GND
U12,PCF8574T/TR,Sheet_1,2,A1,GND,GND
U12,PCF8574T/TR,Sheet_1,3,A2,GND,GND
U12,PCF8574T/TR,Sheet_1,4,P0,EN0,EN0
U12,PCF8574T/TR,Sheet_1,5,P1,EN1,EN1
U12,PCF8574T/TR,Sheet_1,6,P2,EN2,EN2
U12,PCF8574T/TR,Sheet_1,7,P3,EN3,EN3
U12,PCF8574T/TR,Sheet_1,8,VSS,GND,GND
U12,PCF8574T/TR,Sheet_1,9,P4,EN4,EN4
U12,PCF8574T/TR,Sheet_1,10,P5,EN5,EN5
U12,PCF8574T/TR,Sheet_1,11,P6,EN6,EN6
U12,PCF8574T/TR,Sheet_1,12,P7,EN7,EN7
U12,PCF8574T/TR,Sheet_1,13,INT#,,
U12,PCF8574T/TR,Sheet_1,14,SCL,SCL,SCL
U12,PCF8574T/TR,Sheet_1,15,SDA,SDA,SDA
U12,PCF8574T/TR,Sheet_1,16,VDD,VCC,VCC
C15,100nF,Sheet_1,2,2,VCC,VCC
C15,100nF,Sheet_1,1,1,GND,GND
U14,TPS22964CYZPR,Sheet_1,A1,VOUT,VBAT,VBAT
U14,TPS22964CYZPR,Sheet_1,A2,VIN,VBAT_IN,VBAT_IN
U14,TPS22964CYZPR,Sheet_1,B1,VOUT,VBAT,VBAT
U14,TPS22964CYZPR,Sheet_1,B2,VIN,VBAT_IN,VBAT_IN
U14,TPS22964CYZPR,Sheet_1,C1,GND,GND,GND
U14,TPS22964CYZPR,Sheet_1,C2,ON,ENA,ENA
U13,TPS2116DRLR,Sheet_1,1,GND,GND,GND
U13,TPS2116DRLR,Sheet_1,2,VOUT,+5V,+5V
U13,TPS2116DRLR,Sheet_1,3,VIN1,5VBUCK,5VBUCK
U13,TPS2116DRLR,Sheet_1,4,PR1,U13_4,
U13,TPS2116DRLR,Sheet_1,5,MODE,5VBUCK,5VBUCK
U13,TPS2116DRLR,Sheet_1,6,VIN2,5VBOOST,5VBOOST
U13,TPS2116DRLR,Sheet_1,7,VOUT,+5V,+5V
U13,TPS2116DRLR,Sheet_1,8,ST,ST_P,ST_P
R13,16kΩ,Sheet_1,2,2,U13_4,
R13,16kΩ,Sheet_1,1,1,5VBUCK,5VBUCK
R14,4.99kΩ,Sheet_1,2,2,U13_4,
R14,4.99kΩ,Sheet_1,1,1,GND,GND
U15,SN74LVC1G06DCKR,Sheet_1,1,NC,,
U15,SN74LVC1G06DCKR,Sheet_1,2,A,WAKE,WAKE
U15,SN74LVC1G06DCKR,Sheet_1,3,GND,GND,GND
U15,SN74LVC1G06DCKR,Sheet_1,4,Y,PRE,PRE
U15,SN74LVC1G06DCKR,Sheet_1,5,VCC,3V3AON,3V3AON
U16,TPS3839K33DBZR,Sheet_1,1,GND,GND,GND
U16,TPS3839K33DBZR,Sheet_1,2,RESET#,PRE,PRE
U16,TPS3839K33DBZR,Sheet_1,3,VDD,3V3AON,3V3AON
R16,10kΩ,Sheet_1,2,2,VCC,VCC
R16,10kΩ,Sheet_1,1,1,SCL,SCL
R17,10kΩ,Sheet_1,2,2,VCC,VCC
R17,10kΩ,Sheet_1,1,1,SDA,SDA
R18,10kΩ,Sheet_1,2,2,VCC,VCC
R18,10kΩ,Sheet_1,1,1,CFG,CFG
R19,10kΩ,Sheet_1,2,2,VCC,VCC
R19,10kΩ,Sheet_1,1,1,IO0,IO0
R20,10kΩ,Sheet_1,2,2,VCC,VCC
R20,10kΩ,Sheet_1,1,1,RST,RST
C20,100nF,Sheet_1,2,2,VCC,VCC
C20,100nF,Sheet_1,1,1,GND,GND
C21,100nF,Sheet_1,2,2,IO0,IO0
C21,100nF,Sheet_1,1,1,GND,GND
C22,100nF,Sheet_1,2,2,RST,RST
C22,100nF,Sheet_1,1,1,GND,GND
C23,100nF,Sheet_1,2,2,BATMON,BATMON
C23,100nF,Sheet_1,1,1,GND,GND
C6,100nF,Sheet_1,2,2,VBAT,VBAT
C6,100nF,Sheet_1,1,1,GND,GND
C24,100nF,Sheet_1,2,2,VCC,VCC
C24,100nF,Sheet_1,1,1,GND,GND
C25,100nF,Sheet_1,2,2,VCC,VCC
C25,100nF,Sheet_1,1,1,GND,GND
C26,100nF,Sheet_1,2,2,3V3AON,3V3AON
C26,100nF,Sheet_1,1,1,GND,GND
C27,100nF,Sheet_1,2,2,3V3AON,3V3AON
C27,100nF,Sheet_1,1,1,GND,GND
C28,100nF,Sheet_1,2,2,3V3AON,3V3AON
C28,100nF,Sheet_1,1,1,GND,GND
C19,100nF,Sheet_1,2,2,3V3AON,3V3AON
C19,100nF,Sheet_1,1,1,GND,GND
C29,100nF,Sheet_1,2,2,VMID,VMID
C29,100nF,Sheet_1,1,1,GND,GND
C30,100nF,Sheet_1,2,2,+5VA,+5VA
C30,100nF,Sheet_1,1,1,GND,GND
C31,100nF,Sheet_1,2,2,U41_4,
C31,100nF,Sheet_1,1,1,U41_8,
R2,10kΩ,Sheet_1,2,2,R3_1,
R2,10kΩ,Sheet_1,1,1,GND,GND
C32,10uF,Sheet_1,1,1,GND,GND
C32,10uF,Sheet_1,2,2,VCC,VCC
C33,10uF,Sheet_1,1,1,GND,GND
C33,10uF,Sheet_1,2,2,VCC,VCC
C34,10uF,Sheet_1,1,1,GND,GND
C34,10uF,Sheet_1,2,2,VCC,VCC
R21,10kΩ,Sheet_1,2,2,3V3AON,3V3AON
R21,10kΩ,Sheet_1,1,1,CLR,CLR
R15,10kΩ,Sheet_1,2,2,3V3AON,3V3AON
R15,10kΩ,Sheet_1,1,1,PRE,PRE
R22,10kΩ,Sheet_1,2,2,3V3AON,3V3AON
R22,10kΩ,Sheet_1,1,1,U51_2,
C35,10uF,Sheet_1,1,1,GND,GND
C35,10uF,Sheet_1,2,2,+5V,+5V
R23,100kΩ,Sheet_1,2,2,U43_8,
R23,100kΩ,Sheet_1,1,1,VCC,VCC
R24,100kΩ,Sheet_1,2,2,BATMON,BATMON
R24,100kΩ,Sheet_1,1,1,GND,GND
R25,100kΩ,Sheet_1,2,2,VCC,VCC
R25,100kΩ,Sheet_1,1,1,PG24,PG24
C36,10uF,Sheet_1,1,1,GND,GND
C36,10uF,Sheet_1,2,2,VBAT,VBAT
C37,10uF,Sheet_1,1,1,GND,GND
C37,10uF,Sheet_1,2,2,VBAT,VBAT
C10,10uF,Sheet_1,1,1,GND,GND
C10,10uF,Sheet_1,2,2,D13_1,
C9,22uF,Sheet_1,1,1,D13_1,
C9,22uF,Sheet_1,2,2,GND,GND
R26,100kΩ,Sheet_1,2,2,Q3_4,
R26,100kΩ,Sheet_1,1,1,GND,GND
R1,100kΩ,Sheet_1,2,2,Q2_4,
R1,100kΩ,Sheet_1,1,1,GND,GND
R27,100kΩ,Sheet_1,2,2,5VBUCK,5VBUCK
R27,100kΩ,Sheet_1,1,1,U36_7,
R4,100kΩ,Sheet_1,2,2,U1_4,
R4,100kΩ,Sheet_1,1,1,GND,GND
R28,10kΩ,Sheet_1,2,2,+5VA,+5VA
R28,10kΩ,Sheet_1,1,1,U3_3,
R29,10kΩ,Sheet_1,2,2,U3_3,
R29,10kΩ,Sheet_1,1,1,GND,GND
R7,10kΩ,Sheet_1,2,2,U1_8,
R7,10kΩ,Sheet_1,1,1,C8_2,
R30,100kΩ,Sheet_1,2,2,U41_19,
R30,100kΩ,Sheet_1,1,1,GND,GND
R5,1kΩ,Sheet_1,2,2,U1_4,
R5,1kΩ,Sheet_1,1,1,EN_BOOST,EN_BOOST
R31,1kΩ,Sheet_1,2,2,LED1_2,
R31,1kΩ,Sheet_1,1,1,LED,LED
R32,200kΩ,Sheet_1,2,2,VBAT_IN,VBAT_IN
R32,200kΩ,Sheet_1,1,1,BATMON,BATMON
C16,10uF,Sheet_1,1,1,GND,GND
C16,10uF,Sheet_1,2,2,+5V,+5V
C17,10uF,Sheet_1,1,1,GND,GND
C17,10uF,Sheet_1,2,2,5VBUCK,5VBUCK
C18,10uF,Sheet_1,1,1,GND,GND
C18,10uF,Sheet_1,2,2,5VBOOST,5VBOOST
C38,10uF,Sheet_1,1,1,GND,GND
C38,10uF,Sheet_1,2,2,VMID,VMID
R12,100kΩ,Sheet_1,2,2,VCC,VCC
R12,100kΩ,Sheet_1,1,1,ST_P,ST_P
C39,22uF,Sheet_1,1,1,GND,GND
C39,22uF,Sheet_1,2,2,VCC,VCC
C40,22uF,Sheet_1,1,1,GND,GND
C40,22uF,Sheet_1,2,2,VCC,VCC
C62,22uF,Sheet_1,1,1,GND,GND
C62,22uF,Sheet_1,2,2,D10_3,
C63,22uF,Sheet_1,1,1,GND,GND
C63,22uF,Sheet_1,2,2,3V3AON,3V3AON
R33,0Ω,Sheet_1,2,2,D10_3,
R33,0Ω,Sheet_1,1,1,U42_3,
C64,22uF,Sheet_1,1,1,GND,GND
C64,22uF,Sheet_1,2,2,5VBOOST,5VBOOST
C67,22uF,Sheet_1,1,1,GND,GND
C67,22uF,Sheet_1,2,2,5VBOOST,5VBOOST
C68,22uF,Sheet_1,1,1,GND,GND
C68,22uF,Sheet_1,2,2,5VBOOST,5VBOOST
C71,1uF,Sheet_1,1,1,GND,GND
C71,1uF,Sheet_1,2,2,5VBOOST,5VBOOST
C5,22uF,Sheet_1,1,1,GND,GND
C5,22uF,Sheet_1,2,2,VBAT,VBAT
C74,2.2uF,Sheet_1,2,2,U41_1,
C74,2.2uF,Sheet_1,1,1,GND,GND
R34,255kΩ,Sheet_1,2,2,U41_3,
R34,255kΩ,Sheet_1,1,1,U41_4,
C75,47nF,Sheet_1,1,1,GND,GND
C75,47nF,Sheet_1,2,2,U41_10,
R35,43kΩ,Sheet_1,2,2,R35_2,
R35,43kΩ,Sheet_1,1,1,GND,GND
R36,56kΩ,Sheet_1,2,2,R36_2,
R36,56kΩ,Sheet_1,1,1,GND,GND
R37,0Ω,Sheet_1,2,2,U46_3,
R37,0Ω,Sheet_1,1,1,R92_2,
R38,0Ω,Sheet_1,2,2,U46_3,
R38,0Ω,Sheet_1,1,1,R35_2,
R39,0Ω,Sheet_1,2,2,U46_3,
R39,0Ω,Sheet_1,1,1,R36_2,
R40,100kΩ,Sheet_1,2,2,U41_18,
R40,100kΩ,Sheet_1,1,1,R40_1,
C76,47nF,Sheet_1,1,1,GND,GND
C76,47nF,Sheet_1,2,2,R40_1,
C77,4.7nF,Sheet_1,1,1,U41_18,
C77,4.7nF,Sheet_1,2,2,GND,GND
J2,ALARM,Sheet_1,1,1,+24V,+24V
J2,ALARM,Sheet_1,2,2,J2_2,
Q4,AO3400A,Sheet_1,3,D,J2_2,
Q4,AO3400A,Sheet_1,1,G,Q4_1,
Q4,AO3400A,Sheet_1,2,S,GND,GND
R41,100kΩ,Sheet_1,2,2,Q4_1,
R41,100kΩ,Sheet_1,1,1,GND,GND
R94,100Ω,Sheet_1,2,2,Q4_1,
R94,100Ω,Sheet_1,1,1,ALARM,ALARM
D8,SS14,Sheet_1,2,A,J2_2,
D8,SS14,Sheet_1,1,K,+24V,+24V
C85,10uF,Sheet_1,1,1,GND,GND
C85,10uF,Sheet_1,2,2,+24V,+24V
C84,100nF,Sheet_1,2,2,+24V,+24V
C84,100nF,Sheet_1,1,1,GND,GND
H2,X1321WVS-2X04J-C40D53,Sheet_1,1,1,GND,GND
H2,X1321WVS-2X04J-C40D53,Sheet_1,8,8,VMID,VMID
H2,X1321WVS-2X04J-C40D53,Sheet_1,3,3,AIN0,AIN0
H2,X1321WVS-2X04J-C40D53,Sheet_1,6,6,SDA7,SDA7
H2,X1321WVS-2X04J-C40D53,Sheet_1,5,5,GND,GND
H2,X1321WVS-2X04J-C40D53,Sheet_1,4,4,SCL7,SCL7
H2,X1321WVS-2X04J-C40D53,Sheet_1,7,7,EN0,EN0
H2,X1321WVS-2X04J-C40D53,Sheet_1,2,2,+5V,+5V
H1,X1321WVS-2X04J-C40D53,Sheet_1,1,1,GND,GND
H1,X1321WVS-2X04J-C40D53,Sheet_1,8,8,VMID,VMID
H1,X1321WVS-2X04J-C40D53,Sheet_1,3,3,AIN1,AIN1
H1,X1321WVS-2X04J-C40D53,Sheet_1,6,6,SDA6,SDA6
H1,X1321WVS-2X04J-C40D53,Sheet_1,5,5,GND,GND
H1,X1321WVS-2X04J-C40D53,Sheet_1,4,4,SCL6,SCL6
H1,X1321WVS-2X04J-C40D53,Sheet_1,7,7,EN6,EN6
H1,X1321WVS-2X04J-C40D53,Sheet_1,2,2,+5V,+5V
H3,X1321WVS-2X04J-C40D53,Sheet_1,1,1,GND,GND
H3,X1321WVS-2X04J-C40D53,Sheet_1,8,8,VMID,VMID
H3,X1321WVS-2X04J-C40D53,Sheet_1,3,3,AIN2,AIN2
H3,X1321WVS-2X04J-C40D53,Sheet_1,6,6,SDA5,SDA5
H3,X1321WVS-2X04J-C40D53,Sheet_1,5,5,GND,GND
H3,X1321WVS-2X04J-C40D53,Sheet_1,4,4,SCL5,SCL5
H3,X1321WVS-2X04J-C40D53,Sheet_1,7,7,EN7,EN7
H3,X1321WVS-2X04J-C40D53,Sheet_1,2,2,+5V,+5V
H4,X1321WVS-2X04J-C40D53,Sheet_1,1,1,GND,GND
H4,X1321WVS-2X04J-C40D53,Sheet_1,8,8,VMID,VMID
H4,X1321WVS-2X04J-C40D53,Sheet_1,3,3,AIN3,AIN3
H4,X1321WVS-2X04J-C40D53,Sheet_1,6,6,SDA4,SDA4
H4,X1321WVS-2X04J-C40D53,Sheet_1,5,5,GND,GND
H4,X1321WVS-2X04J-C40D53,Sheet_1,4,4,SCL4,SCL4
H4,X1321WVS-2X04J-C40D53,Sheet_1,7,7,EN3,EN3
H4,X1321WVS-2X04J-C40D53,Sheet_1,2,2,+5V,+5V
H5,X1321WVS-2X04J-C40D53,Sheet_1,1,1,GND,GND
H5,X1321WVS-2X04J-C40D53,Sheet_1,8,8,VMID,VMID
H5,X1321WVS-2X04J-C40D53,Sheet_1,3,3,AIN4,AIN4
H5,X1321WVS-2X04J-C40D53,Sheet_1,6,6,SDA3,SDA3
H5,X1321WVS-2X04J-C40D53,Sheet_1,5,5,GND,GND
H5,X1321WVS-2X04J-C40D53,Sheet_1,4,4,SCL3,SCL3
H5,X1321WVS-2X04J-C40D53,Sheet_1,7,7,EN4,EN4
H5,X1321WVS-2X04J-C40D53,Sheet_1,2,2,+5V,+5V
H6,X1321WVS-2X04J-C40D53,Sheet_1,1,1,GND,GND
H6,X1321WVS-2X04J-C40D53,Sheet_1,8,8,VMID,VMID
H6,X1321WVS-2X04J-C40D53,Sheet_1,3,3,AIN5,AIN5
H6,X1321WVS-2X04J-C40D53,Sheet_1,6,6,SDA2,SDA2
H6,X1321WVS-2X04J-C40D53,Sheet_1,5,5,GND,GND
H6,X1321WVS-2X04J-C40D53,Sheet_1,4,4,SCL2,SCL2
H6,X1321WVS-2X04J-C40D53,Sheet_1,7,7,EN5,EN5
H6,X1321WVS-2X04J-C40D53,Sheet_1,2,2,+5V,+5V
H7,X1321WVS-2X04J-C40D53,Sheet_1,1,1,GND,GND
H7,X1321WVS-2X04J-C40D53,Sheet_1,8,8,VMID,VMID
H7,X1321WVS-2X04J-C40D53,Sheet_1,3,3,AIN6,AIN6
H7,X1321WVS-2X04J-C40D53,Sheet_1,6,6,SDA1,SDA1
H7,X1321WVS-2X04J-C40D53,Sheet_1,5,5,GND,GND
H7,X1321WVS-2X04J-C40D53,Sheet_1,4,4,SCL1,SCL1
H7,X1321WVS-2X04J-C40D53,Sheet_1,7,7,EN2,EN2
H7,X1321WVS-2X04J-C40D53,Sheet_1,2,2,+5V,+5V
H8,X1321WVS-2X04J-C40D53,Sheet_1,1,1,GND,GND
H8,X1321WVS-2X04J-C40D53,Sheet_1,8,8,VMID,VMID
H8,X1321WVS-2X04J-C40D53,Sheet_1,3,3,AIN7,AIN7
H8,X1321WVS-2X04J-C40D53,Sheet_1,6,6,SDA0,SDA0
H8,X1321WVS-2X04J-C40D53,Sheet_1,5,5,GND,GND
H8,X1321WVS-2X04J-C40D53,Sheet_1,4,4,SCL0,SCL0
H8,X1321WVS-2X04J-C40D53,Sheet_1,7,7,EN1,EN1
H8,X1321WVS-2X04J-C40D53,Sheet_1,2,2,+5V,+5V
