timestamp_ms,wall_time,voltage_MQ8,voltage_MQ135,voltage_MQ3,voltage_MQ5,voltage_MQ4,voltage_MQ7,voltage_MQ6,voltage_MQ2
758409,2026-07-15T07:14:11.440820+00:00,0.005237363,0.014798527,0.005229337,0.01346762,0.006601232,0.000410853,0.003667009,0.002115486
758409,2026-07-15T07:14:11.440820+00:00,0.005237363,0.014798527,0.005229337,0.01346762,0.006601232,0.000410853,0.003667009,0.002115486
759413,2026-07-15T07:14:12.444125+00:00,0.005802858,0.014923635,0.005185508,0.013546174,0.006658784,-0.000372776,0.00326569,0.002375341
759413,2026-07-15T07:14:12.444125+00:00,0.005802858,0.014923635,0.005185508,0.013546174,0.006658784,-0.000372776,0.00326569,0.002375341
760416,2026-07-15T07:14:13.448285+00:00,0.004915397,0.014763837,0.00552866,0.013586439,0.006960648,-0.000643188,0.002672217,0.002491239
760416,2026-07-15T07:14:13.448285+00:00,0.004915397,0.014763837,0.00552866,0.013586439,0.006960648,-0.000643188,0.002672217,0.002491239
761417,2026-07-15T07:14:14.450350+00:00,0.005931544,0.014612089,0.005660578,0.012852104,0.006699366,-0.000872592,0.002660718,0.002443207
761417,2026-07-15T07:14:14.450350+00:00,0.005931544,0.014612089,0.005660578,0.012852104,0.006699366,-0.000872592,0.002660718,0.002443207
762420,2026-07-15T07:14:15.465259+00:00,0.005783888,0.015231581,0.005327337,0.012575282,0.007270729,-0.000690662,0.002376915,0.002520619
762420,2026-07-15T07:14:15.466255+00:00,0.005783888,0.015231581,0.005327337,0.012575282,0.007270729,-0.000690662,0.002376915,0.002520619
763422,2026-07-15T07:14:16.456683+00:00,0.005990359,0.014933312,0.005603342,0.012979398,0.006936683,5.8499e-05,0.002559261,0.001931342
763422,2026-07-15T07:14:16.456683+00:00,0.005990359,0.014933312,0.005603342,0.012979398,0.006936683,5.8499e-05,0.002559261,0.001931342
764427,2026-07-15T07:14:17.460428+00:00,0.005301639,0.014872012,0.005898565,0.013281231,0.007648299,0.000625874,0.002339256,0.001700527
764427,2026-07-15T07:14:17.460428+00:00,0.005301639,0.014872012,0.005898565,0.013281231,0.007648299,0.000625874,0.002339256,0.001700527
765443,2026-07-15T07:14:18.477866+00:00,0.00601315,0.014836526,0.005765443,0.013227457,0.007472925,-0.000155562,0.002710198,0.001375776
765443,2026-07-15T07:14:18.477866+00:00,0.00601315,0.014836526,0.005765443,0.013227457,0.007472925,-0.000155562,0.002710198,0.001375776
766450,2026-07-15T07:14:19.483201+00:00,0.005518862,0.014735323,0.005732933,0.013965768,0.007525993,0.000287888,0.002182572,0.000852489
766450,2026-07-15T07:14:19.483201+00:00,0.005518862,0.014735323,0.005732933,0.013965768,0.007525993,0.000287888,0.002182572,0.000852489
767454,2026-07-15T07:14:20.484228+00:00,0.005455351,0.014166866,0.006052971,0.014350535,0.007362198,0.000760354,0.002412781,0.000770073
767454,2026-07-15T07:14:20.484228+00:00,0.005455351,0.014166866,0.006052971,0.014350535,0.007362198,0.000760354,0.002412781,0.000770073
768469,2026-07-15T07:14:21.513115+00:00,0.006048809,0.014226312,0.0060683,0.014707369,0.007768782,0.000681145,0.002358794,0.000915745
768469,2026-07-15T07:14:21.513115+00:00,0.006048809,0.014226312,0.0060683,0.014707369,0.007768782,0.000681145,0.002358794,0.000915745
769471,2026-07-15T07:14:22.502753+00:00,0.005836138,0.013833615,0.006334893,0.014335448,0.007242949,0.00104592,0.002359472,0.000505341
769471,2026-07-15T07:14:22.502753+00:00,0.005836138,0.013833615,0.006334893,0.014335448,0.007242949,0.00104592,0.002359472,0.000505341
770486,2026-07-15T07:14:23.517746+00:00,0.006311486,0.013936462,0.005658252,0.014231326,0.007379345,0.000770545,0.00281211,0.000166703
770486,2026-07-15T07:14:23.517746+00:00,0.006311486,0.013936462,0.005658252,0.014231326,0.007379345,0.000770545,0.00281211,0.000166703
771489,2026-07-15T07:14:24.521958+00:00,0.006312191,0.013740296,0.006145766,0.014499712,0.007544773,0.001543148,0.003442029,0.00026607
771489,2026-07-15T07:14:24.521958+00:00,0.006312191,0.013740296,0.006145766,0.014499712,0.007544773,0.001543148,0.003442029,0.00026607
772493,2026-07-15T07:14:25.528111+00:00,0.006391427,0.013236849,0.006267863,0.014476729,0.006819522,0.001445915,0.004333422,0.000431521
772493,2026-07-15T07:14:25.528111+00:00,0.006391427,0.013236849,0.006267863,0.014476729,0.006819522,0.001445915,0.004333422,0.000431521
773497,2026-07-15T07:14:26.531209+00:00,0.006447083,0.013300536,0.006057803,0.014210254,0.00660072,0.001192862,0.004781602,0.001034521
773497,2026-07-15T07:14:26.531209+00:00,0.006447083,0.013300536,0.006057803,0.014210254,0.00660072,0.001192862,0.004781602,0.001034521
774501,2026-07-15T07:14:27.534149+00:00,0.006318183,0.013985917,0.006291681,0.013276381,0.006060916,0.001184611,0.004502341,0.000999767
774501,2026-07-15T07:14:27.534149+00:00,0.006318183,0.013985917,0.006291681,0.013276381,0.006060916,0.001184611,0.004502341,0.000999767
775506,2026-07-15T07:14:28.540588+00:00,0.0063473,0.013739996,0.006096074,0.0130725,0.006329963,0.001135488,0.003945941,0.000750811
775506,2026-07-15T07:14:28.540588+00:00,0.0063473,0.013739996,0.006096074,0.0130725,0.006329963,0.001135488,0.003945941,0.000750811
776512,2026-07-15T07:14:29.546697+00:00,0.006481702,0.013886367,0.00610144,0.012777647,0.007176989,0.001081303,0.003884877,0.001112529
776512,2026-07-15T07:14:29.547700+00:00,0.006481702,0.013886367,0.00610144,0.012777647,0.007176989,0.001081303,0.003884877,0.001112529
777517,2026-07-15T07:14:30.549115+00:00,0.006526993,0.01445539,0.005191508,0.012011828,0.007294194,0.000457963,0.003434073,0.000716075
777517,2026-07-15T07:14:30.549115+00:00,0.006526993,0.01445539,0.005191508,0.012011828,0.007294194,0.000457963,0.003434073,0.000716075
778524,2026-07-15T07:14:31.556164+00:00,0.006456961,0.014360326,0.004783303,0.011705525,0.006932932,0.001129739,0.003069423,0.000647987
778524,2026-07-15T07:14:31.556164+00:00,0.006456961,0.014360326,0.004783303,0.011705525,0.006932932,0.001129739,0.003069423,0.000647987
779525,2026-07-15T07:14:32.558445+00:00,0.006649007,0.014535095,0.005383845,0.011788243,0.006784098,0.001712414,0.003151987,0.000560456
779525,2026-07-15T07:14:32.558445+00:00,0.006649007,0.014535095,0.005383845,0.011788243,0.006784098,0.001712414,0.003151987,0.000560456
780529,2026-07-15T07:14:33.561456+00:00,0.007028542,0.014708211,0.00540265,0.01206591,0.006332236,0.002271084,0.003335663,0.000918493
780529,2026-07-15T07:14:33.562507+00:00,0.007028542,0.014708211,0.00540265,0.01206591,0.006332236,0.002271084,0.003335663,0.000918493
781532,2026-07-15T07:14:34.566890+00:00,0.006963355,0.014903541,0.005341995,0.012376436,0.006502295,0.001413584,0.003176214,0.001004528
781532,2026-07-15T07:14:34.566890+00:00,0.006963355,0.014903541,0.005341995,0.012376436,0.006502295,0.001413584,0.003176214,0.001004528
782541,2026-07-15T07:14:35.573869+00:00,0.006872053,0.01545423,0.00506188,0.012910733,0.006406279,0.00222337,0.002409718,0.00101014
782541,2026-07-15T07:14:35.574385+00:00,0.006872053,0.01545423,0.00506188,0.012910733,0.006406279,0.00222337,0.002409718,0.00101014
783546,2026-07-15T07:14:36.580297+00:00,0.005940104,0.015915697,0.005003837,0.012373407,0.006871336,0.002252348,0.001752783,0.001094468
783546,2026-07-15T07:14:36.580297+00:00,0.005940104,0.015915697,0.005003837,0.012373407,0.006871336,0.002252348,0.001752783,0.001094468
784561,2026-07-15T07:14:37.595218+00:00,0.0060929,0.015837848,0.004466767,0.012814107,0.006720371,0.001733188,0.00222102,0.001630809
784561,2026-07-15T07:14:37.595218+00:00,0.0060929,0.015837848,0.004466767,0.012814107,0.006720371,0.001733188,0.00222102,0.001630809
785565,2026-07-15T07:14:38.598381+00:00,0.005506833,0.016075237,0.004367745,0.01288224,0.007248028,0.002369534,0.002842842,0.002277686
785565,2026-07-15T07:14:38.598381+00:00,0.005506833,0.016075237,0.004367745,0.01288224,0.007248028,0.002369534,0.002842842,0.002277686
786580,2026-07-15T07:14:39.614764+00:00,0.005479825,0.015653091,0.0043814,0.013335747,0.006307172,0.003130396,0.003041933,0.002125559
786580,2026-07-15T07:14:39.614764+00:00,0.005479825,0.015653091,0.0043814,0.013335747,0.006307172,0.003130396,0.003041933,0.002125559
787594,2026-07-15T07:14:40.626519+00:00,0.005809988,0.015490321,0.004664721,0.01421768,0.006434525,0.003334916,0.003024303,0.002532147
787594,2026-07-15T07:14:40.626519+00:00,0.005809988,0.015490321,0.004664721,0.01421768,0.006434525,0.003334916,0.003024303,0.002532147
788600,2026-07-15T07:14:41.632145+00:00,0.005662589,0.015450252,0.004873479,0.014901412,0.006886579,0.002842472,0.003335809,0.003166859
788600,2026-07-15T07:14:41.632145+00:00,0.005662589,0.015450252,0.004873479,0.014901412,0.006886579,0.002842472,0.003335809,0.003166859
789603,2026-07-15T07:14:42.635576+00:00,0.005576876,0.015455606,0.004555458,0.014937526,0.00683846,0.00203534,0.003515892,0.003637425
789603,2026-07-15T07:14:42.635576+00:00,0.005576876,0.015455606,0.004555458,0.014937526,0.00683846,0.00203534,0.003515892,0.003637425
790606,2026-07-15T07:14:43.637414+00:00,0.004778968,0.015378672,0.005090742,0.014860643,0.007628569,0.00116783,0.003170541,0.003440623
790606,2026-07-15T07:14:43.637414+00:00,0.004778968,0.015378672,0.005090742,0.014860643,0.007628569,0.00116783,0.003170541,0.003440623
791622,2026-07-15T07:14:44.656236+00:00,0.004038033,0.015521091,0.00451816,0.015113452,0.007361556,0.001535724,0.002997001,0.003352097
791622,2026-07-15T07:14:44.656236+00:00,0.004038033,0.015521091,0.00451816,0.015113452,0.007361556,0.001535724,0.002997001,0.003352097
792630,2026-07-15T07:14:45.667538+00:00,0.004055517,0.014890499,0.004770723,0.014035687,0.007855182,0.001160742,0.003525913,0.002970736
792630,2026-07-15T07:14:45.667538+00:00,0.004055517,0.014890499,0.004770723,0.014035687,0.007855182,0.001160742,0.003525913,0.002970736
793641,2026-07-15T07:14:46.672830+00:00,0.004969822,0.01435208,0.005134481,0.01470443,0.007191029,0.000722933,0.003681098,0.002806131
793641,2026-07-15T07:14:46.672830+00:00,0.004969822,0.01435208,0.005134481,0.01470443,0.007191029,0.000722933,0.003681098,0.002806131
794657,2026-07-15T07:14:47.690205+00:00,0.004751672,0.013935399,0.005437392,0.01467103,0.007274094,0.000947631,0.00313268,0.002839164
794657,2026-07-15T07:14:47.690205+00:00,0.004751672,0.013935399,0.005437392,0.01467103,0.007274094,0.000947631,0.00313268,0.002839164
795658,2026-07-15T07:14:48.692062+00:00,0.004501793,0.013802661,0.005860379,0.014861191,0.00654781,0.000956287,0.002752891,0.0021301
795658,2026-07-15T07:14:48.692062+00:00,0.004501793,0.013802661,0.005860379,0.014861191,0.00654781,0.000956287,0.002752891,0.0021301
796672,2026-07-15T07:14:49.704942+00:00,0.004408288,0.014369197,0.006458847,0.014972801,0.006866842,0.000194429,0.002467432,0.00194793
796672,2026-07-15T07:14:49.704942+00:00,0.004408288,0.014369197,0.006458847,0.014972801,0.006866842,0.000194429,0.002467432,0.00194793
797688,2026-07-15T07:14:50.723255+00:00,0.00410884,0.014258472,0.006393881,0.014101239,0.006722296,0.000323674,0.002852221,0.00161413
797688,2026-07-15T07:14:50.723255+00:00,0.00410884,0.014258472,0.006393881,0.014101239,0.006722296,0.000323674,0.002852221,0.00161413
798691,2026-07-15T07:14:51.735953+00:00,0.00356137,0.014280279,0.006971687,0.013012724,0.006730225,0.00094071,0.003057397,0.001034873
798691,2026-07-15T07:14:51.735953+00:00,0.00356137,0.014280279,0.006971687,0.013012724,0.006730225,0.00094071,0.003057397,0.001034873
799703,2026-07-15T07:14:52.734204+00:00,0.002722814,0.014046684,0.006727741,0.013310102,0.007327551,0.001343967,0.003201904,0.000697895
799703,2026-07-15T07:14:52.734204+00:00,0.002722814,0.014046684,0.006727741,0.013310102,0.007327551,0.001343967,0.003201904,0.000697895
800717,2026-07-15T07:14:53.749678+00:00,0.002743341,0.013927342,0.006166373,0.013049138,0.00682676,0.001479241,0.003489505,0.000896098
800717,2026-07-15T07:14:53.749678+00:00,0.002743341,0.013927342,0.006166373,0.013049138,0.00682676,0.001479241,0.003489505,0.000896098
801719,2026-07-15T07:14:54.751511+00:00,0.002969725,0.013964282,0.006729104,0.01259364,0.006493574,0.001171273,0.003394581,0.001405725
801719,2026-07-15T07:14:54.751511+00:00,0.002969725,0.013964282,0.006729104,0.01259364,0.006493574,0.001171273,0.003394581,0.001405725
802732,2026-07-15T07:14:55.763789+00:00,0.003427862,0.013955131,0.006461172,0.012599622,0.006190635,0.001497569,0.002971021,0.001671541
802732,2026-07-15T07:14:55.763789+00:00,0.003427862,0.013955131,0.006461172,0.012599622,0.006190635,0.001497569,0.002971021,0.001671541
803746,2026-07-15T07:14:56.778086+00:00,0.003043059,0.014345227,0.006091546,0.012861167,0.006211854,0.002419792,0.003172083,0.001516349
803746,2026-07-15T07:14:56.778584+00:00,0.003043059,0.014345227,0.006091546,0.012861167,0.006211854,0.002419792,0.003172083,0.001516349
804748,2026-07-15T07:14:57.780353+00:00,0.003540277,0.014778261,0.006147382,0.013055431,0.006625277,0.002824863,0.003081219,0.000991169
804748,2026-07-15T07:14:57.780353+00:00,0.003540277,0.014778261,0.006147382,0.013055431,0.006625277,0.002824863,0.003081219,0.000991169
805764,2026-07-15T07:14:58.808757+00:00,0.003583894,0.014748752,0.00567435,0.013313979,0.006967873,0.002826221,0.002899093,0.000993868
805764,2026-07-15T07:14:58.809763+00:00,0.003583894,0.014748752,0.00567435,0.013313979,0.006967873,0.002826221,0.002899093,0.000993868
806773,2026-07-15T07:14:59.808301+00:00,0.003918172,0.014428703,0.005051945,0.012594087,0.006492644,0.003267487,0.002962836,0.001501961
806773,2026-07-15T07:14:59.808301+00:00,0.003918172,0.014428703,0.005051945,0.012594087,0.006492644,0.003267487,0.002962836,0.001501961
807787,2026-07-15T07:15:00.818381+00:00,0.003738677,0.014134225,0.004886043,0.01245275,0.006789638,0.00324268,0.002988479,0.001437538
807787,2026-07-15T07:15:00.818381+00:00,0.003738677,0.014134225,0.004886043,0.01245275,0.006789638,0.00324268,0.002988479,0.001437538
808802,2026-07-15T07:15:01.842987+00:00,0.004618605,0.014196767,0.00409307,0.012369058,0.007177436,0.002699362,0.002509452,0.001522621
808802,2026-07-15T07:15:01.842987+00:00,0.004618605,0.014196767,0.00409307,0.012369058,0.007177436,0.002699362,0.002509452,0.001522621
809808,2026-07-15T07:15:02.847996+00:00,0.005192843,0.014670308,0.004097489,0.011952918,0.007142977,0.003147955,0.002675683,0.00169693
809808,2026-07-15T07:15:02.847996+00:00,0.005192843,0.014670308,0.004097489,0.011952918,0.007142977,0.003147955,0.002675683,0.00169693
810813,2026-07-15T07:15:03.852526+00:00,0.005573445,0.01497402,0.004736256,0.01223431,0.007711125,0.003710891,0.002585473,0.001690987
810813,2026-07-15T07:15:03.852526+00:00,0.005573445,0.01497402,0.004736256,0.01223431,0.007711125,0.003710891,0.002585473,0.001690987
811814,2026-07-15T07:15:04.849654+00:00,0.005231095,0.0149243,0.004166936,0.01208579,0.008376547,0.004490239,0.002235936,0.00177575
811814,2026-07-15T07:15:04.849654+00:00,0.005231095,0.0149243,0.004166936,0.01208579,0.008376547,0.004490239,0.002235936,0.00177575
812828,2026-07-15T07:15:05.864211+00:00,0.005208292,0.015527057,0.004802963,0.012504269,0.008159598,0.004025132,0.002121242,0.001513136
812828,2026-07-15T07:15:05.864211+00:00,0.005208292,0.015527057,0.004802963,0.012504269,0.008159598,0.004025132,0.002121242,0.001513136
813830,2026-07-15T07:15:06.872211+00:00,0.004738086,0.01514045,0.005637256,0.011593042,0.008881809,0.003778172,0.002218799,0.0011711
813830,2026-07-15T07:15:06.872211+00:00,0.004738086,0.01514045,0.005637256,0.011593042,0.008881809,0.003778172,0.002218799,0.0011711
814837,2026-07-15T07:15:07.879209+00:00,0.00510818,0.014592622,0.005534879,0.011516987,0.009004579,0.003695215,0.002888332,0.001334514
814837,2026-07-15T07:15:07.879209+00:00,0.00510818,0.014592622,0.005534879,0.011516987,0.009004579,0.003695215,0.002888332,0.001334514
815841,2026-07-15T07:15:08.882208+00:00,0.005546285,0.014507972,0.005544232,0.010608712,0.00890498,0.003551326,0.003097139,0.001378943
815841,2026-07-15T07:15:08.882208+00:00,0.005546285,0.014507972,0.005544232,0.010608712,0.00890498,0.003551326,0.003097139,0.001378943
816848,2026-07-15T07:15:09.890208+00:00,0.005041773,0.014383945,0.006162898,0.011172429,0.009657992,0.002780723,0.003179899,0.001349588
816848,2026-07-15T07:15:09.890208+00:00,0.005041773,0.014383945,0.006162898,0.011172429,0.009657992,0.002780723,0.003179899,0.001349588
817854,2026-07-15T07:15:10.895208+00:00,0.005797222,0.014890356,0.006264193,0.01172003,0.008924579,0.002842246,0.00307884,0.001383503
817854,2026-07-15T07:15:10.895208+00:00,0.005797222,0.014890356,0.006264193,0.01172003,0.008924579,0.002842246,0.00307884,0.001383503
818854,2026-07-15T07:15:11.892215+00:00,0.004949036,0.014823345,0.006940273,0.011986209,0.008725663,0.002688872,0.002788299,0.001841719
818854,2026-07-15T07:15:11.892215+00:00,0.004949036,0.014823345,0.006940273,0.011986209,0.008725663,0.002688872,0.002788299,0.001841719
819858,2026-07-15T07:15:12.900209+00:00,0.005211912,0.014607659,0.006628239,0.011687318,0.008358235,0.002024218,0.002285265,0.002066843
819858,2026-07-15T07:15:12.900209+00:00,0.005211912,0.014607659,0.006628239,0.011687318,0.008358235,0.002024218,0.002285265,0.002066843
820862,2026-07-15T07:15:13.903285+00:00,0.005541938,0.014920932,0.006536093,0.011896126,0.007752873,0.002193243,0.001885297,0.00212257
820862,2026-07-15T07:15:13.903285+00:00,0.005541938,0.014920932,0.006536093,0.011896126,0.007752873,0.002193243,0.001885297,0.00212257
821863,2026-07-15T07:15:14.898585+00:00,0.005621073,0.014906744,0.006540976,0.012474625,0.007361982,0.001446318,0.002199854,0.002016365
821863,2026-07-15T07:15:14.898585+00:00,0.005621073,0.014906744,0.006540976,0.012474625,0.007361982,0.001446318,0.002199854,0.002016365
822875,2026-07-15T07:15:15.911204+00:00,0.005399612,0.014516754,0.00661049,0.011891052,0.007710487,0.002141,0.002198644,0.002321302
822875,2026-07-15T07:15:15.911204+00:00,0.005399612,0.014516754,0.00661049,0.011891052,0.007710487,0.002141,0.002198644,0.002321302
823883,2026-07-15T07:15:16.918203+00:00,0.005291974,0.014981356,0.005766483,0.012916888,0.007661968,0.002255942,0.001624175,0.002434324
823883,2026-07-15T07:15:16.918203+00:00,0.005291974,0.014981356,0.005766483,0.012916888,0.007661968,0.002255942,0.001624175,0.002434324
824891,2026-07-15T07:15:17.931039+00:00,0.005393507,0.014945042,0.005500841,0.013003103,0.007253575,0.002351055,0.000899458,0.002389091
824891,2026-07-15T07:15:17.931039+00:00,0.005393507,0.014945042,0.005500841,0.013003103,0.007253575,0.002351055,0.000899458,0.002389091
825897,2026-07-15T07:15:18.931478+00:00,0.005665104,0.015560487,0.005497951,0.01281545,0.007342914,0.001975749,0.001255398,0.002416293
825897,2026-07-15T07:15:18.931478+00:00,0.005665104,0.015560487,0.005497951,0.01281545,0.007342914,0.001975749,0.001255398,0.002416293
826906,2026-07-15T07:15:19.947263+00:00,0.006234615,0.015741764,0.004878714,0.011971906,0.006649978,0.002106248,0.001630194,0.002488262
826906,2026-07-15T07:15:19.947263+00:00,0.006234615,0.015741764,0.004878714,0.011971906,0.006649978,0.002106248,0.001630194,0.002488262
827922,2026-07-15T07:15:20.959306+00:00,0.005473325,0.015616079,0.004787402,0.011513071,0.00746555,0.001925507,0.001376906,0.003023769
827922,2026-07-15T07:15:20.959306+00:00,0.005473325,0.015616079,0.004787402,0.011513071,0.00746555,0.001925507,0.001376906,0.003023769
828929,2026-07-15T07:15:21.968350+00:00,0.006174026,0.016232541,0.004086162,0.011378007,0.007486691,0.002709856,0.001991039,0.002946908
828929,2026-07-15T07:15:21.969352+00:00,0.006174026,0.016232541,0.004086162,0.011378007,0.007486691,0.002709856,0.001991039,0.002946908
829936,2026-07-15T07:15:22.970758+00:00,0.005437226,0.016110359,0.004084791,0.011411036,0.007838336,0.00331032,0.001850786,0.002515801
829936,2026-07-15T07:15:22.970758+00:00,0.005437226,0.016110359,0.004084791,0.011411036,0.007838336,0.00331032,0.001850786,0.002515801
830943,2026-07-15T07:15:23.979562+00:00,0.004844873,0.015654635,0.003649681,0.011078014,0.008259683,0.00336107,0.001824388,0.002025063
830943,2026-07-15T07:15:23.979562+00:00,0.004844873,0.015654635,0.003649681,0.011078014,0.008259683,0.00336107,0.001824388,0.002025063
831952,2026-07-15T07:15:24.986423+00:00,0.005509031,0.015097561,0.004418748,0.011001004,0.007933473,0.003504668,0.002180642,0.002273261
831952,2026-07-15T07:15:24.986423+00:00,0.005509031,0.015097561,0.004418748,0.011001004,0.007933473,0.003504668,0.002180642,0.002273261
832964,2026-07-15T07:15:26.002118+00:00,0.005201898,0.014982937,0.003764116,0.011681806,0.007823102,0.003210894,0.002049101,0.001929214
832964,2026-07-15T07:15:26.002118+00:00,0.005201898,0.014982937,0.003764116,0.011681806,0.007823102,0.003210894,0.002049101,0.001929214
833974,2026-07-15T07:15:27.012747+00:00,0.00610274,0.014968899,0.003771047,0.011234291,0.007342854,0.002423547,0.002174979,0.002496138
833974,2026-07-15T07:15:27.012747+00:00,0.00610274,0.014968899,0.003771047,0.011234291,0.007342854,0.002423547,0.002174979,0.002496138
834986,2026-07-15T07:15:28.022505+00:00,0.005772979,0.015475111,0.003910617,0.010985011,0.007645986,0.001949546,0.002304119,0.002410013
834986,2026-07-15T07:15:28.022505+00:00,0.005772979,0.015475111,0.003910617,0.010985011,0.007645986,0.001949546,0.002304119,0.002410013
835997,2026-07-15T07:15:29.036315+00:00,0.005554853,0.015319948,0.00461449,0.011395102,0.007052789,0.002229218,0.00245551,0.002600587
835997,2026-07-15T07:15:29.036315+00:00,0.005554853,0.015319948,0.00461449,0.011395102,0.007052789,0.002229218,0.00245551,0.002600587
837009,2026-07-15T07:15:30.047412+00:00,0.005618911,0.015590479,0.004660317,0.011620066,0.007709435,0.002434996,0.002007867,0.002765068
837009,2026-07-15T07:15:30.047412+00:00,0.005618911,0.015590479,0.004660317,0.011620066,0.007709435,0.002434996,0.002007867,0.002765068
838020,2026-07-15T07:15:31.059115+00:00,0.006342034,0.015587653,0.005288005,0.012343004,0.007141517,0.002559658,0.001727478,0.002935064
838020,2026-07-15T07:15:31.059115+00:00,0.006342034,0.015587653,0.005288005,0.012343004,0.007141517,0.002559658,0.001727478,0.002935064
839023,2026-07-15T07:15:32.060862+00:00,0.006705561,0.015600255,0.00561689,0.012576337,0.007289021,0.002631855,0.001732562,0.002692646
839023,2026-07-15T07:15:32.060862+00:00,0.006705561,0.015600255,0.00561689,0.012576337,0.007289021,0.002631855,0.001732562,0.002692646
840030,2026-07-15T07:15:33.065872+00:00,0.006570351,0.015392371,0.005730506,0.013030559,0.007531312,0.002680537,0.002116703,0.003221356
840030,2026-07-15T07:15:33.065872+00:00,0.006570351,0.015392371,0.005730506,0.013030559,0.007531312,0.002680537,0.002116703,0.003221356
841035,2026-07-15T07:15:34.074104+00:00,0.006545263,0.015639003,0.005599999,0.012969119,0.007680444,0.002569089,0.00258288,0.00382151
841035,2026-07-15T07:15:34.074104+00:00,0.006545263,0.015639003,0.005599999,0.012969119,0.007680444,0.002569089,0.00258288,0.00382151
842046,2026-07-15T07:15:35.078518+00:00,0.006616727,0.01610342,0.005527587,0.012805795,0.007622811,0.002386508,0.001995069,0.003278124
842046,2026-07-15T07:15:35.079527+00:00,0.006616727,0.01610342,0.005527587,0.012805795,0.007622811,0.002386508,0.001995069,0.003278124
843048,2026-07-15T07:15:36.095246+00:00,0.006706779,0.016555656,0.006064671,0.012086911,0.007056902,0.001889815,0.00175591,0.003707904
843048,2026-07-15T07:15:36.095246+00:00,0.006706779,0.016555656,0.006064671,0.012086911,0.007056902,0.001889815,0.00175591,0.003707904
844063,2026-07-15T07:15:37.097469+00:00,0.005984542,0.016487148,0.006095213,0.011990287,0.006844764,0.002059418,0.001718978,0.003471962
844063,2026-07-15T07:15:37.097469+00:00,0.005984542,0.016487148,0.006095213,0.011990287,0.006844764,0.002059418,0.001718978,0.003471962
845065,2026-07-15T07:15:38.097253+00:00,0.006127327,0.016431946,0.005950911,0.011303114,0.006542402,0.00185328,0.001817177,0.003263739
845065,2026-07-15T07:15:38.097253+00:00,0.006127327,0.016431946,0.005950911,0.011303114,0.006542402,0.00185328,0.001817177,0.003263739
846080,2026-07-15T07:15:39.114980+00:00,0.005487415,0.016010938,0.005341394,0.011380637,0.006747896,0.001520323,0.000730417,0.002896104
846080,2026-07-15T07:15:39.114980+00:00,0.005487415,0.016010938,0.005341394,0.011380637,0.006747896,0.001520323,0.000730417,0.002896104
847082,2026-07-15T07:15:40.116988+00:00,0.004568462,0.015883045,0.006104809,0.011128909,0.006694155,0.001878694,0.000773571,0.002604051
847082,2026-07-15T07:15:40.116988+00:00,0.004568462,0.015883045,0.006104809,0.011128909,0.006694155,0.001878694,0.000773571,0.002604051
848083,2026-07-15T07:15:41.118811+00:00,0.004549648,0.015593633,0.005718698,0.010772343,0.006771089,0.00173737,0.001243206,0.001580206
848083,2026-07-15T07:15:41.118811+00:00,0.004549648,0.015593633,0.005718698,0.010772343,0.006771089,0.00173737,0.001243206,0.001580206
849084,2026-07-15T07:15:42.118654+00:00,0.004258167,0.015257744,0.006199588,0.010692899,0.006572993,0.000729966,0.000565841,0.00103769
849084,2026-07-15T07:15:42.118654+00:00,0.004258167,0.015257744,0.006199588,0.010692899,0.006572993,0.000729966,0.000565841,0.00103769
850099,2026-07-15T07:15:43.146231+00:00,0.004688857,0.015068987,0.006859364,0.010788582,0.00625852,-0.000250691,0.000204201,0.000666761
850099,2026-07-15T07:15:43.146231+00:00,0.004688857,0.015068987,0.006859364,0.010788582,0.00625852,-0.000250691,0.000204201,0.000666761
851101,2026-07-15T07:15:44.149470+00:00,0.004404398,0.014624389,0.007689991,0.011138986,0.00534531,-0.000890221,-0.000563385,-9.9905e-05
851101,2026-07-15T07:15:44.149470+00:00,0.004404398,0.014624389,0.007689991,0.011138986,0.00534531,-0.000890221,-0.000563385,-9.9905e-05
852104,2026-07-15T07:15:45.139881+00:00,0.00339738,0.014565984,0.007021272,0.01047345,0.00616324,-0.000927255,-0.000233172,-0.000386223
852104,2026-07-15T07:15:45.140908+00:00,0.00339738,0.014565984,0.007021272,0.01047345,0.00616324,-0.000927255,-0.000233172,-0.000386223
853107,2026-07-15T07:15:46.154334+00:00,0.003468217,0.013925737,0.006771403,0.01088635,0.006677417,-0.000447678,0.000354629,-0.00113117
853107,2026-07-15T07:15:46.154334+00:00,0.003468217,0.013925737,0.006771403,0.01088635,0.006677417,-0.000447678,0.000354629,-0.00113117
854109,2026-07-15T07:15:47.143011+00:00,0.003315493,0.01398893,0.006742897,0.011148847,0.00732234,2.4663e-05,0.000282042,-0.001109743
854109,2026-07-15T07:15:47.143011+00:00,0.003315493,0.01398893,0.006742897,0.011148847,0.00732234,2.4663e-05,0.000282042,-0.001109743
855110,2026-07-15T07:15:48.143716+00:00,0.003429831,0.013817864,0.007004908,0.012177053,0.007206584,0.000263705,0.000644044,-0.000666825
855110,2026-07-15T07:15:48.143716+00:00,0.003429831,0.013817864,0.007004908,0.012177053,0.007206584,0.000263705,0.000644044,-0.000666825
856124,2026-07-15T07:15:49.161609+00:00,0.004156875,0.013650259,0.007861255,0.011775179,0.007380642,0.00034236,0.001484446,-0.000634421
856124,2026-07-15T07:15:49.161609+00:00,0.004156875,0.013650259,0.007861255,0.011775179,0.007380642,0.00034236,0.001484446,-0.000634421
857128,2026-07-15T07:15:50.165655+00:00,0.004976926,0.013363404,0.007917234,0.011736022,0.007076793,-1.448151352e-06,0.001995052,-0.000677868
857128,2026-07-15T07:15:50.165655+00:00,0.004976926,0.013363404,0.007917234,0.011736022,0.007076793,-1.448151352e-06,0.001995052,-0.000677868
858130,2026-07-15T07:15:51.167828+00:00,0.004908175,0.013834986,0.007647724,0.011169724,0.006648787,-0.0002848,0.001853107,-0.000140657
858130,2026-07-15T07:15:51.168837+00:00,0.004908175,0.013834986,0.007647724,0.011169724,0.006648787,-0.0002848,0.001853107,-0.000140657
859135,2026-07-15T07:15:52.172489+00:00,0.005031428,0.013889572,0.006840515,0.011270486,0.006508461,0.000517453,0.001954094,0.000108603
859135,2026-07-15T07:15:52.172489+00:00,0.005031428,0.013889572,0.006840515,0.011270486,0.006508461,0.000517453,0.001954094,0.000108603
860140,2026-07-15T07:15:53.174719+00:00,0.004874938,0.014207534,0.006075492,0.011093874,0.006253955,0.001081132,0.001595574,-0.000263218
860140,2026-07-15T07:15:53.174719+00:00,0.004874938,0.014207534,0.006075492,0.011093874,0.006253955,0.001081132,0.001595574,-0.000263218
861143,2026-07-15T07:15:54.178564+00:00,0.00549235,0.013268282,0.005339231,0.010074842,0.005757644,0.001241278,0.001835971,-0.00160498
861143,2026-07-15T07:15:54.178564+00:00,0.00549235,0.013268282,0.005339231,0.010074842,0.005757644,0.001241278,0.001835971,-0.00160498
862156,2026-07-15T07:15:55.189440+00:00,0.005488426,0.012768574,0.005948746,0.00920943,0.00478647,0.001901011,0.000795705,-0.002899713
862156,2026-07-15T07:15:55.189440+00:00,0.005488426,0.012768574,0.005948746,0.00920943,0.00478647,0.001901011,0.000795705,-0.002899713
863157,2026-07-15T07:15:56.203219+00:00,0.005235267,0.012817639,0.005906393,0.008702841,0.00431272,0.001783308,3.7946e-05,-0.004141326
863157,2026-07-15T07:15:56.203219+00:00,0.005235267,0.012817639,0.005906393,0.008702841,0.00431272,0.001783308,3.7946e-05,-0.004141326
864169,2026-07-15T07:15:57.217090+00:00,0.005082572,0.011395417,0.005900099,0.007080877,0.002779264,0.001083732,-0.00045504,-0.005624917
864169,2026-07-15T07:15:57.217090+00:00,0.005082572,0.011395417,0.005900099,0.007080877,0.002779264,0.001083732,-0.00045504,-0.005624917
865183,2026-07-15T07:15:58.216894+00:00,0.004049508,0.01016013,0.005648159,0.00599307,0.001732353,0.00110159,-0.00124105,-0.006332005
865183,2026-07-15T07:15:58.216894+00:00,0.004049508,0.01016013,0.005648159,0.00599307,0.001732353,0.00110159,-0.00124105,-0.006332005
866197,2026-07-15T07:15:59.245367+00:00,0.003228449,0.009296169,0.004709865,0.005045588,0.000475394,0.001219941,-0.001887171,-0.007488816
866197,2026-07-15T07:15:59.245367+00:00,0.003228449,0.009296169,0.004709865,0.005045588,0.000475394,0.001219941,-0.001887171,-0.007488816
867212,2026-07-15T07:16:00.245625+00:00,0.002267168,0.008155874,0.003856697,0.004088147,-0.00078462,0.000487312,-0.002590219,-0.008345274
867212,2026-07-15T07:16:00.245625+00:00,0.002267168,0.008155874,0.003856697,0.004088147,-0.00078462,0.000487312,-0.002590219,-0.008345274
868215,2026-07-15T07:16:01.253253+00:00,0.00154113,0.006570649,0.003843353,0.003238352,-0.001437249,0.00014919,-0.002655671,-0.009668963
868215,2026-07-15T07:16:01.253253+00:00,0.00154113,0.006570649,0.003843353,0.003238352,-0.001437249,0.00014919,-0.002655671,-0.009668963
869216,2026-07-15T07:16:02.260245+00:00,0.000539749,0.005220101,0.00408045,0.003166024,-0.002760965,-0.000655792,-0.003109807,-0.010014902
869216,2026-07-15T07:16:02.260245+00:00,0.000539749,0.005220101,0.00408045,0.003166024,-0.002760965,-0.000655792,-0.003109807,-0.010014902
870223,2026-07-15T07:16:03.264595+00:00,0.000166793,0.004073888,0.004059884,0.003017505,-0.003702011,-0.001316329,-0.002925406,-0.01059852
870223,2026-07-15T07:16:03.264595+00:00,0.000166793,0.004073888,0.004059884,0.003017505,-0.003702011,-0.001316329,-0.002925406,-0.01059852
871225,2026-07-15T07:16:04.263505+00:00,-0.000506263,0.004058207,0.00456553,0.00424807,-0.003194807,-0.001467712,-0.002764009,-0.009226204
871225,2026-07-15T07:16:04.263505+00:00,-0.000506263,0.004058207,0.00456553,0.00424807,-0.003194807,-0.001467712,-0.002764009,-0.009226204
872237,2026-07-15T07:16:05.273589+00:00,-0.000566021,0.003201397,0.003934362,0.006111087,-0.002855426,-0.002170405,-0.002048331,-0.008487044
872237,2026-07-15T07:16:05.273589+00:00,-0.000566021,0.003201397,0.003934362,0.006111087,-0.002855426,-0.002170405,-0.002048331,-0.008487044
873245,2026-07-15T07:16:06.281380+00:00,-0.000563915,0.002503421,0.003650825,0.007100966,-0.001848747,-0.002068975,-0.001525871,-0.00747535
873245,2026-07-15T07:16:06.281380+00:00,-0.000563915,0.002503421,0.003650825,0.007100966,-0.001848747,-0.002068975,-0.001525871,-0.00747535
874254,2026-07-15T07:16:07.288224+00:00,-0.000567568,0.00271928,0.004123132,0.009110934,-0.001373222,-0.002093829,-0.001005375,-0.006675863
874254,2026-07-15T07:16:07.288860+00:00,-0.000567568,0.00271928,0.004123132,0.009110934,-0.001373222,-0.002093829,-0.001005375,-0.006675863
875261,2026-07-15T07:16:08.301047+00:00,-0.000577213,0.003683493,0.004152101,0.010457201,-0.000796007,-0.001887398,-0.000408259,-0.006811157
875261,2026-07-15T07:16:08.301047+00:00,-0.000577213,0.003683493,0.004152101,0.010457201,-0.000796007,-0.001887398,-0.000408259,-0.006811157
876272,2026-07-15T07:16:09.306428+00:00,-0.000583828,0.00464153,0.004460958,0.010467988,-0.000647732,-0.002500564,-0.000691429,-0.006929594
876272,2026-07-15T07:16:09.306428+00:00,-0.000583828,0.00464153,0.004460958,0.010467988,-0.000647732,-0.002500564,-0.000691429,-0.006929594
877287,2026-07-15T07:16:10.324644+00:00,-0.000568412,0.004748612,0.004460697,0.011655039,-0.00064235,-0.00250136,-0.001709911,-0.007857979
877287,2026-07-15T07:16:10.324644+00:00,-0.000568412,0.004748612,0.004460697,0.011655039,-0.00064235,-0.00250136,-0.001709911,-0.007857979
878288,2026-07-15T07:16:11.325329+00:00,-0.000573955,0.00486267,0.005196659,0.012278552,-0.000636614,-0.002711949,-0.003092272,-0.008183463
878288,2026-07-15T07:16:11.325329+00:00,-0.000573955,0.00486267,0.005196659,0.012278552,-0.000636614,-0.002711949,-0.003092272,-0.008183463
879293,2026-07-15T07:16:12.333934+00:00,-0.000582262,0.004928192,0.005673029,0.011123036,-0.000659472,-0.003083809,-0.003765238,-0.009204539
879293,2026-07-15T07:16:12.333934+00:00,-0.000582262,0.004928192,0.005673029,0.011123036,-0.000659472,-0.003083809,-0.003765238,-0.009204539
880301,2026-07-15T07:16:13.339249+00:00,-0.000576678,0.005260529,0.005673238,0.009879322,-0.000964206,-0.003298959,-0.004715086,-0.00997383
880301,2026-07-15T07:16:13.339249+00:00,-0.000576678,0.005260529,0.005673238,0.009879322,-0.000964206,-0.003298959,-0.004715086,-0.00997383
881304,2026-07-15T07:16:14.345453+00:00,-0.000598271,0.005270753,0.005078886,0.008041908,-0.001852365,-0.003921103,-0.005942738,-0.011276254
881304,2026-07-15T07:16:14.345453+00:00,-0.000598271,0.005270753,0.005078886,0.008041908,-0.001852365,-0.003921103,-0.005942738,-0.011276254
882315,2026-07-15T07:16:15.351967+00:00,-0.000591802,0.005239922,0.005574588,0.006932407,-0.002866235,-0.004341607,-0.007204062,-0.012037664
882315,2026-07-15T07:16:15.353011+00:00,-0.000591802,0.005239922,0.005574588,0.006932407,-0.002866235,-0.004341607,-0.007204062,-0.012037664
883323,2026-07-15T07:16:16.359926+00:00,-0.000577208,0.005256265,0.005584185,0.005341579,-0.004473856,-0.005452459,-0.007572662,-0.013060672
883323,2026-07-15T07:16:16.360940+00:00,-0.000577208,0.005256265,0.005584185,0.005341579,-0.004473856,-0.005452459,-0.007572662,-0.013060672
884326,2026-07-15T07:16:17.360127+00:00,-0.000565404,0.005041639,0.005117533,0.00439625,-0.004983676,-0.005806847,-0.008548562,-0.014164517
884326,2026-07-15T07:16:17.360127+00:00,-0.000565404,0.005041639,0.005117533,0.00439625,-0.004983676,-0.005806847,-0.008548562,-0.014164517
885336,2026-07-15T07:16:18.373527+00:00,-0.000556529,0.004092683,0.005110332,0.003378548,-0.005576019,-0.006842699,-0.010019499,-0.01504398
885336,2026-07-15T07:16:18.374579+00:00,-0.000556529,0.004092683,0.005110332,0.003378548,-0.005576019,-0.006842699,-0.010019499,-0.01504398
886344,2026-07-15T07:16:19.381282+00:00,-0.000541736,0.003135315,0.004952255,0.004591499,-0.003641098,-0.006155038,-0.008884348,-0.014939986
886344,2026-07-15T07:16:19.381282+00:00,-0.000541736,0.003135315,0.004952255,0.004591499,-0.003641098,-0.006155038,-0.008884348,-0.014939986
887347,2026-07-15T07:16:20.385307+00:00,-0.000536011,0.003154131,0.005206294,0.004605097,-0.001018908,-0.00447897,-0.006577825,-0.014908892
887347,2026-07-15T07:16:20.385307+00:00,-0.000536011,0.003154131,0.005206294,0.004605097,-0.001018908,-0.00447897,-0.006577825,-0.014908892
888351,2026-07-15T07:16:21.386072+00:00,-0.000560659,0.003058004,0.004464578,0.004546075,0.001489821,-0.003027695,-0.0055043,-0.014917721
888351,2026-07-15T07:16:21.386072+00:00,-0.000560659,0.003058004,0.004464578,0.004546075,0.001489821,-0.003027695,-0.0055043,-0.014917721
889352,2026-07-15T07:16:22.390676+00:00,-0.000560124,0.002993654,0.003745077,0.005791101,0.004058358,-0.001160161,-0.003245554,-0.014904979
889352,2026-07-15T07:16:22.390676+00:00,-0.000560124,0.002993654,0.003745077,0.005791101,0.004058358,-0.001160161,-0.003245554,-0.014904979
890357,2026-07-15T07:16:23.394573+00:00,-0.000528983,0.002647123,0.003758159,0.006758093,0.006368216,0.000575441,-0.000678418,-0.014891202
890357,2026-07-15T07:16:23.394573+00:00,-0.000528983,0.002647123,0.003758159,0.006758093,0.006368216,0.000575441,-0.000678418,-0.014891202
891359,2026-07-15T07:16:24.398267+00:00,-0.000517061,0.002628014,0.003753175,0.007616079,0.008520777,0.002531728,0.001661244,-0.014953822
891359,2026-07-15T07:16:24.398267+00:00,-0.000517061,0.002628014,0.003753175,0.007616079,0.008520777,0.002531728,0.001661244,-0.014953822
892366,2026-07-15T07:16:25.402534+00:00,-0.000533376,0.002621652,0.003251569,0.007799595,0.011131071,0.004407555,0.004117307,-0.01492024
892366,2026-07-15T07:16:25.402534+00:00,-0.000533376,0.002621652,0.003251569,0.007799595,0.011131071,0.004407555,0.004117307,-0.01492024
893369,2026-07-15T07:16:26.418117+00:00,-0.000558303,0.002374131,0.003215321,0.00844059,0.013632273,0.006044815,0.005434688,-0.014920843
893369,2026-07-15T07:16:26.418117+00:00,-0.000558303,0.002374131,0.003215321,0.00844059,0.013632273,0.006044815,0.005434688,-0.014920843
894370,2026-07-15T07:16:27.418993+00:00,-0.000572752,0.002352064,0.003207932,0.008045756,0.0157793,0.007519861,0.007626019,-0.014902951
894370,2026-07-15T07:16:27.418993+00:00,-0.000572752,0.002352064,0.003207932,0.008045756,0.0157793,0.007519861,0.007626019,-0.014902951
895371,2026-07-15T07:16:28.406216+00:00,-0.000591509,0.002361565,0.0031972,0.007147827,0.017935988,0.008863501,0.009424977,-0.01487014
895371,2026-07-15T07:16:28.407372+00:00,-0.000591509,0.002361565,0.0031972,0.007147827,0.017935988,0.008863501,0.009424977,-0.01487014
896374,2026-07-15T07:16:29.412020+00:00,-0.000605446,0.002339092,0.003013856,0.006171351,0.017094128,0.009526784,0.010020579,-0.01494657
896374,2026-07-15T07:16:29.413051+00:00,-0.000605446,0.002339092,0.003013856,0.006171351,0.017094128,0.009526784,0.010020579,-0.01494657
897375,2026-07-15T07:16:30.412714+00:00,-0.000616668,0.002204538,0.002757739,0.005482248,0.015689826,0.008704398,0.009645157,-0.014940093
897375,2026-07-15T07:16:30.413686+00:00,-0.000616668,0.002204538,0.002757739,0.005482248,0.015689826,0.008704398,0.009645157,-0.014940093
898378,2026-07-15T07:16:31.415378+00:00,-0.000572807,0.002197749,0.002741343,0.006254841,0.015264365,0.00832137,0.010087898,-0.014923317
898378,2026-07-15T07:16:31.415378+00:00,-0.000572807,0.002197749,0.002741343,0.006254841,0.015264365,0.00832137,0.010087898,-0.014923317
899382,2026-07-15T07:16:32.422670+00:00,-0.000576391,0.002194288,0.002744949,0.005704485,0.014659162,0.007775326,0.009442453,-0.014920162
899382,2026-07-15T07:16:32.422670+00:00,-0.000576391,0.002194288,0.002744949,0.005704485,0.014659162,0.007775326,0.009442453,-0.014920162
900384,2026-07-15T07:16:33.421231+00:00,-0.000612547,0.002205477,0.002723052,0.006118335,0.01366318,0.007480999,0.008388334,-0.014922863
900384,2026-07-15T07:16:33.421231+00:00,-0.000612547,0.002205477,0.002723052,0.006118335,0.01366318,0.007480999,0.008388334,-0.014922863
901385,2026-07-15T07:16:34.420783+00:00,-0.000628656,0.002199303,0.002731512,0.006575984,0.013244554,0.006331457,0.007251031,-0.014895653
901385,2026-07-15T07:16:34.420783+00:00,-0.000628656,0.002199303,0.002731512,0.006575984,0.013244554,0.006331457,0.007251031,-0.014895653
902386,2026-07-15T07:16:35.435813+00:00,-0.000618267,0.002202429,0.002723369,0.007017151,0.011728177,0.005661176,0.006525385,-0.01489087
902386,2026-07-15T07:16:35.435813+00:00,-0.000618267,0.002202429,0.002723369,0.007017151,0.011728177,0.005661176,0.006525385,-0.01489087
903390,2026-07-15T07:16:36.425803+00:00,-0.00060973,0.002228466,0.002724864,0.007043969,0.010643768,0.005251126,0.005926651,-0.014864393
903390,2026-07-15T07:16:36.425803+00:00,-0.00060973,0.002228466,0.002724864,0.007043969,0.010643768,0.005251126,0.005926651,-0.014864393
904391,2026-07-15T07:16:37.427308+00:00,-0.000594154,0.00224253,0.00269295,0.007007812,0.010140587,0.005064753,0.005061081,-0.014868123
904391,2026-07-15T07:16:37.427308+00:00,-0.000594154,0.00224253,0.00269295,0.007007812,0.010140587,0.005064753,0.005061081,-0.014868123
905405,2026-07-15T07:16:38.440275+00:00,-0.000582182,0.002222027,0.002697204,0.0082113,0.009577436,0.004413405,0.004844792,-0.014535907
905405,2026-07-15T07:16:38.440275+00:00,-0.000582182,0.002222027,0.002697204,0.0082113,0.009577436,0.004413405,0.004844792,-0.014535907
906407,2026-07-15T07:16:39.443985+00:00,-0.000576308,0.002230144,0.002688012,0.00939439,0.009063511,0.004376574,0.003622253,-0.012761067
906407,2026-07-15T07:16:39.443985+00:00,-0.000576308,0.002230144,0.002688012,0.00939439,0.009063511,0.004376574,0.003622253,-0.012761067
907409,2026-07-15T07:16:40.449083+00:00,-0.000580107,0.002225607,0.002656354,0.010076562,0.009377192,0.004184741,0.002396116,-0.010637556
907409,2026-07-15T07:16:40.449768+00:00,-0.000580107,0.002225607,0.002656354,0.010076562,0.009377192,0.004184741,0.002396116,-0.010637556
908413,2026-07-15T07:16:41.449175+00:00,-0.000587818,0.002214346,0.002667479,0.009417908,0.008613225,0.003994173,0.002303368,-0.00825847
908413,2026-07-15T07:16:41.449175+00:00,-0.000587818,0.002214346,0.002667479,0.009417908,0.008613225,0.003994173,0.002303368,-0.00825847
909418,2026-07-15T07:16:42.456427+00:00,-0.000589414,0.002218003,0.002654994,0.009666918,0.007663651,0.004187905,0.002306479,-0.005770379
909418,2026-07-15T07:16:42.456427+00:00,-0.000589414,0.002218003,0.002654994,0.009666918,0.007663651,0.004187905,0.002306479,-0.005770379
910421,2026-07-15T07:16:43.459574+00:00,-0.000580554,0.002214155,0.002652522,0.009473843,0.006704634,0.003740903,0.002194655,-0.003076855
910421,2026-07-15T07:16:43.459574+00:00,-0.000580554,0.002214155,0.002652522,0.009473843,0.006704634,0.003740903,0.002194655,-0.003076855
911425,2026-07-15T07:16:44.463002+00:00,-0.0005688,0.002219317,0.002627237,0.009780655,0.006090952,0.004033926,0.002611786,-0.000151718
911425,2026-07-15T07:16:44.463002+00:00,-0.0005688,0.002219317,0.002627237,0.009780655,0.006090952,0.004033926,0.002611786,-0.000151718
912430,2026-07-15T07:16:45.469447+00:00,-0.000557451,0.002228715,0.002622397,0.009863395,0.005922545,0.004195789,0.001913207,0.002816005
912430,2026-07-15T07:16:45.469447+00:00,-0.000557451,0.002228715,0.002622397,0.009863395,0.005922545,0.004195789,0.001913207,0.002816005
913439,2026-07-15T07:16:46.473391+00:00,-0.000564749,0.002217398,0.002624445,0.010082385,0.005899308,0.004009995,0.001644535,0.005862455
913439,2026-07-15T07:16:46.473391+00:00,-0.000564749,0.002217398,0.002624445,0.010082385,0.005899308,0.004009995,0.001644535,0.005862455
914441,2026-07-15T07:16:47.478233+00:00,-0.000560008,0.002212532,0.002641385,0.010554682,0.005213449,0.004108237,0.001681084,0.008893197
914441,2026-07-15T07:16:47.478233+00:00,-0.000560008,0.002212532,0.002641385,0.010554682,0.005213449,0.004108237,0.001681084,0.008893197
915443,2026-07-15T07:16:48.479548+00:00,-0.000547461,0.002200359,0.002626624,0.011078983,0.004922859,0.00451496,0.001493244,0.011663529
915443,2026-07-15T07:16:48.479548+00:00,-0.000547461,0.002200359,0.002626624,0.011078983,0.004922859,0.00451496,0.001493244,0.011663529
916446,2026-07-15T07:16:49.483347+00:00,-0.000550525,0.002193357,0.002626982,0.010916364,0.005007355,0.004870056,0.002055487,0.013076586
916446,2026-07-15T07:16:49.483347+00:00,-0.000550525,0.002193357,0.002626982,0.010916364,0.005007355,0.004870056,0.002055487,0.013076586
917452,2026-07-15T07:16:50.487744+00:00,-0.000543938,0.002186601,0.002614865,0.010660287,0.004740989,0.005412777,0.003074532,0.014041653
917452,2026-07-15T07:16:50.487744+00:00,-0.000543938,0.002186601,0.002614865,0.010660287,0.004740989,0.005412777,0.003074532,0.014041653
918467,2026-07-15T07:16:51.505753+00:00,-0.000553218,0.002185883,0.002589981,0.011737137,0.003622395,0.006256043,0.002637979,0.014817099
918467,2026-07-15T07:16:51.505753+00:00,-0.000553218,0.002185883,0.002589981,0.011737137,0.003622395,0.006256043,0.002637979,0.014817099
919473,2026-07-15T07:16:52.510162+00:00,-0.000550217,0.002158995,0.002576354,0.011861904,0.003748313,0.005827739,0.002255344,0.015505713
919473,2026-07-15T07:16:52.510162+00:00,-0.000550217,0.002158995,0.002576354,0.011861904,0.003748313,0.005827739,0.002255344,0.015505713
920477,2026-07-15T07:16:53.514264+00:00,-0.000558189,0.002189614,0.002570688,0.011987959,0.003759366,0.006458386,0.002377495,0.016029978
920477,2026-07-15T07:16:53.514264+00:00,-0.000558189,0.002189614,0.002570688,0.011987959,0.003759366,0.006458386,0.002377495,0.016029978
921492,2026-07-15T07:16:54.530221+00:00,-0.000559435,0.002793189,0.002568055,0.012132049,0.003597417,0.006680888,0.002438064,0.016347859
921492,2026-07-15T07:16:54.531235+00:00,-0.000559435,0.002793189,0.002568055,0.012132049,0.003597417,0.006680888,0.002438064,0.016347859
922494,2026-07-15T07:16:55.532551+00:00,-0.000578539,0.004211393,0.002565554,0.011704879,0.003939393,0.006405383,0.002568808,0.016621079
922494,2026-07-15T07:16:55.532551+00:00,-0.000578539,0.004211393,0.002565554,0.011704879,0.003939393,0.006405383,0.002568808,0.016621079
923499,2026-07-15T07:16:56.538386+00:00,-0.000550767,0.005900913,0.002568134,0.012368416,0.003932862,0.00625345,0.003091448,0.016682466
923499,2026-07-15T07:16:56.538386+00:00,-0.000550767,0.005900913,0.002568134,0.012368416,0.003932862,0.00625345,0.003091448,0.016682466
924505,2026-07-15T07:16:57.543391+00:00,-0.00055768,0.007728248,0.002556521,0.012249413,0.003500214,0.005951962,0.003137545,0.016852506
924505,2026-07-15T07:16:57.543391+00:00,-0.00055768,0.007728248,0.002556521,0.012249413,0.003500214,0.005951962,0.003137545,0.016852506
925509,2026-07-15T07:16:58.543780+00:00,-0.000542973,0.009835685,0.00255459,0.011817014,0.003194012,0.006529399,0.003406593,0.016943617
925509,2026-07-15T07:16:58.544764+00:00,-0.000542973,0.009835685,0.00255459,0.011817014,0.003194012,0.006529399,0.003406593,0.016943617
926513,2026-07-15T07:16:59.548226+00:00,-0.000540031,0.01211883,0.002548809,0.012573374,0.003785084,0.006175323,0.003063019,0.016953755
926513,2026-07-15T07:16:59.548226+00:00,-0.000540031,0.01211883,0.002548809,0.012573374,0.003785084,0.006175323,0.003063019,0.016953755
927525,2026-07-15T07:17:00.559598+00:00,-0.000545737,0.014566851,0.002571015,0.012909308,0.003152608,0.006507623,0.00326176,0.017063158
927525,2026-07-15T07:17:00.559598+00:00,-0.000545737,0.014566851,0.002571015,0.012909308,0.003152608,0.006507623,0.00326176,0.017063158
928540,2026-07-15T07:17:01.581395+00:00,-0.000544029,0.017210875,0.002568217,0.013306448,0.003666464,0.006316201,0.003909324,0.017129838
928540,2026-07-15T07:17:01.581395+00:00,-0.000544029,0.017210875,0.002568217,0.013306448,0.003666464,0.006316201,0.003909324,0.017129838
929543,2026-07-15T07:17:02.588395+00:00,-0.00055375,0.019853961,0.002548185,0.014039305,0.003782523,0.006868164,0.004595631,0.017137662
929543,2026-07-15T07:17:02.588395+00:00,-0.00055375,0.019853961,0.002548185,0.014039305,0.003782523,0.006868164,0.004595631,0.017137662
930545,2026-07-15T07:17:03.590400+00:00,-0.000552957,0.02252706,0.002546993,0.014428763,0.004501815,0.007133008,0.004506576,0.017152116
930545,2026-07-15T07:17:03.590400+00:00,-0.000552957,0.02252706,0.002546993,0.014428763,0.004501815,0.007133008,0.004506576,0.017152116
931557,2026-07-15T07:17:04.597920+00:00,-0.000581121,0.02472946,0.002554258,0.014592427,0.005062134,0.007012584,0.00433214,0.017152945
931557,2026-07-15T07:17:04.597920+00:00,-0.000581121,0.02472946,0.002554258,0.014592427,0.005062134,0.007012584,0.00433214,0.017152945
932560,2026-07-15T07:17:05.597636+00:00,-0.000572421,0.02617844,0.002552688,0.015160346,0.005175403,0.007460862,0.005177545,0.017179091
932560,2026-07-15T07:17:05.597636+00:00,-0.000572421,0.02617844,0.002552688,0.015160346,0.005175403,0.007460862,0.005177545,0.017179091
933575,2026-07-15T07:17:06.612921+00:00,-0.000615469,0.027431792,0.002544642,0.014824443,0.00518818,0.008271275,0.004995464,0.017251726
933575,2026-07-15T07:17:06.612921+00:00,-0.000615469,0.027431792,0.002544642,0.014824443,0.00518818,0.008271275,0.004995464,0.017251726
934578,2026-07-15T07:17:07.617708+00:00,-0.000624368,0.028572544,0.002556415,0.015279504,0.005319352,0.008703421,0.005346203,0.017249603
934578,2026-07-15T07:17:07.617708+00:00,-0.000624368,0.028572544,0.002556415,0.015279504,0.005319352,0.008703421,0.005346203,0.017249603
935581,2026-07-15T07:17:08.621762+00:00,-0.000663606,0.029355202,0.00252978,0.015981093,0.00515564,0.008659252,0.005651103,0.017239764
935581,2026-07-15T07:17:08.621762+00:00,-0.000663606,0.029355202,0.00252978,0.015981093,0.00515564,0.008659252,0.005651103,0.017239764
936589,2026-07-15T07:17:09.638319+00:00,-0.000671424,0.030075978,0.002535416,0.015862366,0.004496397,0.008446118,0.0055944,0.017266354
936589,2026-07-15T07:17:09.638319+00:00,-0.000671424,0.030075978,0.002535416,0.015862366,0.004496397,0.008446118,0.0055944,0.017266354
937602,2026-07-15T07:17:10.652140+00:00,-0.000673106,0.030563843,0.002524769,0.016445197,0.005325217,0.008232034,0.005198901,0.017255427
937602,2026-07-15T07:17:10.652140+00:00,-0.000673106,0.030563843,0.002524769,0.016445197,0.005325217,0.008232034,0.005198901,0.017255427
938608,2026-07-15T07:17:11.645418+00:00,-0.000679374,0.030930083,0.002553709,0.015517866,0.006060738,0.008178957,0.005506672,0.017232776
938608,2026-07-15T07:17:11.645418+00:00,-0.000679374,0.030930083,0.002553709,0.015517866,0.006060738,0.008178957,0.005506672,0.017232776
939614,2026-07-15T07:17:12.651246+00:00,-0.000667438,0.031283177,0.002573414,0.015013153,0.006177665,0.007929905,0.005476182,0.017244542
939614,2026-07-15T07:17:12.651246+00:00,-0.000667438,0.031283177,0.002573414,0.015013153,0.006177665,0.007929905,0.005476182,0.017244542
940627,2026-07-15T07:17:13.664529+00:00,-0.000681002,0.031636249,0.002558492,0.014514543,0.005731813,0.007805796,0.005663223,0.017182935
940627,2026-07-15T07:17:13.664529+00:00,-0.000681002,0.031636249,0.002558492,0.014514543,0.005731813,0.007805796,0.005663223,0.017182935
941631,2026-07-15T07:17:14.667965+00:00,-0.000661233,0.03179723,0.002548015,0.014085295,0.00494344,0.007825903,0.005624255,0.017038722
941631,2026-07-15T07:17:14.667965+00:00,-0.000661233,0.03179723,0.002548015,0.014085295,0.00494344,0.007825903,0.005624255,0.017038722
942644,2026-07-15T07:17:15.684615+00:00,-0.000678695,0.031943083,0.002573754,0.013775095,0.004366693,0.008227289,0.005235121,0.016929917
942644,2026-07-15T07:17:15.684615+00:00,-0.000678695,0.031943083,0.002573754,0.013775095,0.004366693,0.008227289,0.005235121,0.016929917
943648,2026-07-15T07:17:16.687218+00:00,-0.000659168,0.031987116,0.002573493,0.014254468,0.003946378,0.008256137,0.005260122,0.016804835
943648,2026-07-15T07:17:16.687218+00:00,-0.000659168,0.031987116,0.002573493,0.014254468,0.003946378,0.008256137,0.005260122,0.016804835
944650,2026-07-15T07:17:17.689576+00:00,-0.00063705,0.031976461,0.00257308,0.014436456,0.00477625,0.008468852,0.004797838,0.01670046
944650,2026-07-15T07:17:17.689576+00:00,-0.00063705,0.031976461,0.00257308,0.014436456,0.00477625,0.008468852,0.004797838,0.01670046
945654,2026-07-15T07:17:18.690991+00:00,-0.000624465,0.032034218,0.00258225,0.014388621,0.005172976,0.008779255,0.004313798,0.01654576
945654,2026-07-15T07:17:18.690991+00:00,-0.000624465,0.032034218,0.00258225,0.014388621,0.005172976,0.008779255,0.004313798,0.01654576
946655,2026-07-15T07:17:19.692686+00:00,-0.000605097,0.031907223,0.002611816,0.013573788,0.00574468,0.008683809,0.00464354,0.016383696
946655,2026-07-15T07:17:19.692686+00:00,-0.000605097,0.031907223,0.002611816,0.013573788,0.00574468,0.008683809,0.00464354,0.016383696
947665,2026-07-15T07:17:20.704855+00:00,-0.000618871,0.031804156,0.002598136,0.013556145,0.005010407,0.008813469,0.004829281,0.01623264
947665,2026-07-15T07:17:20.704855+00:00,-0.000618871,0.031804156,0.002598136,0.013556145,0.005010407,0.008813469,0.004829281,0.01623264
948673,2026-07-15T07:17:21.709515+00:00,-0.000622054,0.031657409,0.00258609,0.014222371,0.004894872,0.008847192,0.004384593,0.016045924
948673,2026-07-15T07:17:21.709515+00:00,-0.000622054,0.031657409,0.00258609,0.014222371,0.004894872,0.008847192,0.004384593,0.016045924
949674,2026-07-15T07:17:22.724609+00:00,-0.000626996,0.031556252,0.002587178,0.013982898,0.004471443,0.009040848,0.004291219,0.015848774
949674,2026-07-15T07:17:22.724609+00:00,-0.000626996,0.031556252,0.002587178,0.013982898,0.004471443,0.009040848,0.004291219,0.015848774
950687,2026-07-15T07:17:23.736499+00:00,-0.000613504,0.031385005,0.002600383,0.014129463,0.004516681,0.009124395,0.004701762,0.015668573
950687,2026-07-15T07:17:23.736499+00:00,-0.000613504,0.031385005,0.002600383,0.014129463,0.004516681,0.009124395,0.004701762,0.015668573
951702,2026-07-15T07:17:24.738693+00:00,-0.000611098,0.031248474,0.002628139,0.014578015,0.004322402,0.009464351,0.005084986,0.015638614
951702,2026-07-15T07:17:24.738693+00:00,-0.000611098,0.031248474,0.002628139,0.014578015,0.004322402,0.009464351,0.005084986,0.015638614
952703,2026-07-15T07:17:25.743056+00:00,-0.000603268,0.031138426,0.002618566,0.014850087,0.004371285,0.009255795,0.005057558,0.015564399
952703,2026-07-15T07:17:25.743056+00:00,-0.000603268,0.031138426,0.002618566,0.014850087,0.004371285,0.009255795,0.005057558,0.015564399
953706,2026-07-15T07:17:26.742990+00:00,-0.000602297,0.030950045,0.002624565,0.015115701,0.003951814,0.008966777,0.0051653,0.015535061
953706,2026-07-15T07:17:26.742990+00:00,-0.000602297,0.030950045,0.002624565,0.015115701,0.003951814,0.008966777,0.0051653,0.015535061
954722,2026-07-15T07:17:27.761758+00:00,-0.000638635,0.030796234,0.002629807,0.015042523,0.002959426,0.008726771,0.005012688,0.015417466
954722,2026-07-15T07:17:27.761758+00:00,-0.000638635,0.030796234,0.002629807,0.015042523,0.002959426,0.008726771,0.005012688,0.015417466
955726,2026-07-15T07:17:28.765945+00:00,-0.000626418,0.030728022,0.002639031,0.014163956,0.002840982,0.008448113,0.004903525,0.01531567
955726,2026-07-15T07:17:28.765945+00:00,-0.000626418,0.030728022,0.002639031,0.014163956,0.002840982,0.008448113,0.004903525,0.01531567
956732,2026-07-15T07:17:29.768437+00:00,-0.00064578,0.030600559,0.002626256,0.014199552,0.002110407,0.008649698,0.005122127,0.015212622
956732,2026-07-15T07:17:29.768437+00:00,-0.00064578,0.030600559,0.002626256,0.014199552,0.002110407,0.008649698,0.005122127,0.015212622
957734,2026-07-15T07:17:30.784283+00:00,-0.000650301,0.030588429,0.002641878,0.013591439,0.002263438,0.009131805,0.005088179,0.015115689
957734,2026-07-15T07:17:30.784283+00:00,-0.000650301,0.030588429,0.002641878,0.013591439,0.002263438,0.009131805,0.005088179,0.015115689
958746,2026-07-15T07:17:31.786618+00:00,-0.000646482,0.030510196,0.002627435,0.013424699,0.001914976,0.009420596,0.005491153,0.015084697
958746,2026-07-15T07:17:31.786618+00:00,-0.000646482,0.030510196,0.002627435,0.013424699,0.001914976,0.009420596,0.005491153,0.015084697
959754,2026-07-15T07:17:32.792885+00:00,-0.000649945,0.030358229,0.002636987,0.013911858,0.001676781,0.009554731,0.005499242,0.015003172
959754,2026-07-15T07:17:32.792885+00:00,-0.000649945,0.030358229,0.002636987,0.013911858,0.001676781,0.009554731,0.005499242,0.015003172
960762,2026-07-15T07:17:33.799677+00:00,-0.000648018,0.03028734,0.002644519,0.014530229,0.002294895,0.009735345,0.005200596,0.014996499
960762,2026-07-15T07:17:33.799677+00:00,-0.000648018,0.03028734,0.002644519,0.014530229,0.002294895,0.009735345,0.005200596,0.014996499
961777,2026-07-15T07:17:34.814490+00:00,-0.000654076,0.03016375,0.002622435,0.013577102,0.002327587,0.009467637,0.005315459,0.014844308
961777,2026-07-15T07:17:34.814490+00:00,-0.000654076,0.03016375,0.002622435,0.013577102,0.002327587,0.009467637,0.005315459,0.014844308
962779,2026-07-15T07:17:35.817661+00:00,-0.000657646,0.030023705,0.002593165,0.01392024,0.002006262,0.009619532,0.005420563,0.014727594
962779,2026-07-15T07:17:35.817661+00:00,-0.000657646,0.030023705,0.002593165,0.01392024,0.002006262,0.009619532,0.005420563,0.014727594
963794,2026-07-15T07:17:36.833347+00:00,-0.000656414,0.029970434,0.002599836,0.013279997,0.002406491,0.009522053,0.005086443,0.014647553
963794,2026-07-15T07:17:36.833347+00:00,-0.000656414,0.029970434,0.002599836,0.013279997,0.002406491,0.009522053,0.005086443,0.014647553
964797,2026-07-15T07:17:37.838444+00:00,-0.00064635,0.029818585,0.002608957,0.012656165,0.002622244,0.009321503,0.005778605,0.014550132
964797,2026-07-15T07:17:37.838444+00:00,-0.00064635,0.029818585,0.002608957,0.012656165,0.002622244,0.009321503,0.005778605,0.014550132
965804,2026-07-15T07:17:38.841894+00:00,-0.000648318,0.029572282,0.002612396,0.012722383,0.002146756,0.009196023,0.006226939,0.014500091
965804,2026-07-15T07:17:38.841894+00:00,-0.000648318,0.029572282,0.002612396,0.012722383,0.002146756,0.009196023,0.006226939,0.014500091
966806,2026-07-15T07:17:39.842482+00:00,-0.000641388,0.02951006,0.002594786,0.013611913,0.002534511,0.00935143,0.005532381,0.014444618
966806,2026-07-15T07:17:39.842482+00:00,-0.000641388,0.02951006,0.002594786,0.013611913,0.002534511,0.00935143,0.005532381,0.014444618
967808,2026-07-15T07:17:40.846255+00:00,-0.000627701,0.029373605,0.002594524,0.013524452,0.002587873,0.008723252,0.005294574,0.014354413
967808,2026-07-15T07:17:40.846255+00:00,-0.000627701,0.029373605,0.002594524,0.013524452,0.002587873,0.008723252,0.005294574,0.014354413
968810,2026-07-15T07:17:41.848303+00:00,-0.000574366,0.029319894,0.002611528,0.013032613,0.002806841,0.00881845,0.004821753,0.014327605
968810,2026-07-15T07:17:41.848303+00:00,-0.000574366,0.029319894,0.002611528,0.013032613,0.002806841,0.00881845,0.004821753,0.014327605
969814,2026-07-15T07:17:42.852319+00:00,-0.000585153,0.029258993,0.002596886,0.013187163,0.0033654,0.008754767,0.004730039,0.014287764
969814,2026-07-15T07:17:42.852319+00:00,-0.000585153,0.029258993,0.002596886,0.013187163,0.0033654,0.008754767,0.004730039,0.014287764
970828,2026-07-15T07:17:43.867080+00:00,-0.000595605,0.029114604,0.002593022,0.01286986,0.002945317,0.008159762,0.004414209,0.014132631
970828,2026-07-15T07:17:43.867080+00:00,-0.000595605,0.029114604,0.002593022,0.01286986,0.002945317,0.008159762,0.004414209,0.014132631
971843,2026-07-15T07:17:44.880508+00:00,-0.000573776,0.029109677,0.002593269,0.012844349,0.003067612,0.008300459,0.004160388,0.013994997
971843,2026-07-15T07:17:44.880508+00:00,-0.000573776,0.029109677,0.002593269,0.012844349,0.003067612,0.008300459,0.004160388,0.013994997
972848,2026-07-15T07:17:45.889249+00:00,-0.000556816,0.028914228,0.002604011,0.012728292,0.003858716,0.008435572,0.004171108,0.013910678
972848,2026-07-15T07:17:45.889249+00:00,-0.000556816,0.028914228,0.002604011,0.012728292,0.003858716,0.008435572,0.004171108,0.013910678
973852,2026-07-15T07:17:46.890720+00:00,-0.000561323,0.028735023,0.002592114,0.012836945,0.004336294,0.008482295,0.004647127,0.013857129
973852,2026-07-15T07:17:46.890720+00:00,-0.000561323,0.028735023,0.002592114,0.012836945,0.004336294,0.008482295,0.004647127,0.013857129
974859,2026-07-15T07:17:47.901234+00:00,-0.000549014,0.028634559,0.002585209,0.012862918,0.005148426,0.008947128,0.00461705,0.013854166
974859,2026-07-15T07:17:47.901234+00:00,-0.000549014,0.028634559,0.002585209,0.012862918,0.005148426,0.008947128,0.00461705,0.013854166
975866,2026-07-15T07:17:48.907757+00:00,-0.000483836,0.028706511,0.002590148,0.01289631,0.005461911,0.008703148,0.004604748,0.013868536
975866,2026-07-15T07:17:48.907757+00:00,-0.000483836,0.028706511,0.002590148,0.01289631,0.005461911,0.008703148,0.004604748,0.013868536
976869,2026-07-15T07:17:49.910086+00:00,-0.000497471,0.028569262,0.002597181,0.012491578,0.005173024,0.008876741,0.005199893,0.013841962
976869,2026-07-15T07:17:49.910086+00:00,-0.000497471,0.028569262,0.002597181,0.012491578,0.005173024,0.008876741,0.005199893,0.013841962
977883,2026-07-15T07:17:50.920031+00:00,-0.000518156,0.028486002,0.002615014,0.012293892,0.004852762,0.009478448,0.005473662,0.013846485
977883,2026-07-15T07:17:50.920031+00:00,-0.000518156,0.028486002,0.002615014,0.012293892,0.004852762,0.009478448,0.005473662,0.013846485
978888,2026-07-15T07:17:51.934741+00:00,-0.000179808,0.028380657,0.002604897,0.012069331,0.004141585,0.009127111,0.005480604,0.013835378
978888,2026-07-15T07:17:51.934741+00:00,-0.000179808,0.028380657,0.002604897,0.012069331,0.004141585,0.009127111,0.005480604,0.013835378
979890,2026-07-15T07:17:52.931436+00:00,-0.000168724,0.028302524,0.002629732,0.012054733,0.003467059,0.00891605,0.005111509,0.013903322
979890,2026-07-15T07:17:52.931436+00:00,-0.000168724,0.028302524,0.002629732,0.012054733,0.003467059,0.00891605,0.005111509,0.013903322
980900,2026-07-15T07:17:53.938599+00:00,-0.000161605,0.02813991,0.002650098,0.011935676,0.003729762,0.009500536,0.005093617,0.013977313
980900,2026-07-15T07:17:53.938599+00:00,-0.000161605,0.02813991,0.002650098,0.011935676,0.003729762,0.009500536,0.005093617,0.013977313
981909,2026-07-15T07:17:54.955112+00:00,0.00026396,0.028081372,0.002653182,0.012365584,0.004207931,0.009379441,0.004947392,0.014034125
981909,2026-07-15T07:17:54.955112+00:00,0.00026396,0.028081372,0.002653182,0.012365584,0.004207931,0.009379441,0.004947392,0.014034125
982922,2026-07-15T07:17:55.972812+00:00,0.000249639,0.028080583,0.002651157,0.011710718,0.00433076,0.008610656,0.004928985,0.014074443
982922,2026-07-15T07:17:55.972812+00:00,0.000249639,0.028080583,0.002651157,0.011710718,0.00433076,0.008610656,0.004928985,0.014074443
983937,2026-07-15T07:17:56.974863+00:00,0.000424572,0.028107217,0.002648036,0.011244426,0.003384861,0.00878909,0.004839114,0.014025131
983937,2026-07-15T07:17:56.974863+00:00,0.000424572,0.028107217,0.002648036,0.011244426,0.003384861,0.00878909,0.004839114,0.014025131
984943,2026-07-15T07:17:57.983331+00:00,0.000648445,0.028183157,0.002666351,0.011870405,0.003182418,0.00892643,0.004870587,0.013980712
984943,2026-07-15T07:17:57.983331+00:00,0.000648445,0.028183157,0.002666351,0.011870405,0.003182418,0.00892643,0.004870587,0.013980712
985948,2026-07-15T07:17:58.987797+00:00,0.000585408,0.028019298,0.002650099,0.012325214,0.003148091,0.009449632,0.00443598,0.013943339
985948,2026-07-15T07:17:58.987797+00:00,0.000585408,0.028019298,0.002650099,0.012325214,0.003148091,0.009449632,0.00443598,0.013943339
986949,2026-07-15T07:17:59.988972+00:00,0.000608694,0.02808613,0.002652593,0.012272565,0.003730752,0.009721448,0.003927592,0.013957488
986949,2026-07-15T07:17:59.988972+00:00,0.000608694,0.02808613,0.002652593,0.012272565,0.003730752,0.009721448,0.003927592,0.013957488
987953,2026-07-15T07:18:00.994632+00:00,0.000618157,0.028089974,0.002636548,0.01290386,0.004123292,0.009273519,0.0036271,0.013976321
987953,2026-07-15T07:18:00.994632+00:00,0.000618157,0.028089974,0.002636548,0.01290386,0.004123292,0.009273519,0.0036271,0.013976321
988964,2026-07-15T07:18:02.008572+00:00,0.000784491,0.028049286,0.002655455,0.012888233,0.004673654,0.008979062,0.003807295,0.013882199
988964,2026-07-15T07:18:02.008572+00:00,0.000784491,0.028049286,0.002655455,0.012888233,0.004673654,0.008979062,0.003807295,0.013882199
989968,2026-07-15T07:18:03.014562+00:00,0.001200867,0.028025454,0.002653203,0.012935102,0.005260296,0.008866969,0.003902479,0.013794698
989968,2026-07-15T07:18:03.014562+00:00,0.001200867,0.028025454,0.002653203,0.012935102,0.005260296,0.008866969,0.003902479,0.013794698
990970,2026-07-15T07:18:04.008037+00:00,0.001203495,0.028086552,0.002640301,0.012961522,0.00546441,0.008178657,0.004079343,0.013780785
990970,2026-07-15T07:18:04.008037+00:00,0.001203495,0.028086552,0.002640301,0.012961522,0.00546441,0.008178657,0.004079343,0.013780785
991971,2026-07-15T07:18:05.009509+00:00,0.000773523,0.028085921,0.002627623,0.013517449,0.004862763,0.008510621,0.003882214,0.013780427
991971,2026-07-15T07:18:05.009509+00:00,0.000773523,0.028085921,0.002627623,0.013517449,0.004862763,0.008510621,0.003882214,0.013780427
992979,2026-07-15T07:18:06.019466+00:00,0.000778307,0.028123504,0.002631486,0.013521445,0.004816285,0.009148422,0.003538151,0.013744364
992979,2026-07-15T07:18:06.019466+00:00,0.000778307,0.028123504,0.002631486,0.013521445,0.004816285,0.009148422,0.003538151,0.013744364
993980,2026-07-15T07:18:07.019903+00:00,0.00096463,0.028094154,0.002635521,0.013568406,0.005522755,0.008829365,0.003253208,0.013760297
993980,2026-07-15T07:18:07.019903+00:00,0.00096463,0.028094154,0.002635521,0.013568406,0.005522755,0.008829365,0.003253208,0.013760297
994986,2026-07-15T07:18:08.026381+00:00,0.000726698,0.028012753,0.002608933,0.013757005,0.005507182,0.008154208,0.002976517,0.013827959
994986,2026-07-15T07:18:08.026381+00:00,0.000726698,0.028012753,0.002608933,0.013757005,0.005507182,0.008154208,0.002976517,0.013827959
995994,2026-07-15T07:18:09.035637+00:00,0.000722061,0.028015858,0.002630896,0.01353431,0.005896742,0.008018593,0.003051985,0.013844417
995994,2026-07-15T07:18:09.035637+00:00,0.000722061,0.028015858,0.002630896,0.01353431,0.005896742,0.008018593,0.003051985,0.013844417
996999,2026-07-15T07:18:10.038344+00:00,0.000706763,0.02795277,0.002623314,0.013005559,0.005290376,0.007543231,0.003176642,0.013856133
996999,2026-07-15T07:18:10.038344+00:00,0.000706763,0.02795277,0.002623314,0.013005559,0.005290376,0.007543231,0.003176642,0.013856133
998015,2026-07-15T07:18:11.054943+00:00,0.000803029,0.027836021,0.002623566,0.012797041,0.005528421,0.00787248,0.00329233,0.01384409
998015,2026-07-15T07:18:11.054943+00:00,0.000803029,0.027836021,0.002623566,0.012797041,0.005528421,0.00787248,0.00329233,0.01384409
999019,2026-07-15T07:18:12.069698+00:00,0.000303416,0.027797531,0.002611776,0.013188508,0.005158282,0.007973566,0.003342732,0.013789388
999019,2026-07-15T07:18:12.069698+00:00,0.000303416,0.027797531,0.002611776,0.013188508,0.005158282,0.007973566,0.003342732,0.013789388
1000031,2026-07-15T07:18:13.068248+00:00,-0.000116491,0.027770218,0.00261611,0.012762627,0.005074318,0.008357496,0.003907164,0.013774325
1000031,2026-07-15T07:18:13.068248+00:00,-0.000116491,0.027770218,0.00261611,0.012762627,0.005074318,0.008357496,0.003907164,0.013774325
1001037,2026-07-15T07:18:14.079648+00:00,-6.4975e-05,0.027717272,0.002609192,0.012917343,0.00443135,0.008414881,0.00349924,0.013762897
1001037,2026-07-15T07:18:14.079648+00:00,-6.4975e-05,0.027717272,0.002609192,0.012917343,0.00443135,0.008414881,0.00349924,0.013762897
1002044,2026-07-15T07:18:15.084114+00:00,0.000460786,0.027625585,0.002628644,0.0125827,0.005056778,0.008570653,0.003847602,0.013737442
1002044,2026-07-15T07:18:15.085119+00:00,0.000460786,0.027625585,0.002628644,0.0125827,0.005056778,0.008570653,0.003847602,0.013737442
