timestamp_local,elapsed_s,phase,duty_pct,mq8_v
"2026-07-31 16:54:05.758 +07:00","0.663","HOT_BASELINE_100","100","-0.000811032"
"2026-07-31 16:54:06.452 +07:00","1.417","HOT_BASELINE_100","100","-0.000865137"
"2026-07-31 16:54:07.147 +07:00","2.113","HOT_BASELINE_100","100","-0.000865191"
"2026-07-31 16:54:07.831 +07:00","2.798","HOT_BASELINE_100","100","-0.000855924"
"2026-07-31 16:54:08.514 +07:00","3.483","HOT_BASELINE_100","100","-0.000854816"
"2026-07-31 16:54:09.203 +07:00","4.172","HOT_BASELINE_100","100","-0.000845188"
"2026-07-31 16:54:09.879 +07:00","4.849","HOT_BASELINE_100","100","-0.000840345"
"2026-07-31 16:54:10.560 +07:00","5.528","HOT_BASELINE_100","100","-0.000888183"
"2026-07-31 16:54:11.318 +07:00","6.283","HOT_BASELINE_100","100","-0.000874604"
"2026-07-31 16:54:11.997 +07:00","6.966","HOT_BASELINE_100","100","-0.000874604"
"2026-07-31 16:54:12.714 +07:00","7.678","HOT_BASELINE_100","100","-0.000874604"
"2026-07-31 16:54:13.554 +07:00","8.521","HOT_BASELINE_100","100","-0.000913591"
"2026-07-31 16:54:14.239 +07:00","9.206","HOT_BASELINE_100","100","-0.000902432"
"2026-07-31 16:54:14.917 +07:00","9.887","HOT_BASELINE_100","100","-0.000863475"
"2026-07-31 16:54:15.584 +07:00","10.554","HOT_BASELINE_100","100","-0.00089319"
"2026-07-31 16:54:16.277 +07:00","11.243","HOT_BASELINE_100","100","-0.000896854"
"2026-07-31 16:54:16.955 +07:00","11.924","HOT_BASELINE_100","100","-0.000907406"
"2026-07-31 16:54:17.646 +07:00","12.6","HOT_BASELINE_100","100","-0.000926807"
"2026-07-31 16:54:18.334 +07:00","13.298","HOT_BASELINE_100","100","-0.000930013"
"2026-07-31 16:54:19.017 +07:00","13.987","HOT_BASELINE_100","100","-0.000915596"
"2026-07-31 16:54:19.700 +07:00","14.67","HOT_BASELINE_100","100","-0.000923123"
"2026-07-31 16:54:20.402 +07:00","15.367","HOT_BASELINE_100","100","-0.000901588"
"2026-07-31 16:54:21.084 +07:00","16.053","HOT_BASELINE_100","100","-0.000908719"
"2026-07-31 16:54:21.759 +07:00","16.728","HOT_BASELINE_100","100","-0.000918492"
"2026-07-31 16:54:22.450 +07:00","17.42","HOT_BASELINE_100","100","-0.000918492"
"2026-07-31 16:54:23.145 +07:00","18.114","HOT_BASELINE_100","100","-0.000918492"
"2026-07-31 16:54:23.961 +07:00","18.93","HOT_BASELINE_100","100","-0.000884856"
"2026-07-31 16:54:24.638 +07:00","19.607","HOT_BASELINE_100","100","-0.000894579"
"2026-07-31 16:54:25.326 +07:00","20.296","HOT_BASELINE_100","100","-0.000877438"
"2026-07-31 16:54:26.015 +07:00","20.984","HOT_BASELINE_100","100","-0.00085673"
"2026-07-31 16:54:26.693 +07:00","21.662","HOT_BASELINE_100","100","-0.000857955"
"2026-07-31 16:54:27.383 +07:00","22.352","HOT_BASELINE_100","100","-0.000840104"
"2026-07-31 16:54:28.068 +07:00","23.036","HOT_BASELINE_100","100","-0.000834882"
"2026-07-31 16:54:28.748 +07:00","23.717","HOT_BASELINE_100","100","-0.000844972"
"2026-07-31 16:54:29.444 +07:00","24.411","HOT_BASELINE_100","100","-0.000845569"
"2026-07-31 16:54:30.128 +07:00","25.098","HOT_BASELINE_100","100","-0.000844694"
"2026-07-31 16:54:30.808 +07:00","25.777","HOT_BASELINE_100","100","-0.000836797"
"2026-07-31 16:54:31.524 +07:00","26.488","HOT_BASELINE_100","100","-0.000827153"
"2026-07-31 16:54:32.216 +07:00","27.181","HOT_BASELINE_100","100","-0.000827153"
"2026-07-31 16:54:32.907 +07:00","27.876","HOT_BASELINE_100","100","-0.000827153"
"2026-07-31 16:54:33.761 +07:00","28.725","HOT_BASELINE_100","100","-0.000833095"
"2026-07-31 16:54:34.449 +07:00","29.418","HOT_BASELINE_100","100","-0.000846448"
"2026-07-31 16:54:35.139 +07:00","30.108","HOT_BASELINE_100","100","-0.000823518"
"2026-07-31 16:54:35.830 +07:00","30.798","HOT_BASELINE_100","100","-0.000831064"
"2026-07-31 16:54:36.513 +07:00","31.481","HOT_BASELINE_100","100","-0.000811624"
"2026-07-31 16:54:37.202 +07:00","32.17","HOT_BASELINE_100","100","-0.000816772"
"2026-07-31 16:54:37.884 +07:00","32.854","HOT_BASELINE_100","100","-0.00078794"
"2026-07-31 16:54:38.577 +07:00","33.545","HOT_BASELINE_100","100","-0.000789449"
"2026-07-31 16:54:39.279 +07:00","34.241","HOT_BASELINE_100","100","-0.000802892"
"2026-07-31 16:54:39.970 +07:00","34.94","HOT_BASELINE_100","100","-0.000784031"
"2026-07-31 16:54:40.645 +07:00","35.615","HOT_BASELINE_100","100","-0.000805409"
"2026-07-31 16:54:41.337 +07:00","36.306","HOT_BASELINE_100","100","-0.000799062"
"2026-07-31 16:54:42.018 +07:00","36.988","HOT_BASELINE_100","100","-0.000802071"
"2026-07-31 16:54:42.707 +07:00","37.677","HOT_BASELINE_100","100","-0.000802071"
"2026-07-31 16:54:43.407 +07:00","38.374","HOT_BASELINE_100","100","-0.000802071"
"2026-07-31 16:54:44.217 +07:00","39.17","HOT_BASELINE_100","100","-0.000795097"
"2026-07-31 16:54:44.912 +07:00","39.875","HOT_BASELINE_100","100","-0.000822022"
"2026-07-31 16:54:45.582 +07:00","40.552","HOT_BASELINE_100","100","-0.00081489"
"2026-07-31 16:54:46.270 +07:00","41.239","HOT_BASELINE_100","100","-0.000846451"
"2026-07-31 16:54:46.954 +07:00","41.924","HOT_BASELINE_100","100","-0.000849703"
"2026-07-31 16:54:47.634 +07:00","42.603","HOT_BASELINE_100","100","-0.000835178"
"2026-07-31 16:54:48.324 +07:00","43.288","HOT_BASELINE_100","100","-0.000859671"
"2026-07-31 16:54:49.016 +07:00","43.981","HOT_BASELINE_100","100","-0.000842268"
"2026-07-31 16:54:49.700 +07:00","44.669","HOT_BASELINE_100","100","-0.000849493"
"2026-07-31 16:54:50.385 +07:00","45.355","HOT_BASELINE_100","100","-0.000860146"
"2026-07-31 16:54:51.069 +07:00","46.034","HOT_BASELINE_100","100","-0.000862231"
"2026-07-31 16:54:51.775 +07:00","46.729","HOT_BASELINE_100","100","-0.000851954"
"2026-07-31 16:54:52.455 +07:00","47.425","HOT_BASELINE_100","100","-0.000851954"
"2026-07-31 16:54:53.154 +07:00","48.124","HOT_BASELINE_100","100","-0.000851954"
"2026-07-31 16:54:54.002 +07:00","48.971","HOT_BASELINE_100","100","-0.000844431"
"2026-07-31 16:54:54.678 +07:00","49.648","HOT_BASELINE_100","100","-0.000837923"
"2026-07-31 16:54:55.359 +07:00","50.329","HOT_BASELINE_100","100","-0.000823318"
"2026-07-31 16:54:56.042 +07:00","51.012","HOT_BASELINE_100","100","-0.000833072"
"2026-07-31 16:54:56.717 +07:00","51.686","HOT_BASELINE_100","100","-0.000841048"
"2026-07-31 16:54:57.408 +07:00","52.378","HOT_BASELINE_100","100","-0.000852538"
"2026-07-31 16:54:58.102 +07:00","53.069","HOT_BASELINE_100","100","-0.00085253"
"2026-07-31 16:54:58.787 +07:00","53.757","HOT_BASELINE_100","100","-0.000850023"
"2026-07-31 16:54:59.467 +07:00","54.436","HOT_BASELINE_100","100","-0.000851724"
"2026-07-31 16:55:00.154 +07:00","55.123","HOT_BASELINE_100","100","-0.000852562"
"2026-07-31 16:55:00.843 +07:00","55.813","HOT_BASELINE_100","100","-0.000853185"
"2026-07-31 16:55:01.529 +07:00","56.498","HOT_BASELINE_100","100","-0.000860267"
"2026-07-31 16:55:02.232 +07:00","57.201","HOT_BASELINE_100","100","-0.000874737"
"2026-07-31 16:55:02.926 +07:00","57.886","HOT_BASELINE_100","100","-0.000874737"
"2026-07-31 16:55:03.611 +07:00","58.58","HOT_BASELINE_100","100","-0.000874737"
"2026-07-31 16:55:04.420 +07:00","59.388","HOT_BASELINE_100","100","-0.000898885"
"2026-07-31 16:55:05.116 +07:00","60.084","HOT_BASELINE_100","100","-0.0008943"
"2026-07-31 16:55:05.801 +07:00","60.758","HOT_BASELINE_100","100","-0.000875789"
"2026-07-31 16:55:06.485 +07:00","61.452","HOT_BASELINE_100","100","-0.00085086"
"2026-07-31 16:55:07.179 +07:00","62.148","HOT_BASELINE_100","100","-0.000853287"
"2026-07-31 16:55:07.862 +07:00","62.828","HOT_BASELINE_100","100","-0.000857816"
"2026-07-31 16:55:08.549 +07:00","63.518","HOT_BASELINE_100","100","-0.00086332"
"2026-07-31 16:55:09.233 +07:00","64.2","HOT_BASELINE_100","100","-0.000890864"
"2026-07-31 16:55:09.924 +07:00","64.888","HOT_BASELINE_100","100","-0.000877721"
"2026-07-31 16:55:10.611 +07:00","65.578","HOT_BASELINE_100","100","-0.000890535"
"2026-07-31 16:55:11.309 +07:00","66.268","HOT_BASELINE_100","100","-0.000877793"
"2026-07-31 16:55:11.999 +07:00","66.96","HOT_BASELINE_100","100","-0.000864155"
"2026-07-31 16:55:12.701 +07:00","67.668","HOT_BASELINE_100","100","-0.000864155"
"2026-07-31 16:55:13.389 +07:00","68.358","HOT_BASELINE_100","100","-0.000864155"
"2026-07-31 16:55:14.222 +07:00","69.191","HOT_BASELINE_100","100","-0.000871338"
"2026-07-31 16:55:14.909 +07:00","69.878","HOT_BASELINE_100","100","-0.000885908"
"2026-07-31 16:55:15.599 +07:00","70.565","HOT_BASELINE_100","100","-0.000899747"
"2026-07-31 16:55:16.286 +07:00","71.256","HOT_BASELINE_100","100","-0.00089664"
"2026-07-31 16:55:16.972 +07:00","71.938","HOT_BASELINE_100","100","-0.000912041"
"2026-07-31 16:55:17.664 +07:00","72.628","HOT_BASELINE_100","100","-0.000896517"
"2026-07-31 16:55:18.349 +07:00","73.319","HOT_BASELINE_100","100","-0.000890246"
"2026-07-31 16:55:19.029 +07:00","73.997","HOT_BASELINE_100","100","-0.00088356"
"2026-07-31 16:55:19.715 +07:00","74.684","HOT_BASELINE_100","100","-0.000897805"
"2026-07-31 16:55:20.403 +07:00","75.366","HOT_BASELINE_100","100","-0.000906623"
"2026-07-31 16:55:21.089 +07:00","76.046","HOT_BASELINE_100","100","-0.000909084"
"2026-07-31 16:55:21.767 +07:00","76.734","HOT_BASELINE_100","100","-0.000930878"
"2026-07-31 16:55:22.463 +07:00","77.431","HOT_BASELINE_100","100","-0.000922194"
"2026-07-31 16:55:23.151 +07:00","78.116","HOT_BASELINE_100","100","-0.000922194"
"2026-07-31 16:55:23.834 +07:00","78.803","HOT_BASELINE_100","100","-0.000922194"
"2026-07-31 16:55:24.643 +07:00","79.612","HOT_BASELINE_100","100","-0.000909291"
"2026-07-31 16:55:25.336 +07:00","80.305","HOT_BASELINE_100","100","-0.000915545"
"2026-07-31 16:55:26.016 +07:00","80.981","HOT_BASELINE_100","100","-0.000904269"
"2026-07-31 16:55:26.708 +07:00","81.677","HOT_BASELINE_100","100","-0.000908421"
"2026-07-31 16:55:27.400 +07:00","82.368","HOT_BASELINE_100","100","-0.000897619"
"2026-07-31 16:55:28.089 +07:00","83.056","HOT_BASELINE_100","100","-0.000871939"
"2026-07-31 16:55:28.779 +07:00","83.744","HOT_BASELINE_100","100","-0.000904331"
"2026-07-31 16:55:29.471 +07:00","84.438","HOT_BASELINE_100","100","-0.00089405"
"2026-07-31 16:55:30.152 +07:00","85.121","HOT_BASELINE_100","100","-0.000889985"
"2026-07-31 16:55:30.833 +07:00","85.799","HOT_BASELINE_100","100","-0.000891058"
"2026-07-31 16:55:31.523 +07:00","86.49","HOT_BASELINE_100","100","-0.00089701"
"2026-07-31 16:55:32.206 +07:00","87.174","HOT_BASELINE_100","100","-0.000873919"
"2026-07-31 16:55:32.885 +07:00","87.854","HOT_BASELINE_100","100","-0.000873919"
"2026-07-31 16:55:33.572 +07:00","88.536","HOT_BASELINE_100","100","-0.000873919"
"2026-07-31 16:55:34.443 +07:00","89.406","HOT_BASELINE_100","100","-0.000886383"
"2026-07-31 16:55:35.132 +07:00","90.1","HOT_BASELINE_100","100","-0.000916422"
"2026-07-31 16:55:35.807 +07:00","90.776","HOT_BASELINE_100","100","-0.000921003"
"2026-07-31 16:55:36.501 +07:00","91.469","HOT_BASELINE_100","100","-0.000935262"
"2026-07-31 16:55:37.192 +07:00","92.162","HOT_BASELINE_100","100","-0.000920545"
"2026-07-31 16:55:37.876 +07:00","92.845","HOT_BASELINE_100","100","-0.000915055"
"2026-07-31 16:55:38.565 +07:00","93.527","HOT_BASELINE_100","100","-0.000918528"
"2026-07-31 16:55:39.255 +07:00","94.225","HOT_BASELINE_100","100","-0.000925523"
"2026-07-31 16:55:39.955 +07:00","94.925","HOT_BASELINE_100","100","-0.000922309"
"2026-07-31 16:55:40.647 +07:00","95.617","HOT_BASELINE_100","100","-0.000921457"
"2026-07-31 16:55:41.323 +07:00","96.293","HOT_BASELINE_100","100","-0.000927959"
"2026-07-31 16:55:42.011 +07:00","96.975","HOT_BASELINE_100","100","-0.000916536"
"2026-07-31 16:55:42.700 +07:00","97.669","HOT_BASELINE_100","100","-0.000889274"
"2026-07-31 16:55:43.401 +07:00","98.356","HOT_BASELINE_100","100","-0.000889274"
"2026-07-31 16:55:44.094 +07:00","99.062","HOT_BASELINE_100","100","-0.000889274"
"2026-07-31 16:55:44.884 +07:00","99.853","HOT_BASELINE_100","100","-0.00089528"
"2026-07-31 16:55:45.571 +07:00","100.54","HOT_BASELINE_100","100","-0.000874781"
"2026-07-31 16:55:46.256 +07:00","101.226","HOT_BASELINE_100","100","-0.000894697"
"2026-07-31 16:55:46.944 +07:00","101.897","HOT_BASELINE_100","100","-0.000870167"
"2026-07-31 16:55:47.629 +07:00","102.594","HOT_BASELINE_100","100","-0.00084847"
"2026-07-31 16:55:48.318 +07:00","103.287","HOT_BASELINE_100","100","-0.000859492"
"2026-07-31 16:55:49.003 +07:00","103.972","HOT_BASELINE_100","100","-0.000868732"
"2026-07-31 16:55:49.692 +07:00","104.659","HOT_BASELINE_100","100","-0.000860852"
"2026-07-31 16:55:50.377 +07:00","105.346","HOT_BASELINE_100","100","-0.000835058"
"2026-07-31 16:55:51.056 +07:00","106.025","HOT_BASELINE_100","100","-0.000855237"
"2026-07-31 16:55:51.743 +07:00","106.711","HOT_BASELINE_100","100","-0.000846791"
"2026-07-31 16:55:52.451 +07:00","107.418","HOT_BASELINE_100","100","-0.000867035"
"2026-07-31 16:55:53.150 +07:00","108.115","HOT_BASELINE_100","100","-0.000867035"
"2026-07-31 16:55:53.840 +07:00","108.809","HOT_BASELINE_100","100","-0.000867035"
"2026-07-31 16:55:54.680 +07:00","109.65","HOT_BASELINE_100","100","-0.000855761"
"2026-07-31 16:55:55.356 +07:00","110.325","HOT_BASELINE_100","100","-0.000871381"
"2026-07-31 16:55:56.034 +07:00","111.003","HOT_BASELINE_100","100","-0.000873815"
"2026-07-31 16:55:56.718 +07:00","111.686","HOT_BASELINE_100","100","-0.000874641"
"2026-07-31 16:55:57.409 +07:00","112.377","HOT_BASELINE_100","100","-0.000867435"
"2026-07-31 16:55:58.080 +07:00","113.049","HOT_BASELINE_100","100","-0.000866989"
"2026-07-31 16:55:58.786 +07:00","113.756","HOT_BASELINE_100","100","-0.000868761"
"2026-07-31 16:55:59.459 +07:00","114.428","HOT_BASELINE_100","100","-0.000858574"
"2026-07-31 16:56:00.158 +07:00","115.115","HOT_BASELINE_100","100","-0.000852264"
"2026-07-31 16:56:00.840 +07:00","115.809","HOT_BASELINE_100","100","-0.000848233"
"2026-07-31 16:56:01.522 +07:00","116.49","HOT_BASELINE_100","100","-0.000854749"
"2026-07-31 16:56:02.205 +07:00","117.173","HOT_BASELINE_100","100","-0.000852713"
"2026-07-31 16:56:02.893 +07:00","117.86","HOT_BASELINE_100","100","-0.000856977"
"2026-07-31 16:56:03.584 +07:00","118.549","HOT_BASELINE_100","100","-0.000856977"
"2026-07-31 16:56:04.276 +07:00","119.243","HOT_BASELINE_100","100","-0.000856977"
"2026-07-31 16:56:05.079 +07:00","120.049","HOT_BASELINE_100","100","-0.000844975"
"2026-07-31 16:56:05.770 +07:00","120.733","HOT_BASELINE_100","100","-0.000823035"
"2026-07-31 16:56:06.454 +07:00","121.42","HOT_BASELINE_100","100","-0.000826041"
"2026-07-31 16:56:07.152 +07:00","122.121","HOT_BASELINE_100","100","-0.000845175"
"2026-07-31 16:56:07.850 +07:00","122.806","HOT_BASELINE_100","100","-0.000836889"
"2026-07-31 16:56:08.547 +07:00","123.514","HOT_BASELINE_100","100","-0.000859118"
"2026-07-31 16:56:09.244 +07:00","124.211","HOT_BASELINE_100","100","-0.000856612"
"2026-07-31 16:56:09.918 +07:00","124.887","HOT_BASELINE_100","100","-0.000862727"
"2026-07-31 16:56:10.609 +07:00","125.577","HOT_BASELINE_100","100","-0.000848565"
"2026-07-31 16:56:11.298 +07:00","126.267","HOT_BASELINE_100","100","-0.000850496"
"2026-07-31 16:56:11.983 +07:00","126.953","HOT_BASELINE_100","100","-0.000860517"
"2026-07-31 16:56:12.683 +07:00","127.636","HOT_BASELINE_100","100","-0.000880676"
"2026-07-31 16:56:13.377 +07:00","128.33","HOT_BASELINE_100","100","-0.000880676"
"2026-07-31 16:56:14.066 +07:00","129.035","HOT_BASELINE_100","100","-0.000880676"
"2026-07-31 16:56:14.906 +07:00","129.876","HOT_BASELINE_100","100","-0.000872771"
"2026-07-31 16:56:15.599 +07:00","130.567","HOT_BASELINE_100","100","-0.000887131"
"2026-07-31 16:56:16.284 +07:00","131.253","HOT_BASELINE_100","100","-0.000915309"
"2026-07-31 16:56:16.974 +07:00","131.943","HOT_BASELINE_100","100","-0.000886749"
"2026-07-31 16:56:17.666 +07:00","132.635","HOT_BASELINE_100","100","-0.000892099"
"2026-07-31 16:56:18.354 +07:00","133.322","HOT_BASELINE_100","100","-0.000887613"
"2026-07-31 16:56:19.027 +07:00","133.996","HOT_BASELINE_100","100","-0.000905137"
"2026-07-31 16:56:19.709 +07:00","134.679","HOT_BASELINE_100","100","-0.000914198"
"2026-07-31 16:56:20.397 +07:00","135.366","HOT_BASELINE_100","100","-0.00092177"
"2026-07-31 16:56:21.076 +07:00","136.045","HOT_BASELINE_100","100","-0.000914529"
"2026-07-31 16:56:21.762 +07:00","136.732","HOT_BASELINE_100","100","-0.000916432"
"2026-07-31 16:56:22.452 +07:00","137.42","HOT_BASELINE_100","100","-0.000904149"
"2026-07-31 16:56:23.151 +07:00","138.117","HOT_BASELINE_100","100","-0.000884742"
"2026-07-31 16:56:23.843 +07:00","138.797","HOT_BASELINE_100","100","-0.000884742"
"2026-07-31 16:56:24.545 +07:00","139.509","HOT_BASELINE_100","100","-0.000884742"
"2026-07-31 16:56:25.325 +07:00","140.294","HOT_BASELINE_100","100","-0.000884778"
"2026-07-31 16:56:26.018 +07:00","140.979","HOT_BASELINE_100","100","-0.000866694"
"2026-07-31 16:56:26.708 +07:00","141.677","HOT_BASELINE_100","100","-0.000865807"
"2026-07-31 16:56:27.398 +07:00","142.363","HOT_BASELINE_100","100","-0.000867837"
"2026-07-31 16:56:28.076 +07:00","143.045","HOT_BASELINE_100","100","-0.000852314"
"2026-07-31 16:56:28.758 +07:00","143.727","HOT_BASELINE_100","100","-0.00084261"
"2026-07-31 16:56:29.438 +07:00","144.407","HOT_BASELINE_100","100","-0.000840134"
"2026-07-31 16:56:30.124 +07:00","145.093","HOT_BASELINE_100","100","-0.000838308"
"2026-07-31 16:56:30.814 +07:00","145.775","HOT_BASELINE_100","100","-0.00082986"
"2026-07-31 16:56:31.500 +07:00","146.468","HOT_BASELINE_100","100","-0.000841373"
"2026-07-31 16:56:32.187 +07:00","147.156","HOT_BASELINE_100","100","-0.000850058"
"2026-07-31 16:56:32.890 +07:00","147.859","HOT_BASELINE_100","100","-0.00083641"
"2026-07-31 16:56:33.574 +07:00","148.543","HOT_BASELINE_100","100","-0.00083641"
"2026-07-31 16:56:34.256 +07:00","149.225","HOT_BASELINE_100","100","-0.00083641"
"2026-07-31 16:56:35.110 +07:00","150.08","HOT_BASELINE_100","100","-0.000833558"
"2026-07-31 16:56:35.821 +07:00","150.774","HOT_BASELINE_100","100","-0.000819524"
"2026-07-31 16:56:36.502 +07:00","151.472","HOT_BASELINE_100","100","-0.000832033"
"2026-07-31 16:56:37.189 +07:00","152.158","HOT_BASELINE_100","100","-0.000838529"
"2026-07-31 16:56:37.867 +07:00","152.836","HOT_BASELINE_100","100","-0.000866795"
"2026-07-31 16:56:38.560 +07:00","153.523","HOT_BASELINE_100","100","-0.000884777"
"2026-07-31 16:56:39.261 +07:00","154.228","HOT_BASELINE_100","100","-0.000875374"
"2026-07-31 16:56:39.954 +07:00","154.923","HOT_BASELINE_100","100","-0.000886329"
"2026-07-31 16:56:40.638 +07:00","155.607","HOT_BASELINE_100","100","-0.000876948"
"2026-07-31 16:56:41.326 +07:00","156.293","HOT_BASELINE_100","100","-0.00090265"
"2026-07-31 16:56:42.026 +07:00","156.984","HOT_BASELINE_100","100","-0.000896965"
"2026-07-31 16:56:42.707 +07:00","157.675","HOT_BASELINE_100","100","-0.000899676"
"2026-07-31 16:56:43.397 +07:00","158.362","HOT_BASELINE_100","100","-0.000886212"
"2026-07-31 16:56:44.085 +07:00","159.054","HOT_BASELINE_100","100","-0.000886212"
"2026-07-31 16:56:44.778 +07:00","159.734","HOT_BASELINE_100","100","-0.000886212"
"2026-07-31 16:56:45.583 +07:00","160.549","HOT_BASELINE_100","100","-0.000890251"
"2026-07-31 16:56:46.264 +07:00","161.233","HOT_BASELINE_100","100","-0.000878903"
"2026-07-31 16:56:46.956 +07:00","161.92","HOT_BASELINE_100","100","-0.000791939"
"2026-07-31 16:56:47.630 +07:00","162.6","HOT_BASELINE_100","100","-0.000804729"
"2026-07-31 16:56:48.318 +07:00","163.288","HOT_BASELINE_100","100","-0.000811379"
"2026-07-31 16:56:48.996 +07:00","163.965","HOT_BASELINE_100","100","-0.000818287"
"2026-07-31 16:56:49.682 +07:00","164.652","HOT_BASELINE_100","100","-0.000801931"
"2026-07-31 16:56:50.365 +07:00","165.334","HOT_BASELINE_100","100","-0.00081267"
"2026-07-31 16:56:51.047 +07:00","166.016","HOT_BASELINE_100","100","-0.000804764"
"2026-07-31 16:56:51.728 +07:00","166.698","HOT_BASELINE_100","100","-0.000800416"
"2026-07-31 16:56:52.399 +07:00","167.368","HOT_BASELINE_100","100","-0.000785106"
"2026-07-31 16:56:53.144 +07:00","168.114","HOT_BASELINE_100","100","-0.000782811"
"2026-07-31 16:56:53.836 +07:00","168.806","HOT_BASELINE_100","100","-0.000782811"
"2026-07-31 16:56:54.511 +07:00","169.48","HOT_BASELINE_100","100","-0.000782811"
"2026-07-31 16:56:55.389 +07:00","170.355","HOT_BASELINE_100","100","-0.000859506"
"2026-07-31 16:56:56.075 +07:00","171.029","HOT_BASELINE_100","100","-0.000862304"
"2026-07-31 16:56:56.762 +07:00","171.731","HOT_BASELINE_100","100","-0.000852377"
"2026-07-31 16:56:57.443 +07:00","172.412","HOT_BASELINE_100","100","-0.00086344"
"2026-07-31 16:56:58.111 +07:00","173.081","HOT_BASELINE_100","100","-0.000862448"
"2026-07-31 16:56:58.790 +07:00","173.759","HOT_BASELINE_100","100","-0.000841772"
"2026-07-31 16:56:59.468 +07:00","174.437","HOT_BASELINE_100","100","-0.000850341"
"2026-07-31 16:57:00.156 +07:00","175.123","HOT_BASELINE_100","100","-0.000849231"
"2026-07-31 16:57:00.843 +07:00","175.813","HOT_BASELINE_100","100","-0.000843957"
"2026-07-31 16:57:01.535 +07:00","176.495","HOT_BASELINE_100","100","-0.000828872"
"2026-07-31 16:57:02.209 +07:00","177.178","HOT_BASELINE_100","100","-0.000854832"
"2026-07-31 16:57:02.900 +07:00","177.859","HOT_BASELINE_100","100","-0.000829292"
"2026-07-31 16:57:03.575 +07:00","178.545","HOT_BASELINE_100","100","-0.00083551"
"2026-07-31 16:57:04.267 +07:00","179.236","HOT_BASELINE_100","100","-0.00083551"
"2026-07-31 16:57:04.969 +07:00","179.936","HOT_BASELINE_100","100","-0.00083551"
"2026-07-31 16:57:05.769 +07:00","180.739","HOT_BASELINE_100","100","-0.000826296"
"2026-07-31 16:57:06.463 +07:00","181.425","HOT_BASELINE_100","100","-0.000835709"
"2026-07-31 16:57:07.137 +07:00","182.106","HOT_BASELINE_100","100","-0.000847431"
"2026-07-31 16:57:07.822 +07:00","182.791","HOT_BASELINE_100","100","-0.000855143"
"2026-07-31 16:57:08.504 +07:00","183.473","HOT_BASELINE_100","100","-0.000886179"
"2026-07-31 16:57:09.194 +07:00","184.163","HOT_BASELINE_100","100","-0.000893546"
"2026-07-31 16:57:09.870 +07:00","184.839","HOT_BASELINE_100","100","-0.000905427"
"2026-07-31 16:57:10.548 +07:00","185.508","HOT_BASELINE_100","100","-0.000865101"
"2026-07-31 16:57:11.235 +07:00","186.204","HOT_BASELINE_100","100","-0.000882456"
"2026-07-31 16:57:11.930 +07:00","186.89","HOT_BASELINE_100","100","-0.000893098"
"2026-07-31 16:57:12.600 +07:00","187.569","HOT_BASELINE_100","100","-0.000920454"
"2026-07-31 16:57:13.333 +07:00","188.302","HOT_BASELINE_100","100","-0.000930351"
"2026-07-31 16:57:14.021 +07:00","188.991","HOT_BASELINE_100","100","-0.000930351"
"2026-07-31 16:57:14.712 +07:00","189.674","HOT_BASELINE_100","100","-0.000930351"
"2026-07-31 16:57:15.573 +07:00","190.543","HOT_BASELINE_100","100","-0.00093931"
"2026-07-31 16:57:16.267 +07:00","191.234","HOT_BASELINE_100","100","-0.000924094"
"2026-07-31 16:57:16.947 +07:00","191.917","HOT_BASELINE_100","100","-0.000917462"
"2026-07-31 16:57:17.619 +07:00","192.588","HOT_BASELINE_100","100","-0.00091921"
"2026-07-31 16:57:18.308 +07:00","193.277","HOT_BASELINE_100","100","-0.000912406"
"2026-07-31 16:57:18.995 +07:00","193.962","HOT_BASELINE_100","100","-0.000936439"
"2026-07-31 16:57:19.664 +07:00","194.634","HOT_BASELINE_100","100","-0.000935349"
"2026-07-31 16:57:20.334 +07:00","195.303","HOT_BASELINE_100","100","-0.000926128"
"2026-07-31 16:57:21.026 +07:00","195.982","HOT_BASELINE_100","100","-0.000898556"
"2026-07-31 16:57:21.720 +07:00","196.688","HOT_BASELINE_100","100","-0.000893389"
"2026-07-31 16:57:22.405 +07:00","197.374","HOT_BASELINE_100","100","-0.000866036"
"2026-07-31 16:57:23.083 +07:00","198.053","HOT_BASELINE_100","100","-0.000871695"
"2026-07-31 16:57:23.778 +07:00","198.737","HOT_BASELINE_100","100","-0.000870311"
"2026-07-31 16:57:24.465 +07:00","199.434","HOT_BASELINE_100","100","-0.000870311"
"2026-07-31 16:57:25.146 +07:00","200.115","HOT_BASELINE_100","100","-0.000870311"
"2026-07-31 16:57:25.958 +07:00","200.928","HOT_BASELINE_100","100","-0.000858493"
"2026-07-31 16:57:26.661 +07:00","201.63","HOT_BASELINE_100","100","-0.000861264"
"2026-07-31 16:57:27.347 +07:00","202.317","HOT_BASELINE_100","100","-0.000837859"
"2026-07-31 16:57:28.031 +07:00","203.001","HOT_BASELINE_100","100","-0.000850526"
"2026-07-31 16:57:28.713 +07:00","203.683","HOT_BASELINE_100","100","-0.000852047"
"2026-07-31 16:57:29.392 +07:00","204.362","HOT_BASELINE_100","100","-0.000849066"
"2026-07-31 16:57:30.080 +07:00","205.05","HOT_BASELINE_100","100","-0.00085197"
"2026-07-31 16:57:30.760 +07:00","205.729","HOT_BASELINE_100","100","-0.000875113"
"2026-07-31 16:57:31.461 +07:00","206.431","HOT_BASELINE_100","100","-0.000855767"
"2026-07-31 16:57:32.155 +07:00","207.111","HOT_BASELINE_100","100","-0.000850234"
"2026-07-31 16:57:32.843 +07:00","207.813","HOT_BASELINE_100","100","-0.000879574"
"2026-07-31 16:57:33.537 +07:00","208.498","HOT_BASELINE_100","100","-0.00088127"
"2026-07-31 16:57:34.211 +07:00","209.18","HOT_BASELINE_100","100","-0.00088127"
"2026-07-31 16:57:34.905 +07:00","209.86","HOT_BASELINE_100","100","-0.00088127"
"2026-07-31 16:57:35.768 +07:00","210.735","HOT_BASELINE_100","100","-0.000883863"
"2026-07-31 16:57:36.455 +07:00","211.409","HOT_BASELINE_100","100","-0.000869803"
"2026-07-31 16:57:37.148 +07:00","212.118","HOT_BASELINE_100","100","-0.000831026"
"2026-07-31 16:57:37.836 +07:00","212.801","HOT_BASELINE_100","100","-0.000852535"
"2026-07-31 16:57:38.520 +07:00","213.487","HOT_BASELINE_100","100","-0.000829283"
"2026-07-31 16:57:39.190 +07:00","214.159","HOT_BASELINE_100","100","-0.000842036"
"2026-07-31 16:57:39.880 +07:00","214.85","HOT_BASELINE_100","100","-0.000849167"
"2026-07-31 16:57:40.556 +07:00","215.525","HOT_BASELINE_100","100","-0.000840971"
"2026-07-31 16:57:41.245 +07:00","216.214","HOT_BASELINE_100","100","-0.000829395"
"2026-07-31 16:57:41.921 +07:00","216.89","HOT_BASELINE_100","100","-0.000847024"
"2026-07-31 16:57:42.617 +07:00","217.586","HOT_BASELINE_100","100","-0.000848369"
"2026-07-31 16:57:43.285 +07:00","218.254","HOT_BASELINE_100","100","-0.00085608"
"2026-07-31 16:57:43.971 +07:00","218.94","HOT_BASELINE_100","100","-0.000875757"
"2026-07-31 16:57:44.653 +07:00","219.622","HOT_BASELINE_100","100","-0.000875757"
"2026-07-31 16:57:45.336 +07:00","220.291","HOT_BASELINE_100","100","-0.000875757"
"2026-07-31 16:57:46.164 +07:00","221.134","HOT_BASELINE_100","100","-0.000845625"
"2026-07-31 16:57:46.854 +07:00","221.824","HOT_BASELINE_100","100","-0.000864893"
"2026-07-31 16:57:47.547 +07:00","222.515","HOT_BASELINE_100","100","-0.000850496"
"2026-07-31 16:57:48.244 +07:00","223.206","HOT_BASELINE_100","100","-0.000849381"
"2026-07-31 16:57:48.925 +07:00","223.888","HOT_BASELINE_100","100","-0.000856912"
"2026-07-31 16:57:49.602 +07:00","224.571","HOT_BASELINE_100","100","-0.000862599"
"2026-07-31 16:57:50.283 +07:00","225.252","HOT_BASELINE_100","100","-0.000841536"
"2026-07-31 16:57:50.968 +07:00","225.938","HOT_BASELINE_100","100","-0.000840006"
"2026-07-31 16:57:51.660 +07:00","226.619","HOT_BASELINE_100","100","-0.000838089"
"2026-07-31 16:57:52.344 +07:00","227.303","HOT_BASELINE_100","100","-0.000820115"
"2026-07-31 16:57:53.031 +07:00","228.001","HOT_BASELINE_100","100","-0.000844374"
"2026-07-31 16:57:53.732 +07:00","228.701","HOT_BASELINE_100","100","-0.000846342"
"2026-07-31 16:57:54.428 +07:00","229.384","HOT_BASELINE_100","100","-0.000846342"
"2026-07-31 16:57:55.101 +07:00","230.07","HOT_BASELINE_100","100","-0.000846342"
"2026-07-31 16:57:55.969 +07:00","230.935","HOT_BASELINE_100","100","-0.000843783"
"2026-07-31 16:57:56.664 +07:00","231.634","HOT_BASELINE_100","100","-0.000842993"
"2026-07-31 16:57:57.346 +07:00","232.316","HOT_BASELINE_100","100","-0.000851433"
"2026-07-31 16:57:58.048 +07:00","233.017","HOT_BASELINE_100","100","-0.000828841"
"2026-07-31 16:57:58.729 +07:00","233.699","HOT_BASELINE_100","100","-0.000835976"
"2026-07-31 16:57:59.415 +07:00","234.384","HOT_BASELINE_100","100","-0.000861298"
"2026-07-31 16:58:00.096 +07:00","235.065","HOT_BASELINE_100","100","-0.000870744"
"2026-07-31 16:58:00.793 +07:00","235.76","HOT_BASELINE_100","100","-0.000885987"
"2026-07-31 16:58:01.461 +07:00","236.43","HOT_BASELINE_100","100","-0.000875693"
"2026-07-31 16:58:02.147 +07:00","237.116","HOT_BASELINE_100","100","-0.000872571"
"2026-07-31 16:58:02.836 +07:00","237.795","HOT_BASELINE_100","100","-0.000874448"
"2026-07-31 16:58:03.522 +07:00","238.481","HOT_BASELINE_100","100","-0.000898649"
"2026-07-31 16:58:04.193 +07:00","239.163","HOT_BASELINE_100","100","-0.000903645"
"2026-07-31 16:58:04.873 +07:00","239.842","HOT_BASELINE_100","100","-0.000903645"
"2026-07-31 16:58:05.560 +07:00","240.529","HOT_BASELINE_100","100","-0.000903645"
"2026-07-31 16:58:06.393 +07:00","241.363","HOT_BASELINE_100","100","-0.00089542"
"2026-07-31 16:58:07.076 +07:00","242.045","HOT_BASELINE_100","100","-0.000920485"
"2026-07-31 16:58:07.760 +07:00","242.729","HOT_BASELINE_100","100","-0.000894948"
"2026-07-31 16:58:08.452 +07:00","243.42","HOT_BASELINE_100","100","-0.000882987"
"2026-07-31 16:58:09.143 +07:00","244.113","HOT_BASELINE_100","100","-0.000881818"
"2026-07-31 16:58:09.822 +07:00","244.792","HOT_BASELINE_100","100","-0.000884999"
"2026-07-31 16:58:10.509 +07:00","245.478","HOT_BASELINE_100","100","-0.00088286"
"2026-07-31 16:58:11.194 +07:00","246.163","HOT_BASELINE_100","100","-0.000869773"
"2026-07-31 16:58:11.874 +07:00","246.843","HOT_BASELINE_100","100","-0.0008624"
"2026-07-31 16:58:12.556 +07:00","247.525","HOT_BASELINE_100","100","-0.000849524"
"2026-07-31 16:58:13.224 +07:00","248.193","HOT_BASELINE_100","100","-0.00088485"
"2026-07-31 16:58:13.952 +07:00","248.922","HOT_BASELINE_100","100","-0.00084754"
"2026-07-31 16:58:14.640 +07:00","249.609","HOT_BASELINE_100","100","-0.00084754"
"2026-07-31 16:58:15.319 +07:00","250.288","HOT_BASELINE_100","100","-0.00084754"
"2026-07-31 16:58:16.185 +07:00","251.155","HOT_BASELINE_100","100","-0.000852063"
"2026-07-31 16:58:16.871 +07:00","251.84","HOT_BASELINE_100","100","-0.000845595"
"2026-07-31 16:58:17.552 +07:00","252.507","HOT_BASELINE_100","100","-0.000856491"
"2026-07-31 16:58:18.235 +07:00","253.205","HOT_BASELINE_100","100","-0.000860684"
"2026-07-31 16:58:18.923 +07:00","253.893","HOT_BASELINE_100","100","-0.000855427"
"2026-07-31 16:58:19.602 +07:00","254.571","HOT_BASELINE_100","100","-0.000859117"
"2026-07-31 16:58:20.271 +07:00","255.24","HOT_BASELINE_100","100","-0.000853623"
"2026-07-31 16:58:20.951 +07:00","255.92","HOT_BASELINE_100","100","-0.000850672"
"2026-07-31 16:58:21.640 +07:00","256.609","HOT_BASELINE_100","100","-0.000818279"
"2026-07-31 16:58:22.317 +07:00","257.286","HOT_BASELINE_100","100","-0.000835706"
"2026-07-31 16:58:22.986 +07:00","257.955","HOT_BASELINE_100","100","-0.000851684"
"2026-07-31 16:58:23.678 +07:00","258.645","HOT_BASELINE_100","100","-0.000861208"
"2026-07-31 16:58:24.352 +07:00","259.321","HOT_BASELINE_100","100","-0.000854148"
"2026-07-31 16:58:25.048 +07:00","260.017","HOT_BASELINE_100","100","-0.000854148"
"2026-07-31 16:58:25.736 +07:00","260.705","HOT_BASELINE_100","100","-0.000854148"
"2026-07-31 16:58:26.545 +07:00","261.514","HOT_BASELINE_100","100","-0.000838726"
"2026-07-31 16:58:27.238 +07:00","262.205","HOT_BASELINE_100","100","-0.000854909"
"2026-07-31 16:58:27.921 +07:00","262.89","HOT_BASELINE_100","100","-0.000853056"
"2026-07-31 16:58:28.600 +07:00","263.57","HOT_BASELINE_100","100","-0.000847497"
"2026-07-31 16:58:29.293 +07:00","264.25","HOT_BASELINE_100","100","-0.000849904"
"2026-07-31 16:58:29.965 +07:00","264.935","HOT_BASELINE_100","100","-0.000849838"
"2026-07-31 16:58:30.644 +07:00","265.613","HOT_BASELINE_100","100","-0.000843284"
"2026-07-31 16:58:31.338 +07:00","266.302","HOT_BASELINE_100","100","-0.000849054"
"2026-07-31 16:58:32.014 +07:00","266.984","HOT_BASELINE_100","100","-0.000845952"
"2026-07-31 16:58:32.697 +07:00","267.666","HOT_BASELINE_100","100","-0.000837612"
"2026-07-31 16:58:33.386 +07:00","268.356","HOT_BASELINE_100","100","-0.000843699"
"2026-07-31 16:58:34.111 +07:00","269.081","HOT_BASELINE_100","100","-0.000826084"
"2026-07-31 16:58:34.808 +07:00","269.763","HOT_BASELINE_100","100","-0.000826084"
"2026-07-31 16:58:35.480 +07:00","270.45","HOT_BASELINE_100","100","-0.000826084"
"2026-07-31 16:58:36.350 +07:00","271.303","HOT_BASELINE_100","100","-0.000822897"
"2026-07-31 16:58:37.044 +07:00","271.997","HOT_BASELINE_100","100","-0.000836069"
"2026-07-31 16:58:37.725 +07:00","272.694","HOT_BASELINE_100","100","-0.000827391"
"2026-07-31 16:58:38.404 +07:00","273.365","HOT_BASELINE_100","100","-0.000838974"
"2026-07-31 16:58:39.091 +07:00","274.06","HOT_BASELINE_100","100","-0.000813747"
"2026-07-31 16:58:39.763 +07:00","274.732","HOT_BASELINE_100","100","-0.00077596"
"2026-07-31 16:58:40.449 +07:00","275.419","HOT_BASELINE_100","100","-0.00077966"
"2026-07-31 16:58:41.135 +07:00","276.104","HOT_BASELINE_100","100","-0.000786255"
"2026-07-31 16:58:41.820 +07:00","276.777","HOT_BASELINE_100","100","-0.000783643"
"2026-07-31 16:58:42.500 +07:00","277.469","HOT_BASELINE_100","100","-0.000703271"
"2026-07-31 16:58:43.173 +07:00","278.143","HOT_BASELINE_100","100","-0.000739407"
"2026-07-31 16:58:43.862 +07:00","278.831","HOT_BASELINE_100","100","-0.000747958"
"2026-07-31 16:58:44.540 +07:00","279.509","HOT_BASELINE_100","100","-0.000755259"
"2026-07-31 16:58:45.208 +07:00","280.177","HOT_BASELINE_100","100","-0.000755259"
"2026-07-31 16:58:45.901 +07:00","280.859","HOT_BASELINE_100","100","-0.000755259"
"2026-07-31 16:58:46.749 +07:00","281.716","HOT_BASELINE_100","100","-0.000757135"
"2026-07-31 16:58:47.439 +07:00","282.406","HOT_BASELINE_100","100","-0.00077093"
"2026-07-31 16:58:48.125 +07:00","283.094","HOT_BASELINE_100","100","-0.000773486"
"2026-07-31 16:58:48.803 +07:00","283.773","HOT_BASELINE_100","100","-0.000764263"
"2026-07-31 16:58:49.474 +07:00","284.444","HOT_BASELINE_100","100","-0.000770002"
"2026-07-31 16:58:50.165 +07:00","285.122","HOT_BASELINE_100","100","-0.000775795"
"2026-07-31 16:58:50.847 +07:00","285.807","HOT_BASELINE_100","100","-0.000867641"
"2026-07-31 16:58:51.518 +07:00","286.487","HOT_BASELINE_100","100","-0.000854364"
"2026-07-31 16:58:52.206 +07:00","287.175","HOT_BASELINE_100","100","-0.000850337"
"2026-07-31 16:58:52.899 +07:00","287.867","HOT_BASELINE_100","100","-0.000839205"
"2026-07-31 16:58:53.571 +07:00","288.54","HOT_BASELINE_100","100","-0.000845889"
"2026-07-31 16:58:54.308 +07:00","289.275","HOT_BASELINE_100","100","-0.000870871"
"2026-07-31 16:58:54.986 +07:00","289.955","HOT_BASELINE_100","100","-0.000870871"
"2026-07-31 16:58:55.667 +07:00","290.636","HOT_BASELINE_100","100","-0.000870871"
"2026-07-31 16:58:56.544 +07:00","291.513","HOT_BASELINE_100","100","-0.00089345"
"2026-07-31 16:58:57.231 +07:00","292.201","HOT_BASELINE_100","100","-0.000917632"
"2026-07-31 16:58:57.926 +07:00","292.888","HOT_BASELINE_100","100","-0.000907908"
"2026-07-31 16:58:58.599 +07:00","293.568","HOT_BASELINE_100","100","-0.000940707"
"2026-07-31 16:58:59.293 +07:00","294.262","HOT_BASELINE_100","100","-0.000932827"
"2026-07-31 16:58:59.966 +07:00","294.935","HOT_BASELINE_100","100","-0.000907895"
"2026-07-31 16:59:00.654 +07:00","295.623","HOT_BASELINE_100","100","-0.000898208"
"2026-07-31 16:59:01.342 +07:00","296.304","HOT_BASELINE_100","100","-0.000903555"
"2026-07-31 16:59:02.033 +07:00","297.002","HOT_BASELINE_100","100","-0.000894505"
"2026-07-31 16:59:02.713 +07:00","297.682","HOT_BASELINE_100","100","-0.000872772"
"2026-07-31 16:59:03.387 +07:00","298.356","HOT_BASELINE_100","100","-0.000857982"
"2026-07-31 16:59:04.064 +07:00","299.033","HOT_BASELINE_100","100","-0.000837277"
"2026-07-31 16:59:04.764 +07:00","299.723","HOT_BASELINE_100","100","-0.000850107"
"2026-07-31 16:59:05.443 +07:00","300.412","HOT_BASELINE_100","100","-0.000850107"
"2026-07-31 16:59:06.131 +07:00","301.101","HOT_BASELINE_100","100","-0.000850107"
"2026-07-31 16:59:06.940 +07:00","301.91","HOT_BASELINE_100","100","-0.000815474"
"2026-07-31 16:59:07.629 +07:00","302.598","HOT_BASELINE_100","100","-0.000806774"
"2026-07-31 16:59:08.314 +07:00","303.283","HOT_BASELINE_100","100","-0.000813945"
"2026-07-31 16:59:08.996 +07:00","303.966","HOT_BASELINE_100","100","-0.000812729"
"2026-07-31 16:59:09.680 +07:00","304.65","HOT_BASELINE_100","100","-0.000815667"
"2026-07-31 16:59:10.369 +07:00","305.338","HOT_BASELINE_100","100","-0.000812892"
"2026-07-31 16:59:11.043 +07:00","306.013","HOT_BASELINE_100","100","-0.000806444"
"2026-07-31 16:59:11.729 +07:00","306.698","HOT_BASELINE_100","100","-0.000827081"
"2026-07-31 16:59:12.409 +07:00","307.378","HOT_BASELINE_100","100","-0.000827885"
"2026-07-31 16:59:13.103 +07:00","308.071","HOT_BASELINE_100","100","-0.000825514"
"2026-07-31 16:59:13.774 +07:00","308.744","HOT_BASELINE_100","100","-0.000839531"
"2026-07-31 16:59:14.509 +07:00","309.478","HOT_BASELINE_100","100","-0.000844197"
"2026-07-31 16:59:15.207 +07:00","310.16","HOT_BASELINE_100","100","-0.000844197"
"2026-07-31 16:59:15.894 +07:00","310.864","HOT_BASELINE_100","100","-0.000844197"
"2026-07-31 16:59:16.749 +07:00","311.719","HOT_BASELINE_100","100","-0.000864903"
"2026-07-31 16:59:17.444 +07:00","312.409","HOT_BASELINE_100","100","-0.000864213"
"2026-07-31 16:59:18.122 +07:00","313.091","HOT_BASELINE_100","100","-0.000856072"
"2026-07-31 16:59:18.793 +07:00","313.762","HOT_BASELINE_100","100","-0.000859594"
"2026-07-31 16:59:19.472 +07:00","314.442","HOT_BASELINE_100","100","-0.000863683"
"2026-07-31 16:59:20.158 +07:00","315.128","HOT_BASELINE_100","100","-0.000847627"
"2026-07-31 16:59:20.839 +07:00","315.808","HOT_BASELINE_100","100","-0.00084069"
"2026-07-31 16:59:21.513 +07:00","316.483","HOT_BASELINE_100","100","-0.000842039"
"2026-07-31 16:59:22.203 +07:00","317.172","HOT_BASELINE_100","100","-0.000816634"
"2026-07-31 16:59:22.890 +07:00","317.859","HOT_BASELINE_100","100","-0.000806783"
"2026-07-31 16:59:23.581 +07:00","318.54","HOT_BASELINE_100","100","-0.000776688"
"2026-07-31 16:59:24.256 +07:00","319.225","HOT_BASELINE_100","100","-0.000692404"
"2026-07-31 16:59:24.937 +07:00","319.906","HOT_BASELINE_100","100","-0.000696335"
"2026-07-31 16:59:25.636 +07:00","320.605","HOT_BASELINE_100","100","-0.000696335"
"2026-07-31 16:59:26.321 +07:00","321.29","HOT_BASELINE_100","100","-0.000696335"
"2026-07-31 16:59:27.146 +07:00","322.102","HOT_BASELINE_100","100","-0.000720296"
"2026-07-31 16:59:27.833 +07:00","322.802","HOT_BASELINE_100","100","-0.000717579"
"2026-07-31 16:59:28.519 +07:00","323.488","HOT_BASELINE_100","100","-0.000718048"
"2026-07-31 16:59:29.202 +07:00","324.171","HOT_BASELINE_100","100","-0.000714105"
"2026-07-31 16:59:29.887 +07:00","324.856","HOT_BASELINE_100","100","-0.000710675"
"2026-07-31 16:59:30.567 +07:00","325.536","HOT_BASELINE_100","100","-0.000728745"
"2026-07-31 16:59:31.263 +07:00","326.23","HOT_BASELINE_100","100","-0.000734872"
"2026-07-31 16:59:31.952 +07:00","326.921","HOT_BASELINE_100","100","-0.000744725"
"2026-07-31 16:59:32.635 +07:00","327.604","HOT_BASELINE_100","100","-0.000810356"
"2026-07-31 16:59:33.314 +07:00","328.284","HOT_BASELINE_100","100","-0.000799549"
"2026-07-31 16:59:34.002 +07:00","328.971","HOT_BASELINE_100","100","-0.000772126"
"2026-07-31 16:59:34.699 +07:00","329.668","HOT_BASELINE_100","100","-0.000778864"
"2026-07-31 16:59:35.383 +07:00","330.353","HOT_BASELINE_100","100","-0.000778864"
"2026-07-31 16:59:36.049 +07:00","331.018","HOT_BASELINE_100","100","-0.000778864"
"2026-07-31 16:59:36.944 +07:00","331.912","HOT_BASELINE_100","100","-0.000773679"
"2026-07-31 16:59:37.628 +07:00","332.598","HOT_BASELINE_100","100","-0.000793826"
"2026-07-31 16:59:38.316 +07:00","333.283","HOT_BASELINE_100","100","-0.000808694"
"2026-07-31 16:59:39.005 +07:00","333.964","HOT_BASELINE_100","100","-0.000780982"
"2026-07-31 16:59:39.681 +07:00","334.651","HOT_BASELINE_100","100","-0.000805707"
"2026-07-31 16:59:40.362 +07:00","335.331","HOT_BASELINE_100","100","-0.000827273"
"2026-07-31 16:59:41.048 +07:00","336.018","HOT_BASELINE_100","100","-0.000823017"
"2026-07-31 16:59:41.727 +07:00","336.696","HOT_BASELINE_100","100","-0.000831032"
"2026-07-31 16:59:42.401 +07:00","337.37","HOT_BASELINE_100","100","-0.000826284"
"2026-07-31 16:59:43.078 +07:00","338.047","HOT_BASELINE_100","100","-0.000833369"
"2026-07-31 16:59:43.768 +07:00","338.734","HOT_BASELINE_100","100","-0.000836656"
"2026-07-31 16:59:44.456 +07:00","339.41","HOT_BASELINE_100","100","-0.000834781"
"2026-07-31 16:59:45.142 +07:00","340.098","HOT_BASELINE_100","100","-0.00081176"
"2026-07-31 16:59:45.825 +07:00","340.794","HOT_BASELINE_100","100","-0.00081176"
"2026-07-31 16:59:46.495 +07:00","341.464","HOT_BASELINE_100","100","-0.00081176"
"2026-07-31 16:59:47.323 +07:00","342.292","HOT_BASELINE_100","100","-0.00084421"
"2026-07-31 16:59:48.027 +07:00","342.996","HOT_BASELINE_100","100","-0.000821399"
"2026-07-31 16:59:48.706 +07:00","343.661","HOT_BASELINE_100","100","-0.000818099"
"2026-07-31 16:59:49.399 +07:00","344.369","HOT_BASELINE_100","100","-0.000837831"
"2026-07-31 16:59:50.076 +07:00","345.045","HOT_BASELINE_100","100","-0.000834128"
"2026-07-31 16:59:50.781 +07:00","345.751","HOT_BASELINE_100","100","-0.000843055"
"2026-07-31 16:59:51.465 +07:00","346.434","HOT_BASELINE_100","100","-0.000832436"
"2026-07-31 16:59:52.147 +07:00","347.109","HOT_BASELINE_100","100","-0.000821348"
"2026-07-31 16:59:52.840 +07:00","347.809","HOT_BASELINE_100","100","-0.000830115"
"2026-07-31 16:59:53.516 +07:00","348.486","HOT_BASELINE_100","100","-0.000834667"
"2026-07-31 16:59:54.199 +07:00","349.166","HOT_BASELINE_100","100","-0.000837108"
"2026-07-31 16:59:54.905 +07:00","349.874","HOT_BASELINE_100","100","-0.000839073"
"2026-07-31 16:59:55.590 +07:00","350.56","HOT_BASELINE_100","100","-0.000839073"
"2026-07-31 16:59:56.287 +07:00","351.256","HOT_BASELINE_100","100","-0.000839073"
"2026-07-31 16:59:57.124 +07:00","352.094","HOT_BASELINE_100","100","-0.000838144"
"2026-07-31 16:59:57.803 +07:00","352.772","HOT_BASELINE_100","100","-0.000836197"
"2026-07-31 16:59:58.482 +07:00","353.451","HOT_BASELINE_100","100","-0.000832009"
"2026-07-31 16:59:59.170 +07:00","354.139","HOT_BASELINE_100","100","-0.000842113"
"2026-07-31 16:59:59.856 +07:00","354.825","HOT_BASELINE_100","100","-0.000847577"
"2026-07-31 17:00:00.539 +07:00","355.508","HOT_BASELINE_100","100","-0.000860826"
"2026-07-31 17:00:01.222 +07:00","356.191","HOT_BASELINE_100","100","-0.000846791"
"2026-07-31 17:00:01.916 +07:00","356.882","HOT_BASELINE_100","100","-0.000854481"
"2026-07-31 17:00:02.586 +07:00","357.556","HOT_BASELINE_100","100","-0.000847325"
"2026-07-31 17:00:03.268 +07:00","358.237","HOT_BASELINE_100","100","-0.000843374"
"2026-07-31 17:00:03.952 +07:00","358.905","HOT_BASELINE_100","100","-0.000842747"
"2026-07-31 17:00:04.645 +07:00","359.603","HOT_BASELINE_100","100","-0.000861224"
"2026-07-31 17:00:05.324 +07:00","360.293","HOT_BASELINE_100","100","-0.000879137"
"2026-07-31 17:00:06.014 +07:00","360.971","HOT_BASELINE_100","100","-0.000879137"
"2026-07-31 17:00:06.710 +07:00","361.671","HOT_BASELINE_100","100","-0.000879137"
"2026-07-31 17:00:07.517 +07:00","362.487","HOT_BASELINE_100","100","-0.000866086"
"2026-07-31 17:00:08.200 +07:00","363.169","HOT_BASELINE_100","100","-0.000855773"
"2026-07-31 17:00:08.881 +07:00","363.85","HOT_BASELINE_100","100","-0.000841882"
"2026-07-31 17:00:09.565 +07:00","364.534","HOT_BASELINE_100","100","-0.000852617"
"2026-07-31 17:00:10.258 +07:00","365.226","HOT_BASELINE_100","100","-0.000845389"
"2026-07-31 17:00:10.932 +07:00","365.901","HOT_BASELINE_100","100","-0.000827623"
"2026-07-31 17:00:11.624 +07:00","366.591","HOT_BASELINE_100","100","-0.000840387"
"2026-07-31 17:00:12.314 +07:00","367.283","HOT_BASELINE_100","100","-0.000833589"
"2026-07-31 17:00:13.004 +07:00","367.974","HOT_BASELINE_100","100","-0.000815773"
"2026-07-31 17:00:13.688 +07:00","368.656","HOT_BASELINE_100","100","-0.000805009"
"2026-07-31 17:00:14.362 +07:00","369.331","HOT_BASELINE_100","100","-0.000828102"
"2026-07-31 17:00:15.081 +07:00","370.05","HOT_BASELINE_100","100","-0.000835622"
"2026-07-31 17:00:15.776 +07:00","370.729","HOT_BASELINE_100","100","-0.000835622"
"2026-07-31 17:00:16.470 +07:00","371.431","HOT_BASELINE_100","100","-0.000835622"
"2026-07-31 17:00:17.319 +07:00","372.273","HOT_BASELINE_100","100","-0.000856489"
"2026-07-31 17:00:18.011 +07:00","372.965","HOT_BASELINE_100","100","-0.000840957"
"2026-07-31 17:00:18.692 +07:00","373.662","HOT_BASELINE_100","100","-0.0008565"
"2026-07-31 17:00:19.379 +07:00","374.349","HOT_BASELINE_100","100","-0.000880064"
"2026-07-31 17:00:20.060 +07:00","375.029","HOT_BASELINE_100","100","-0.000867723"
"2026-07-31 17:00:20.743 +07:00","375.713","HOT_BASELINE_100","100","-0.000865535"
"2026-07-31 17:00:21.427 +07:00","376.396","HOT_BASELINE_100","100","-0.000859505"
"2026-07-31 17:00:22.110 +07:00","377.079","HOT_BASELINE_100","100","-0.000878972"
"2026-07-31 17:00:22.790 +07:00","377.76","HOT_BASELINE_100","100","-0.000845299"
"2026-07-31 17:00:23.475 +07:00","378.444","HOT_BASELINE_100","100","-0.000863746"
"2026-07-31 17:00:24.156 +07:00","379.125","HOT_BASELINE_100","100","-0.000848958"
"2026-07-31 17:00:24.842 +07:00","379.812","HOT_BASELINE_100","100","-0.000853486"
"2026-07-31 17:00:25.536 +07:00","380.503","HOT_BASELINE_100","100","-0.000863411"
"2026-07-31 17:00:26.233 +07:00","381.194","HOT_BASELINE_100","100","-0.000863411"
"2026-07-31 17:00:26.921 +07:00","381.89","HOT_BASELINE_100","100","-0.000863411"
"2026-07-31 17:00:27.720 +07:00","382.689","HOT_BASELINE_100","100","-0.000857933"
"2026-07-31 17:00:28.405 +07:00","383.374","HOT_BASELINE_100","100","-0.000874613"
"2026-07-31 17:00:29.095 +07:00","384.062","HOT_BASELINE_100","100","-0.00088713"
"2026-07-31 17:00:29.785 +07:00","384.755","HOT_BASELINE_100","100","-0.000900092"
"2026-07-31 17:00:30.473 +07:00","385.442","HOT_BASELINE_100","100","-0.000916495"
"2026-07-31 17:00:31.153 +07:00","386.123","HOT_BASELINE_100","100","-0.000922271"
"2026-07-31 17:00:31.845 +07:00","386.813","HOT_BASELINE_100","100","-0.000909215"
"2026-07-31 17:00:32.530 +07:00","387.494","HOT_BASELINE_100","100","-0.00092349"
"2026-07-31 17:00:33.221 +07:00","388.19","HOT_BASELINE_100","100","-0.000901546"
"2026-07-31 17:00:33.901 +07:00","388.87","HOT_BASELINE_100","100","-0.000880678"
"2026-07-31 17:00:34.592 +07:00","389.557","HOT_BASELINE_100","100","-0.000892495"
"2026-07-31 17:00:35.283 +07:00","390.252","HOT_BASELINE_100","100","-0.000861191"
"2026-07-31 17:00:35.970 +07:00","390.939","HOT_BASELINE_100","100","-0.000861191"
"2026-07-31 17:00:36.651 +07:00","391.62","HOT_BASELINE_100","100","-0.000861191"
"2026-07-31 17:00:37.520 +07:00","392.489","HOT_BASELINE_100","100","-0.000864944"
"2026-07-31 17:00:38.204 +07:00","393.167","HOT_BASELINE_100","100","-0.000885054"
"2026-07-31 17:00:38.887 +07:00","393.856","HOT_BASELINE_100","100","-0.000857005"
"2026-07-31 17:00:39.579 +07:00","394.535","HOT_BASELINE_100","100","-0.000859036"
"2026-07-31 17:00:40.268 +07:00","395.238","HOT_BASELINE_100","100","-0.000854078"
"2026-07-31 17:00:40.947 +07:00","395.917","HOT_BASELINE_100","100","-0.000846753"
"2026-07-31 17:00:41.632 +07:00","396.601","HOT_BASELINE_100","100","-0.00086178"
"2026-07-31 17:00:42.322 +07:00","397.285","HOT_BASELINE_100","100","-0.000846571"
"2026-07-31 17:00:43.000 +07:00","397.969","HOT_BASELINE_100","100","-0.000814829"
"2026-07-31 17:00:43.680 +07:00","398.649","HOT_BASELINE_100","100","-0.000846414"
"2026-07-31 17:00:44.367 +07:00","399.336","HOT_BASELINE_100","100","-0.000839938"
"2026-07-31 17:00:45.048 +07:00","400.017","HOT_BASELINE_100","100","-0.000813423"
"2026-07-31 17:00:45.731 +07:00","400.701","HOT_BASELINE_100","100","-0.000831222"
"2026-07-31 17:00:46.420 +07:00","401.389","HOT_BASELINE_100","100","-0.000831222"
"2026-07-31 17:00:47.118 +07:00","402.087","HOT_BASELINE_100","100","-0.000831222"
"2026-07-31 17:00:47.923 +07:00","402.893","HOT_BASELINE_100","100","-0.000844801"
"2026-07-31 17:00:48.613 +07:00","403.582","HOT_BASELINE_100","100","-0.000832144"
"2026-07-31 17:00:49.295 +07:00","404.265","HOT_BASELINE_100","100","-0.000842256"
"2026-07-31 17:00:49.981 +07:00","404.95","HOT_BASELINE_100","100","-0.000848467"
"2026-07-31 17:00:50.659 +07:00","405.629","HOT_BASELINE_100","100","-0.000849113"
"2026-07-31 17:00:51.348 +07:00","406.317","HOT_BASELINE_100","100","-0.000872071"
"2026-07-31 17:00:52.040 +07:00","407.009","HOT_BASELINE_100","100","-0.000846859"
"2026-07-31 17:00:52.730 +07:00","407.697","HOT_BASELINE_100","100","-0.000829753"
"2026-07-31 17:00:53.412 +07:00","408.382","HOT_BASELINE_100","100","-0.000842735"
"2026-07-31 17:00:54.096 +07:00","409.065","HOT_BASELINE_100","100","-0.000810238"
"2026-07-31 17:00:54.776 +07:00","409.745","HOT_BASELINE_100","100","-0.00080247"
"2026-07-31 17:00:55.492 +07:00","410.462","HOT_BASELINE_100","100","-0.000830844"
"2026-07-31 17:00:56.180 +07:00","411.149","HOT_BASELINE_100","100","-0.000830844"
"2026-07-31 17:00:56.876 +07:00","411.846","HOT_BASELINE_100","100","-0.000830844"
"2026-07-31 17:00:57.730 +07:00","412.684","HOT_BASELINE_100","100","-0.000818617"
"2026-07-31 17:00:58.422 +07:00","413.389","HOT_BASELINE_100","100","-0.000813271"
"2026-07-31 17:00:59.104 +07:00","414.074","HOT_BASELINE_100","100","-0.000819463"
"2026-07-31 17:00:59.793 +07:00","414.762","HOT_BASELINE_100","100","-0.000806817"
"2026-07-31 17:01:00.485 +07:00","415.452","HOT_BASELINE_100","100","-0.00082329"
"2026-07-31 17:01:01.174 +07:00","416.144","HOT_BASELINE_100","100","-0.00083045"
"2026-07-31 17:01:01.855 +07:00","416.824","HOT_BASELINE_100","100","-0.000821861"
"2026-07-31 17:01:02.540 +07:00","417.509","HOT_BASELINE_100","100","-0.000844582"
"2026-07-31 17:01:03.224 +07:00","418.194","HOT_BASELINE_100","100","-0.000846397"
"2026-07-31 17:01:03.908 +07:00","418.878","HOT_BASELINE_100","100","-0.000865285"
"2026-07-31 17:01:04.599 +07:00","419.567","HOT_BASELINE_100","100","-0.000865165"
"2026-07-31 17:01:05.276 +07:00","420.246","HOT_BASELINE_100","100","-0.000869568"
"2026-07-31 17:01:05.969 +07:00","420.923","HOT_BASELINE_100","100","-0.000878619"
"2026-07-31 17:01:06.656 +07:00","421.625","HOT_BASELINE_100","100","-0.000878619"
"2026-07-31 17:01:07.346 +07:00","422.315","HOT_BASELINE_100","100","-0.000878619"
"2026-07-31 17:01:08.155 +07:00","423.117","HOT_BASELINE_100","100","-0.000888445"
"2026-07-31 17:01:08.835 +07:00","423.805","HOT_BASELINE_100","100","-0.000881066"
"2026-07-31 17:01:09.520 +07:00","424.49","HOT_BASELINE_100","100","-0.000880946"
"2026-07-31 17:01:10.201 +07:00","425.17","HOT_BASELINE_100","100","-0.0008704"
"2026-07-31 17:01:10.904 +07:00","425.873","HOT_BASELINE_100","100","-0.000860756"
"2026-07-31 17:01:11.599 +07:00","426.565","HOT_BASELINE_100","100","-0.000860776"
"2026-07-31 17:01:12.291 +07:00","427.258","HOT_BASELINE_100","100","-0.000823577"
"2026-07-31 17:01:12.964 +07:00","427.934","HOT_BASELINE_100","100","-0.000831567"
"2026-07-31 17:01:13.649 +07:00","428.618","HOT_BASELINE_100","100","-0.000829052"
"2026-07-31 17:01:14.341 +07:00","429.304","HOT_BASELINE_100","100","-0.000845987"
"2026-07-31 17:01:15.033 +07:00","430.003","HOT_BASELINE_100","100","-0.000831571"
"2026-07-31 17:01:15.714 +07:00","430.683","HOT_BASELINE_100","100","-0.000822642"
"2026-07-31 17:01:16.401 +07:00","431.37","HOT_BASELINE_100","100","-0.000822642"
"2026-07-31 17:01:17.095 +07:00","432.064","HOT_BASELINE_100","100","-0.000822642"
"2026-07-31 17:01:17.940 +07:00","432.909","HOT_BASELINE_100","100","-0.000814212"
"2026-07-31 17:01:18.628 +07:00","433.597","HOT_BASELINE_100","100","-0.000821941"
"2026-07-31 17:01:19.319 +07:00","434.288","HOT_BASELINE_100","100","-0.000826125"
"2026-07-31 17:01:19.995 +07:00","434.964","HOT_BASELINE_100","100","-0.000822565"
"2026-07-31 17:01:20.682 +07:00","435.651","HOT_BASELINE_100","100","-0.000821442"
"2026-07-31 17:01:21.368 +07:00","436.337","HOT_BASELINE_100","100","-0.000802339"
"2026-07-31 17:01:22.047 +07:00","437.017","HOT_BASELINE_100","100","-0.000804639"
"2026-07-31 17:01:22.729 +07:00","437.699","HOT_BASELINE_100","100","-0.000782042"
"2026-07-31 17:01:23.408 +07:00","438.365","HOT_BASELINE_100","100","-0.000814476"
"2026-07-31 17:01:24.101 +07:00","439.062","HOT_BASELINE_100","100","-0.000833107"
"2026-07-31 17:01:24.779 +07:00","439.749","HOT_BASELINE_100","100","-0.000847865"
"2026-07-31 17:01:25.471 +07:00","440.429","HOT_BASELINE_100","100","-0.000843196"
"2026-07-31 17:01:26.162 +07:00","441.131","HOT_BASELINE_100","100","-0.000837817"
"2026-07-31 17:01:26.858 +07:00","441.828","HOT_BASELINE_100","100","-0.000837817"
"2026-07-31 17:01:27.551 +07:00","442.518","HOT_BASELINE_100","100","-0.000837817"
"2026-07-31 17:01:28.339 +07:00","443.309","HOT_BASELINE_100","100","-0.000846462"
"2026-07-31 17:01:29.033 +07:00","444.001","HOT_BASELINE_100","100","-0.000843036"
"2026-07-31 17:01:29.718 +07:00","444.685","HOT_BASELINE_100","100","-0.000855383"
"2026-07-31 17:01:30.409 +07:00","445.379","HOT_BASELINE_100","100","-0.000838381"
"2026-07-31 17:01:31.091 +07:00","446.06","HOT_BASELINE_100","100","-0.000839243"
"2026-07-31 17:01:31.784 +07:00","446.745","HOT_BASELINE_100","100","-0.000828367"
"2026-07-31 17:01:32.467 +07:00","447.424","HOT_BASELINE_100","100","-0.000804606"
"2026-07-31 17:01:33.158 +07:00","448.128","HOT_BASELINE_100","100","-0.000796113"
"2026-07-31 17:01:33.837 +07:00","448.807","HOT_BASELINE_100","100","-0.000780704"
"2026-07-31 17:01:34.526 +07:00","449.496","HOT_BASELINE_100","100","-0.000776403"
"2026-07-31 17:01:35.219 +07:00","450.173","HOT_BASELINE_100","100","-0.000769991"
"2026-07-31 17:01:35.907 +07:00","450.876","HOT_BASELINE_100","100","-0.000814123"
"2026-07-31 17:01:36.588 +07:00","451.557","HOT_BASELINE_100","100","-0.000814123"
"2026-07-31 17:01:37.290 +07:00","452.259","HOT_BASELINE_100","100","-0.000814123"
"2026-07-31 17:01:38.144 +07:00","453.114","HOT_BASELINE_100","100","-0.000795462"
"2026-07-31 17:01:38.835 +07:00","453.792","HOT_BASELINE_100","100","-0.000834477"
"2026-07-31 17:01:39.504 +07:00","454.473","HOT_BASELINE_100","100","-0.000836214"
"2026-07-31 17:01:40.189 +07:00","455.158","HOT_BASELINE_100","100","-0.000816692"
"2026-07-31 17:01:40.874 +07:00","455.843","HOT_BASELINE_100","100","-0.000835258"
"2026-07-31 17:01:41.557 +07:00","456.526","HOT_BASELINE_100","100","-0.000847735"
"2026-07-31 17:01:42.235 +07:00","457.205","HOT_BASELINE_100","100","-0.000860808"
"2026-07-31 17:01:42.920 +07:00","457.89","HOT_BASELINE_100","100","-0.00087503"
"2026-07-31 17:01:43.601 +07:00","458.57","HOT_BASELINE_100","100","-0.000879795"
"2026-07-31 17:01:44.287 +07:00","459.256","HOT_BASELINE_100","100","-0.000846824"
"2026-07-31 17:01:44.968 +07:00","459.938","HOT_BASELINE_100","100","-0.000866902"
"2026-07-31 17:01:45.659 +07:00","460.628","HOT_BASELINE_100","100","-0.000856091"
"2026-07-31 17:01:46.342 +07:00","461.312","HOT_BASELINE_100","100","-0.000856093"
"2026-07-31 17:01:47.036 +07:00","462.006","HOT_BASELINE_100","100","-0.000856093"
"2026-07-31 17:01:47.731 +07:00","462.701","HOT_BASELINE_100","100","-0.000856093"
"2026-07-31 17:01:48.528 +07:00","463.498","HOT_BASELINE_100","100","-0.000868833"
"2026-07-31 17:01:49.221 +07:00","464.188","HOT_BASELINE_100","100","-0.00086962"
"2026-07-31 17:01:49.902 +07:00","464.872","HOT_BASELINE_100","100","-0.000855998"
"2026-07-31 17:01:50.580 +07:00","465.549","HOT_BASELINE_100","100","-0.000877505"
"2026-07-31 17:01:51.267 +07:00","466.236","HOT_BASELINE_100","100","-0.000896139"
"2026-07-31 17:01:51.946 +07:00","466.915","HOT_BASELINE_100","100","-0.000901676"
"2026-07-31 17:01:52.648 +07:00","467.618","HOT_BASELINE_100","100","-0.00089929"
"2026-07-31 17:01:53.329 +07:00","468.298","HOT_BASELINE_100","100","-0.000906488"
"2026-07-31 17:01:54.015 +07:00","468.984","HOT_BASELINE_100","100","-0.000889529"
"2026-07-31 17:01:54.707 +07:00","469.675","HOT_BASELINE_100","100","-0.000910253"
"2026-07-31 17:01:55.396 +07:00","470.365","HOT_BASELINE_100","100","-0.000925983"
"2026-07-31 17:01:56.093 +07:00","471.063","HOT_BASELINE_100","100","-0.000936791"
"2026-07-31 17:01:56.781 +07:00","471.75","HOT_BASELINE_100","100","-0.000936791"
"2026-07-31 17:01:57.476 +07:00","472.446","HOT_BASELINE_100","100","-0.000936791"
"2026-07-31 17:01:58.333 +07:00","473.303","HOT_BASELINE_100","100","-0.000924262"
"2026-07-31 17:01:59.028 +07:00","473.981","HOT_BASELINE_100","100","-0.000886095"
"2026-07-31 17:01:59.712 +07:00","474.681","HOT_BASELINE_100","100","-0.000859607"
"2026-07-31 17:02:00.404 +07:00","475.37","HOT_BASELINE_100","100","-0.000841539"
"2026-07-31 17:02:01.095 +07:00","476.064","HOT_BASELINE_100","100","-0.000841345"
"2026-07-31 17:02:01.777 +07:00","476.746","HOT_BASELINE_100","100","-0.000833356"
"2026-07-31 17:02:02.459 +07:00","477.428","HOT_BASELINE_100","100","-0.000860906"
"2026-07-31 17:02:03.143 +07:00","478.112","HOT_BASELINE_100","100","-0.000833061"
"2026-07-31 17:02:03.825 +07:00","478.794","HOT_BASELINE_100","100","-0.000816738"
"2026-07-31 17:02:04.510 +07:00","479.48","HOT_BASELINE_100","100","-0.000768993"
"2026-07-31 17:02:05.190 +07:00","480.159","HOT_BASELINE_100","100","-0.000801665"
"2026-07-31 17:02:05.878 +07:00","480.848","HOT_BASELINE_100","100","-0.000828459"
"2026-07-31 17:02:06.587 +07:00","481.557","HOT_BASELINE_100","100","-0.000823203"
"2026-07-31 17:02:07.275 +07:00","482.244","HOT_BASELINE_100","100","-0.000823203"
"2026-07-31 17:02:07.956 +07:00","482.925","HOT_BASELINE_100","100","-0.000823203"
"2026-07-31 17:02:08.753 +07:00","483.723","HOT_BASELINE_100","100","-0.000839312"
"2026-07-31 17:02:09.446 +07:00","484.41","HOT_BASELINE_100","100","-0.000852119"
"2026-07-31 17:02:10.123 +07:00","485.092","HOT_BASELINE_100","100","-0.000848548"
"2026-07-31 17:02:10.804 +07:00","485.773","HOT_BASELINE_100","100","-0.00082285"
"2026-07-31 17:02:11.489 +07:00","486.458","HOT_BASELINE_100","100","-0.000832602"
"2026-07-31 17:02:12.173 +07:00","487.143","HOT_BASELINE_100","100","-0.00081476"
"2026-07-31 17:02:12.862 +07:00","487.826","HOT_BASELINE_100","100","-0.000853552"
"2026-07-31 17:02:13.548 +07:00","488.508","HOT_BASELINE_100","100","-0.000845052"
"2026-07-31 17:02:14.245 +07:00","489.206","HOT_BASELINE_100","100","-0.000854185"
"2026-07-31 17:02:14.918 +07:00","489.887","HOT_BASELINE_100","100","-0.000861347"
"2026-07-31 17:02:15.604 +07:00","490.573","HOT_BASELINE_100","100","-0.000859016"
"2026-07-31 17:02:16.316 +07:00","491.285","HOT_BASELINE_100","100","-0.000834334"
"2026-07-31 17:02:17.005 +07:00","491.974","HOT_BASELINE_100","100","-0.000834334"
"2026-07-31 17:02:17.700 +07:00","492.653","HOT_BASELINE_100","100","-0.000834334"
"2026-07-31 17:02:18.545 +07:00","493.514","HOT_BASELINE_100","100","-0.000848018"
"2026-07-31 17:02:19.236 +07:00","494.189","HOT_BASELINE_100","100","-0.000867861"
"2026-07-31 17:02:19.929 +07:00","494.895","HOT_BASELINE_100","100","-0.000876588"
"2026-07-31 17:02:20.625 +07:00","495.592","HOT_BASELINE_100","100","-0.000877749"
"2026-07-31 17:02:21.321 +07:00","496.287","HOT_BASELINE_100","100","-0.000865452"
"2026-07-31 17:02:21.998 +07:00","496.967","HOT_BASELINE_100","100","-0.000847713"
"2026-07-31 17:02:22.681 +07:00","497.65","HOT_BASELINE_100","100","-0.000845543"
"2026-07-31 17:02:23.373 +07:00","498.337","HOT_BASELINE_100","100","-0.000856956"
"2026-07-31 17:02:24.047 +07:00","499.016","HOT_BASELINE_100","100","-0.000845276"
"2026-07-31 17:02:24.735 +07:00","499.704","HOT_BASELINE_100","100","-0.000864359"
"2026-07-31 17:02:25.427 +07:00","500.394","HOT_BASELINE_100","100","-0.000853905"
"2026-07-31 17:02:26.116 +07:00","501.085","HOT_BASELINE_100","100","-0.000847228"
"2026-07-31 17:02:26.810 +07:00","501.777","HOT_BASELINE_100","100","-0.000830549"
"2026-07-31 17:02:27.497 +07:00","502.467","HOT_BASELINE_100","100","-0.000830549"
"2026-07-31 17:02:28.190 +07:00","503.157","HOT_BASELINE_100","100","-0.000830549"
"2026-07-31 17:02:29.001 +07:00","503.97","HOT_BASELINE_100","100","-0.000923701"
"2026-07-31 17:02:29.694 +07:00","504.663","HOT_BASELINE_100","100","-0.000943306"
"2026-07-31 17:02:30.385 +07:00","505.346","HOT_BASELINE_100","100","-0.000957311"
"2026-07-31 17:02:31.066 +07:00","506.035","HOT_BASELINE_100","100","-0.000951206"
"2026-07-31 17:02:31.757 +07:00","506.714","HOT_BASELINE_100","100","-0.00093746"
"2026-07-31 17:02:32.442 +07:00","507.411","HOT_BASELINE_100","100","-0.000945811"
"2026-07-31 17:02:33.133 +07:00","508.097","HOT_BASELINE_100","100","-0.00092777"
"2026-07-31 17:02:33.814 +07:00","508.783","HOT_BASELINE_100","100","-0.000950413"
"2026-07-31 17:02:34.496 +07:00","509.465","HOT_BASELINE_100","100","-0.000952968"
"2026-07-31 17:02:35.175 +07:00","510.144","HOT_BASELINE_100","100","-0.000963835"
"2026-07-31 17:02:35.860 +07:00","510.83","HOT_BASELINE_100","100","-0.000898151"
"2026-07-31 17:02:36.557 +07:00","511.526","HOT_BASELINE_100","100","-0.000881093"
"2026-07-31 17:02:37.247 +07:00","512.216","HOT_BASELINE_100","100","-0.000881093"
"2026-07-31 17:02:37.933 +07:00","512.902","HOT_BASELINE_100","100","-0.000881093"
"2026-07-31 17:02:38.789 +07:00","513.758","HOT_BASELINE_100","100","-0.00086851"
"2026-07-31 17:02:39.472 +07:00","514.428","HOT_BASELINE_100","100","-0.000862279"
"2026-07-31 17:02:40.167 +07:00","515.132","HOT_BASELINE_100","100","-0.000856954"
"2026-07-31 17:02:40.847 +07:00","515.815","HOT_BASELINE_100","100","-0.000876045"
"2026-07-31 17:02:41.541 +07:00","516.51","HOT_BASELINE_100","100","-0.000892501"
"2026-07-31 17:02:42.231 +07:00","517.199","HOT_BASELINE_100","100","-0.000872971"
"2026-07-31 17:02:42.922 +07:00","517.891","HOT_BASELINE_100","100","-0.000866634"
"2026-07-31 17:02:43.611 +07:00","518.58","HOT_BASELINE_100","100","-0.000843172"
"2026-07-31 17:02:44.290 +07:00","519.259","HOT_BASELINE_100","100","-0.000804765"
"2026-07-31 17:02:44.975 +07:00","519.944","HOT_BASELINE_100","100","-0.000813722"
"2026-07-31 17:02:45.657 +07:00","520.627","HOT_BASELINE_100","100","-0.000827355"
"2026-07-31 17:02:46.336 +07:00","521.305","HOT_BASELINE_100","100","-0.000839249"
"2026-07-31 17:02:47.023 +07:00","521.992","HOT_BASELINE_100","100","-0.000853799"
"2026-07-31 17:02:47.711 +07:00","522.68","HOT_BASELINE_100","100","-0.000853799"
"2026-07-31 17:02:48.403 +07:00","523.372","HOT_BASELINE_100","100","-0.000853799"
"2026-07-31 17:02:49.227 +07:00","524.196","HOT_BASELINE_100","100","-0.000814219"
"2026-07-31 17:02:49.919 +07:00","524.873","HOT_BASELINE_100","100","-0.000734595"
"2026-07-31 17:02:50.602 +07:00","525.571","HOT_BASELINE_100","100","-0.000729389"
"2026-07-31 17:02:51.292 +07:00","526.256","HOT_BASELINE_100","100","-0.000735489"
"2026-07-31 17:02:51.970 +07:00","526.94","HOT_BASELINE_100","100","-0.000760144"
"2026-07-31 17:02:52.652 +07:00","527.621","HOT_BASELINE_100","100","-0.00076545"
"2026-07-31 17:02:53.333 +07:00","528.302","HOT_BASELINE_100","100","-0.000766592"
"2026-07-31 17:02:54.018 +07:00","528.988","HOT_BASELINE_100","100","-0.00077083"
"2026-07-31 17:02:54.699 +07:00","529.668","HOT_BASELINE_100","100","-0.000756563"
"2026-07-31 17:02:55.384 +07:00","530.353","HOT_BASELINE_100","100","-0.000736871"
"2026-07-31 17:02:56.073 +07:00","531.035","HOT_BASELINE_100","100","-0.000748749"
"2026-07-31 17:02:56.788 +07:00","531.751","HOT_BASELINE_100","100","-0.000829247"
"2026-07-31 17:02:57.475 +07:00","532.443","HOT_BASELINE_100","100","-0.000829247"
"2026-07-31 17:02:58.149 +07:00","533.118","HOT_BASELINE_100","100","-0.000829247"
"2026-07-31 17:02:59.019 +07:00","533.989","HOT_BASELINE_100","100","-0.000825766"
"2026-07-31 17:02:59.714 +07:00","534.678","HOT_BASELINE_100","100","-0.000801363"
"2026-07-31 17:03:00.403 +07:00","535.372","HOT_BASELINE_100","100","-0.000798686"
"2026-07-31 17:03:01.082 +07:00","536.051","HOT_BASELINE_100","100","-0.0007994"
"2026-07-31 17:03:01.763 +07:00","536.732","HOT_BASELINE_100","100","-0.000790611"
"2026-07-31 17:03:02.470 +07:00","537.434","HOT_BASELINE_100","100","-0.000775835"
"2026-07-31 17:03:03.144 +07:00","538.114","HOT_BASELINE_100","100","-0.000786366"
"2026-07-31 17:03:03.832 +07:00","538.801","HOT_BASELINE_100","100","-0.000795836"
"2026-07-31 17:03:04.510 +07:00","539.479","HOT_BASELINE_100","100","-0.000795142"
"2026-07-31 17:03:05.196 +07:00","540.165","HOT_BASELINE_100","100","-0.000796484"
"2026-07-31 17:03:05.877 +07:00","540.847","HOT_BASELINE_100","100","-0.000807259"
"2026-07-31 17:03:06.570 +07:00","541.532","HOT_BASELINE_100","100","-0.000822303"
"2026-07-31 17:03:07.248 +07:00","542.218","HOT_BASELINE_100","100","-0.000807076"
"2026-07-31 17:03:07.950 +07:00","542.92","HOT_BASELINE_100","100","-0.000807076"
"2026-07-31 17:03:08.649 +07:00","543.618","HOT_BASELINE_100","100","-0.000807076"
"2026-07-31 17:03:09.446 +07:00","544.406","HOT_BASELINE_100","100","-0.000817359"
"2026-07-31 17:03:10.126 +07:00","545.095","HOT_BASELINE_100","100","-0.000828064"
"2026-07-31 17:03:10.816 +07:00","545.785","HOT_BASELINE_100","100","-0.000844131"
"2026-07-31 17:03:11.498 +07:00","546.468","HOT_BASELINE_100","100","-0.000828102"
"2026-07-31 17:03:12.192 +07:00","547.161","HOT_BASELINE_100","100","-0.000834396"
"2026-07-31 17:03:12.874 +07:00","547.843","HOT_BASELINE_100","100","-0.000845471"
"2026-07-31 17:03:13.558 +07:00","548.528","HOT_BASELINE_100","100","-0.000838372"
"2026-07-31 17:03:14.240 +07:00","549.209","HOT_BASELINE_100","100","-0.00084374"
"2026-07-31 17:03:14.924 +07:00","549.893","HOT_BASELINE_100","100","-0.000840986"
"2026-07-31 17:03:15.617 +07:00","550.586","HOT_BASELINE_100","100","-0.000846656"
"2026-07-31 17:03:16.306 +07:00","551.275","HOT_BASELINE_100","100","-0.000844193"
"2026-07-31 17:03:17.004 +07:00","551.973","HOT_BASELINE_100","100","-0.000844124"
"2026-07-31 17:03:17.691 +07:00","552.661","HOT_BASELINE_100","100","-0.000844124"
"2026-07-31 17:03:18.370 +07:00","553.339","HOT_BASELINE_100","100","-0.000844124"
"2026-07-31 17:03:19.237 +07:00","554.206","HOT_BASELINE_100","100","-0.000853903"
"2026-07-31 17:03:19.921 +07:00","554.891","HOT_BASELINE_100","100","-0.000858305"
"2026-07-31 17:03:20.607 +07:00","555.576","HOT_BASELINE_100","100","-0.000850055"
"2026-07-31 17:03:21.287 +07:00","556.256","HOT_BASELINE_100","100","-0.000842301"
"2026-07-31 17:03:21.978 +07:00","556.945","HOT_BASELINE_100","100","-0.000848026"
"2026-07-31 17:03:22.652 +07:00","557.621","HOT_BASELINE_100","100","-0.000843808"
"2026-07-31 17:03:23.358 +07:00","558.325","HOT_BASELINE_100","100","-0.000854518"
"2026-07-31 17:03:24.044 +07:00","559.01","HOT_BASELINE_100","100","-0.000858759"
"2026-07-31 17:03:24.736 +07:00","559.706","HOT_BASELINE_100","100","-0.000869273"
"2026-07-31 17:03:25.416 +07:00","560.385","HOT_BASELINE_100","100","-0.00085181"
"2026-07-31 17:03:26.106 +07:00","561.073","HOT_BASELINE_100","100","-0.000835872"
"2026-07-31 17:03:26.782 +07:00","561.751","HOT_BASELINE_100","100","-0.000823513"
"2026-07-31 17:03:27.469 +07:00","562.438","HOT_BASELINE_100","100","-0.000813603"
"2026-07-31 17:03:28.149 +07:00","563.118","HOT_BASELINE_100","100","-0.000813603"
"2026-07-31 17:03:28.840 +07:00","563.809","HOT_BASELINE_100","100","-0.000813603"
"2026-07-31 17:03:29.671 +07:00","564.64","HOT_BASELINE_100","100","-0.000815855"
"2026-07-31 17:03:30.360 +07:00","565.319","HOT_BASELINE_100","100","-0.000812317"
"2026-07-31 17:03:31.059 +07:00","566.026","HOT_BASELINE_100","100","-0.000808907"
"2026-07-31 17:03:31.751 +07:00","566.705","HOT_BASELINE_100","100","-0.000799719"
"2026-07-31 17:03:32.430 +07:00","567.399","HOT_BASELINE_100","100","-0.000785591"
"2026-07-31 17:03:33.116 +07:00","568.085","HOT_BASELINE_100","100","-0.000774311"
"2026-07-31 17:03:33.805 +07:00","568.774","HOT_BASELINE_100","100","-0.000783168"
"2026-07-31 17:03:34.481 +07:00","569.45","HOT_BASELINE_100","100","-0.000793823"
"2026-07-31 17:03:35.171 +07:00","570.13","HOT_BASELINE_100","100","-0.000811506"
"2026-07-31 17:03:35.862 +07:00","570.832","HOT_BASELINE_100","100","-0.00082684"
"2026-07-31 17:03:36.553 +07:00","571.523","HOT_BASELINE_100","100","-0.000836677"
"2026-07-31 17:03:37.231 +07:00","572.2","HOT_BASELINE_100","100","-0.000826806"
"2026-07-31 17:03:37.927 +07:00","572.88","HOT_BASELINE_100","100","-0.000826806"
"2026-07-31 17:03:38.617 +07:00","573.587","HOT_BASELINE_100","100","-0.000826806"
"2026-07-31 17:03:39.467 +07:00","574.437","HOT_BASELINE_100","100","-0.000822364"
"2026-07-31 17:03:40.157 +07:00","575.124","HOT_BASELINE_100","100","-0.00082751"
"2026-07-31 17:03:40.841 +07:00","575.81","HOT_BASELINE_100","100","-0.000850116"
"2026-07-31 17:03:41.528 +07:00","576.497","HOT_BASELINE_100","100","-0.000877949"
"2026-07-31 17:03:42.208 +07:00","577.177","HOT_BASELINE_100","100","-0.000884573"
"2026-07-31 17:03:42.894 +07:00","577.863","HOT_BASELINE_100","100","-0.000862355"
"2026-07-31 17:03:43.580 +07:00","578.549","HOT_BASELINE_100","100","-0.000872404"
"2026-07-31 17:03:44.263 +07:00","579.232","HOT_BASELINE_100","100","-0.000834988"
"2026-07-31 17:03:44.944 +07:00","579.913","HOT_BASELINE_100","100","-0.000829257"
"2026-07-31 17:03:45.628 +07:00","580.594","HOT_BASELINE_100","100","-0.000858435"
"2026-07-31 17:03:46.316 +07:00","581.277","HOT_BASELINE_100","100","-0.000836509"
"2026-07-31 17:03:47.008 +07:00","581.977","HOT_BASELINE_100","100","-0.00082193"
"2026-07-31 17:03:47.689 +07:00","582.658","HOT_BASELINE_100","100","-0.000821502"
"2026-07-31 17:03:48.373 +07:00","583.342","HOT_BASELINE_100","100","-0.000821502"
"2026-07-31 17:03:49.064 +07:00","584.033","HOT_BASELINE_100","100","-0.000821502"
"2026-07-31 17:03:49.887 +07:00","584.857","HOT_BASELINE_100","100","-0.000798361"
"2026-07-31 17:03:50.571 +07:00","585.541","HOT_BASELINE_100","100","-0.000793098"
"2026-07-31 17:03:51.259 +07:00","586.227","HOT_BASELINE_100","100","-0.000804085"
"2026-07-31 17:03:51.946 +07:00","586.913","HOT_BASELINE_100","100","-0.000783352"
"2026-07-31 17:03:52.620 +07:00","587.589","HOT_BASELINE_100","100","-0.000800788"
"2026-07-31 17:03:53.306 +07:00","588.276","HOT_BASELINE_100","100","-0.000790832"
"2026-07-31 17:03:53.989 +07:00","588.958","HOT_BASELINE_100","100","-0.000771631"
"2026-07-31 17:03:54.681 +07:00","589.638","HOT_BASELINE_100","100","-0.000799229"
"2026-07-31 17:03:55.358 +07:00","590.328","HOT_BASELINE_100","100","-0.00082019"
"2026-07-31 17:03:56.043 +07:00","591.012","HOT_BASELINE_100","100","-0.000826193"
"2026-07-31 17:03:56.736 +07:00","591.705","HOT_BASELINE_100","100","-0.00082774"
"2026-07-31 17:03:57.452 +07:00","592.418","HOT_BASELINE_100","100","-0.000833238"
"2026-07-31 17:03:58.141 +07:00","593.109","HOT_BASELINE_100","100","-0.000833238"
"2026-07-31 17:03:58.821 +07:00","593.79","HOT_BASELINE_100","100","-0.000833238"
"2026-07-31 17:03:59.688 +07:00","594.653","HOT_BASELINE_100","100","-0.000830951"
"2026-07-31 17:04:00.380 +07:00","595.349","HOT_BASELINE_100","100","-0.000856426"
"2026-07-31 17:04:01.070 +07:00","596.037","HOT_BASELINE_100","100","-0.000862209"
"2026-07-31 17:04:01.748 +07:00","596.717","HOT_BASELINE_100","100","-0.000870972"
"2026-07-31 17:04:02.435 +07:00","597.404","HOT_BASELINE_100","100","-0.000872819"
"2026-07-31 17:04:03.117 +07:00","598.087","HOT_BASELINE_100","100","-0.000879966"
"2026-07-31 17:04:03.800 +07:00","598.769","HOT_BASELINE_100","100","-0.000859568"
"2026-07-31 17:04:04.481 +07:00","599.45","HOT_BASELINE_100","100","-0.000856984"
"2026-07-31 17:04:05.171 +07:00","600.134","HOT_BASELINE_100","100","-0.000867878"
"2026-07-31 17:04:05.895 +07:00","600.832","HOT_BASELINE_100","100","-0.000896103"