timestamp_local,elapsed_s,phase,duty_pct,on_ms,off_ms,telemetry_valid,mq8_status,mq8_v,mq135_v,mq3_v,mq5_v,mq4_v,mq7_v,mq6_v,mq2_v,status_json
"2026-07-31 14:24:08.662 +07:00","1.871","HOT_BASELINE_100","100","1000","0","0","0","0","0","0","0","0","0","0","0","{""deviceId"":""1001"",""nodeId"":4097,""targetChId"":""0010"",""mode"":""inference"",""uptimeMs"":1517,""debugEnabled"":true,""power"":{""mode"":""24v"",""externalPower"":true,""batteryMv"":65535,""batteryValid"":false,""batteryDetected"":false,""batterySenseStatus"":""not_detected"",""batteryLow"":false,""batteryCritical"":false,""sourceAmbiguous"":false,""serviceHoldActive"":false,""serviceHoldEffective"":false},""batterySession"":{""state"":""inactive"",""startedMs"":0,""stateStartedMs"":0,""validSampleBatches"":0,""requiredSampleBatches"":10,""alarmTxAttempts"":0,""alarmTxAttemptLimit"":3,""alarmAckReceived"":false,""pendingAlarm"":false,""pendingSaveRequired"":false,""persistenceFaultHold"":false,""completionReason"":""session_done""},""bootHealth"":{""adsReady"":false,""adsDrdyLevel"":-1,""adsDrdyPulldownLevel"":-1,""adsDrdyPullupLevel"":-1,""adsMisoPulldownLevel"":-1,""adsMisoPullupLevel"":-1,""adsCsLevel"":-1,""adsSyncLevel"":-1,""adsStatus"":0,""adsMux"":0,""adsAdcon"":0,""adsDrate"":0,""adsReason"":""not_checked"",""tcaOk"":false,""mcpOkCount"":0,""mcpOk"":[false,false,false,false,false,false,false,false],""mcpAddrMask"":[0,0,0,0,0,0,0,0],""mcpControlTested"":false,""mcpControlOkCount"":0,""mcpControlOk"":[false,false,false,false,false,false,false,false],""dacReady"":false,""radioReady"":false,""mlReady"":false,""nullingProfileApplied"":false,""modelProfileReady"":false},""runtimeMcpCode"":[0,0,0,0,0,0,0,0],""model"":{""profileId"":""cnn-dualbranch-datasheet-v1-unbound"",""scalerProfileId"":""cnn-dualbranch-datasheet-v1-unbound"",""productionApproved"":true,""boundNullingProfileId"":8,""activeNullingProfileId"":0,""bindingValid"":true,""bindingModelMatches"":true,""profileReady"":false,""inferenceValid"":false,""sensorFault"":false},""lora"":{""beginState"":0,""lastTxState"":0,""lastTxOk"":false,""txSeq"":0,""txCounter"":0,""aesKeyProvisioned"":true,""aesKeyPresent"":true,""aesKeySource"":""nvs"",""keyId"":1,""lastDownlinkCommandId"":0,""freqMHz"":920,""bwKHz"":125,""sf"":7,""cr"":5,""syncWord"":18,""txPowerDbm"":17,""preamble"":8,""tcxoVoltage"":1.600000024,""xtalVoltage"":0},""dataset"":{""state"":""idle"",""step"":""idle"",""label"":"""",""seq"":0,""targetSamples"":0,""sampleIntervalMs"":500,""maxDurationMs"":0,""useFanIntake"":true,""fanOnMs"":1000,""postFanSettleMs"":0,""nullingProfileId"":0,""queuePending"":0,""queueCapacity"":16,""queueEnqueued"":0,""queueDropped"":0,""publishFailCount"":0,""retryCount"":0,""retryFailCount"":0,""rejectedSamples"":0,""lastRejectReason"":""none"",""lastRejectChannel"":-1,""lastRejectOkFiniteCount"":0,""lastRejectStatus"":255,""lastRejectGain"":0,""lastRejectSaturated"":false},""recovery"":{""wifiReconnectCount"":0,""wifiReconnectFailCount"":0,""mqttReconnectCount"":0,""mqttConnectFailCount"":0,""lastMqttState"":0,""adsRecoveryCount"":0,""adsRecoveryFailCount"":0,""adsReadFailStreak"":0,""lastReason"":""none"",""lastRecoveryMs"":0,""bootRecoveryArmed"":false,""bootRecoveryDueMs"":0,""bootRecoveryReason"":""none"",""bootRecoveryNonAdsFailure"":false,""bootRecoveryRestartCount"":0},""nulling"":{""done"":false,""retryArmed"":false,""attemptCount"":0,""nextRetryMs"":0,""thresholdV"":9.999999747E-06,""minFinalV"":0},""telemetry"":{""valid"":false,""sampleMs"":0,""gasClass"":6,""gasName"":""CO2"",""confidence"":0,""alarm"":false,""sensorVoltage"":[0,0,0,0,0,0,0,0],""sensorGain"":[0,0,0,0,0,0,0,0],""sensorStatus"":[0,0,0,0,0,0,0,0],""featureOrder"":[""MQ8"",""MQ135"",""MQ3"",""MQ5"",""MQ4"",""MQ7"",""MQ6"",""MQ2""]},""alarmLatched"":false}"
"2026-07-31 14:24:09.468 +07:00","2.706","HOT_BASELINE_100","100","1000","0","0","0","0","0","0","0","0","0","0","0","{""deviceId"":""1001"",""nodeId"":4097,""targetChId"":""0010"",""mode"":""inference"",""uptimeMs"":2402,""debugEnabled"":true,""power"":{""mode"":""24v"",""externalPower"":true,""batteryMv"":65535,""batteryValid"":false,""batteryDetected"":false,""batterySenseStatus"":""not_detected"",""batteryLow"":false,""batteryCritical"":false,""sourceAmbiguous"":false,""serviceHoldActive"":false,""serviceHoldEffective"":false},""batterySession"":{""state"":""inactive"",""startedMs"":0,""stateStartedMs"":0,""validSampleBatches"":0,""requiredSampleBatches"":10,""alarmTxAttempts"":0,""alarmTxAttemptLimit"":3,""alarmAckReceived"":false,""pendingAlarm"":false,""pendingSaveRequired"":false,""persistenceFaultHold"":false,""completionReason"":""session_done""},""bootHealth"":{""adsReady"":true,""adsDrdyLevel"":-1,""adsDrdyPulldownLevel"":-1,""adsDrdyPullupLevel"":-1,""adsMisoPulldownLevel"":-1,""adsMisoPullupLevel"":-1,""adsCsLevel"":-1,""adsSyncLevel"":-1,""adsStatus"":0,""adsMux"":0,""adsAdcon"":0,""adsDrate"":0,""adsReason"":""not_checked"",""tcaOk"":false,""mcpOkCount"":0,""mcpOk"":[false,false,false,false,false,false,false,false],""mcpAddrMask"":[0,0,0,0,0,0,0,0],""mcpControlTested"":false,""mcpControlOkCount"":0,""mcpControlOk"":[false,false,false,false,false,false,false,false],""dacReady"":false,""radioReady"":false,""mlReady"":false,""nullingProfileApplied"":false,""modelProfileReady"":false},""runtimeMcpCode"":[0,0,0,0,0,0,0,0],""model"":{""profileId"":""cnn-dualbranch-datasheet-v1-unbound"",""scalerProfileId"":""cnn-dualbranch-datasheet-v1-unbound"",""productionApproved"":true,""boundNullingProfileId"":8,""activeNullingProfileId"":0,""bindingValid"":true,""bindingModelMatches"":true,""profileReady"":false,""inferenceValid"":false,""sensorFault"":false},""lora"":{""beginState"":0,""lastTxState"":0,""lastTxOk"":false,""txSeq"":0,""txCounter"":0,""aesKeyProvisioned"":true,""aesKeyPresent"":true,""aesKeySource"":""nvs"",""keyId"":1,""lastDownlinkCommandId"":0,""freqMHz"":920,""bwKHz"":125,""sf"":7,""cr"":5,""syncWord"":18,""txPowerDbm"":17,""preamble"":8,""tcxoVoltage"":1.600000024,""xtalVoltage"":0},""dataset"":{""state"":""idle"",""step"":""idle"",""label"":"""",""seq"":0,""targetSamples"":0,""sampleIntervalMs"":500,""maxDurationMs"":0,""useFanIntake"":true,""fanOnMs"":1000,""postFanSettleMs"":0,""nullingProfileId"":0,""queuePending"":0,""queueCapacity"":16,""queueEnqueued"":0,""queueDropped"":0,""publishFailCount"":0,""retryCount"":0,""retryFailCount"":0,""rejectedSamples"":0,""lastRejectReason"":""none"",""lastRejectChannel"":-1,""lastRejectOkFiniteCount"":0,""lastRejectStatus"":255,""lastRejectGain"":0,""lastRejectSaturated"":false},""recovery"":{""wifiReconnectCount"":0,""wifiReconnectFailCount"":0,""mqttReconnectCount"":0,""mqttConnectFailCount"":0,""lastMqttState"":0,""adsRecoveryCount"":0,""adsRecoveryFailCount"":0,""adsReadFailStreak"":0,""lastReason"":""none"",""lastRecoveryMs"":0,""bootRecoveryArmed"":false,""bootRecoveryDueMs"":0,""bootRecoveryReason"":""none"",""bootRecoveryNonAdsFailure"":false,""bootRecoveryRestartCount"":0},""nulling"":{""done"":false,""retryArmed"":false,""attemptCount"":0,""nextRetryMs"":0,""thresholdV"":9.999999747E-06,""minFinalV"":0},""telemetry"":{""valid"":false,""sampleMs"":0,""gasClass"":6,""gasName"":""CO2"",""confidence"":0,""alarm"":false,""sensorVoltage"":[0,0,0,0,0,0,0,0],""sensorGain"":[0,0,0,0,0,0,0,0],""sensorStatus"":[0,0,0,0,0,0,0,0],""featureOrder"":[""MQ8"",""MQ135"",""MQ3"",""MQ5"",""MQ4"",""MQ7"",""MQ6"",""MQ2""]},""alarmLatched"":false}"
"2026-07-31 14:24:10.159 +07:00","3.397","HOT_BASELINE_100","100","1000","0","0","0","0","0","0","0","0","0","0","0","{""deviceId"":""1001"",""nodeId"":4097,""targetChId"":""0010"",""mode"":""inference"",""uptimeMs"":3094,""debugEnabled"":true,""power"":{""mode"":""24v"",""externalPower"":true,""batteryMv"":65535,""batteryValid"":false,""batteryDetected"":false,""batterySenseStatus"":""not_detected"",""batteryLow"":false,""batteryCritical"":false,""sourceAmbiguous"":false,""serviceHoldActive"":false,""serviceHoldEffective"":false},""batterySession"":{""state"":""inactive"",""startedMs"":0,""stateStartedMs"":0,""validSampleBatches"":0,""requiredSampleBatches"":10,""alarmTxAttempts"":0,""alarmTxAttemptLimit"":3,""alarmAckReceived"":false,""pendingAlarm"":false,""pendingSaveRequired"":false,""persistenceFaultHold"":false,""completionReason"":""session_done""},""bootHealth"":{""adsReady"":true,""adsDrdyLevel"":-1,""adsDrdyPulldownLevel"":-1,""adsDrdyPullupLevel"":-1,""adsMisoPulldownLevel"":-1,""adsMisoPullupLevel"":-1,""adsCsLevel"":-1,""adsSyncLevel"":-1,""adsStatus"":0,""adsMux"":0,""adsAdcon"":0,""adsDrate"":0,""adsReason"":""not_checked"",""tcaOk"":false,""mcpOkCount"":0,""mcpOk"":[false,false,false,false,false,false,false,false],""mcpAddrMask"":[0,0,0,0,0,0,0,0],""mcpControlTested"":false,""mcpControlOkCount"":0,""mcpControlOk"":[false,false,false,false,false,false,false,false],""dacReady"":true,""radioReady"":false,""mlReady"":false,""nullingProfileApplied"":false,""modelProfileReady"":false},""runtimeMcpCode"":[4095,4095,4093,0,0,0,0,0],""model"":{""profileId"":""cnn-dualbranch-datasheet-v1-unbound"",""scalerProfileId"":""cnn-dualbranch-datasheet-v1-unbound"",""productionApproved"":true,""boundNullingProfileId"":8,""activeNullingProfileId"":0,""bindingValid"":true,""bindingModelMatches"":true,""profileReady"":false,""inferenceValid"":false,""sensorFault"":false},""lora"":{""beginState"":0,""lastTxState"":0,""lastTxOk"":false,""txSeq"":0,""txCounter"":0,""aesKeyProvisioned"":true,""aesKeyPresent"":true,""aesKeySource"":""nvs"",""keyId"":1,""lastDownlinkCommandId"":0,""freqMHz"":920,""bwKHz"":125,""sf"":7,""cr"":5,""syncWord"":18,""txPowerDbm"":17,""preamble"":8,""tcxoVoltage"":1.600000024,""xtalVoltage"":0},""dataset"":{""state"":""idle"",""step"":""idle"",""label"":"""",""seq"":0,""targetSamples"":0,""sampleIntervalMs"":500,""maxDurationMs"":0,""useFanIntake"":true,""fanOnMs"":1000,""postFanSettleMs"":0,""nullingProfileId"":0,""queuePending"":0,""queueCapacity"":16,""queueEnqueued"":0,""queueDropped"":0,""publishFailCount"":0,""retryCount"":0,""retryFailCount"":0,""rejectedSamples"":0,""lastRejectReason"":""none"",""lastRejectChannel"":-1,""lastRejectOkFiniteCount"":0,""lastRejectStatus"":255,""lastRejectGain"":0,""lastRejectSaturated"":false},""recovery"":{""wifiReconnectCount"":0,""wifiReconnectFailCount"":0,""mqttReconnectCount"":0,""mqttConnectFailCount"":0,""lastMqttState"":0,""adsRecoveryCount"":0,""adsRecoveryFailCount"":0,""adsReadFailStreak"":0,""lastReason"":""none"",""lastRecoveryMs"":0,""bootRecoveryArmed"":false,""bootRecoveryDueMs"":0,""bootRecoveryReason"":""none"",""bootRecoveryNonAdsFailure"":false,""bootRecoveryRestartCount"":0},""nulling"":{""done"":false,""retryArmed"":false,""attemptCount"":0,""nextRetryMs"":0,""thresholdV"":9.999999747E-06,""minFinalV"":0},""telemetry"":{""valid"":false,""sampleMs"":0,""gasClass"":6,""gasName"":""CO2"",""confidence"":0,""alarm"":false,""sensorVoltage"":[0,0,0,0,0,0,0,0],""sensorGain"":[0,0,0,0,0,0,0,0],""sensorStatus"":[0,0,0,0,0,0,0,0],""featureOrder"":[""MQ8"",""MQ135"",""MQ3"",""MQ5"",""MQ4"",""MQ7"",""MQ6"",""MQ2""]},""alarmLatched"":false}"
"2026-07-31 14:24:10.850 +07:00","4.087","HOT_BASELINE_100","100","1000","0","0","0","0","0","0","0","0","0","0","0","{""deviceId"":""1001"",""nodeId"":4097,""targetChId"":""0010"",""mode"":""inference"",""uptimeMs"":3777,""debugEnabled"":true,""power"":{""mode"":""24v"",""externalPower"":true,""batteryMv"":65535,""batteryValid"":false,""batteryDetected"":false,""batterySenseStatus"":""not_detected"",""batteryLow"":false,""batteryCritical"":false,""sourceAmbiguous"":false,""serviceHoldActive"":false,""serviceHoldEffective"":false},""batterySession"":{""state"":""inactive"",""startedMs"":0,""stateStartedMs"":0,""validSampleBatches"":0,""requiredSampleBatches"":10,""alarmTxAttempts"":0,""alarmTxAttemptLimit"":3,""alarmAckReceived"":false,""pendingAlarm"":false,""pendingSaveRequired"":false,""persistenceFaultHold"":false,""completionReason"":""session_done""},""bootHealth"":{""adsReady"":true,""adsDrdyLevel"":-1,""adsDrdyPulldownLevel"":-1,""adsDrdyPullupLevel"":-1,""adsMisoPulldownLevel"":-1,""adsMisoPullupLevel"":-1,""adsCsLevel"":-1,""adsSyncLevel"":-1,""adsStatus"":0,""adsMux"":0,""adsAdcon"":0,""adsDrate"":0,""adsReason"":""not_checked"",""tcaOk"":false,""mcpOkCount"":0,""mcpOk"":[false,false,false,false,false,false,false,false],""mcpAddrMask"":[0,0,0,0,0,0,0,0],""mcpControlTested"":false,""mcpControlOkCount"":0,""mcpControlOk"":[false,false,false,false,false,false,false,false],""dacReady"":true,""radioReady"":false,""mlReady"":false,""nullingProfileApplied"":false,""modelProfileReady"":false},""runtimeMcpCode"":[4095,4095,4095,4095,4095,4095,0,0],""model"":{""profileId"":""cnn-dualbranch-datasheet-v1-unbound"",""scalerProfileId"":""cnn-dualbranch-datasheet-v1-unbound"",""productionApproved"":true,""boundNullingProfileId"":8,""activeNullingProfileId"":0,""bindingValid"":true,""bindingModelMatches"":true,""profileReady"":false,""inferenceValid"":false,""sensorFault"":false},""lora"":{""beginState"":0,""lastTxState"":0,""lastTxOk"":false,""txSeq"":0,""txCounter"":0,""aesKeyProvisioned"":true,""aesKeyPresent"":true,""aesKeySource"":""nvs"",""keyId"":1,""lastDownlinkCommandId"":0,""freqMHz"":920,""bwKHz"":125,""sf"":7,""cr"":5,""syncWord"":18,""txPowerDbm"":17,""preamble"":8,""tcxoVoltage"":1.600000024,""xtalVoltage"":0},""dataset"":{""state"":""idle"",""step"":""idle"",""label"":"""",""seq"":0,""targetSamples"":0,""sampleIntervalMs"":500,""maxDurationMs"":0,""useFanIntake"":true,""fanOnMs"":1000,""postFanSettleMs"":0,""nullingProfileId"":0,""queuePending"":0,""queueCapacity"":16,""queueEnqueued"":0,""queueDropped"":0,""publishFailCount"":0,""retryCount"":0,""retryFailCount"":0,""rejectedSamples"":0,""lastRejectReason"":""none"",""lastRejectChannel"":-1,""lastRejectOkFiniteCount"":0,""lastRejectStatus"":255,""lastRejectGain"":0,""lastRejectSaturated"":false},""recovery"":{""wifiReconnectCount"":0,""wifiReconnectFailCount"":0,""mqttReconnectCount"":0,""mqttConnectFailCount"":0,""lastMqttState"":0,""adsRecoveryCount"":0,""adsRecoveryFailCount"":0,""adsReadFailStreak"":0,""lastReason"":""none"",""lastRecoveryMs"":0,""bootRecoveryArmed"":false,""bootRecoveryDueMs"":0,""bootRecoveryReason"":""none"",""bootRecoveryNonAdsFailure"":false,""bootRecoveryRestartCount"":0},""nulling"":{""done"":false,""retryArmed"":false,""attemptCount"":0,""nextRetryMs"":0,""thresholdV"":9.999999747E-06,""minFinalV"":0},""telemetry"":{""valid"":false,""sampleMs"":0,""gasClass"":6,""gasName"":""CO2"",""confidence"":0,""alarm"":false,""sensorVoltage"":[0,0,0,0,0,0,0,0],""sensorGain"":[0,0,0,0,0,0,0,0],""sensorStatus"":[0,0,0,0,0,0,0,0],""featureOrder"":[""MQ8"",""MQ135"",""MQ3"",""MQ5"",""MQ4"",""MQ7"",""MQ6"",""MQ2""]},""alarmLatched"":false}"
"2026-07-31 14:24:11.565 +07:00","4.791","HOT_BASELINE_100","100","1000","0","0","0","0","0","0","0","0","0","0","0","{""deviceId"":""1001"",""nodeId"":4097,""targetChId"":""0010"",""mode"":""inference"",""uptimeMs"":4484,""debugEnabled"":true,""power"":{""mode"":""24v"",""externalPower"":true,""batteryMv"":65535,""batteryValid"":false,""batteryDetected"":false,""batterySenseStatus"":""not_detected"",""batteryLow"":false,""batteryCritical"":false,""sourceAmbiguous"":false,""serviceHoldActive"":false,""serviceHoldEffective"":false},""batterySession"":{""state"":""inactive"",""startedMs"":0,""stateStartedMs"":0,""validSampleBatches"":0,""requiredSampleBatches"":10,""alarmTxAttempts"":0,""alarmTxAttemptLimit"":3,""alarmAckReceived"":false,""pendingAlarm"":false,""pendingSaveRequired"":false,""persistenceFaultHold"":false,""completionReason"":""session_done""},""bootHealth"":{""adsReady"":true,""adsDrdyLevel"":0,""adsDrdyPulldownLevel"":0,""adsDrdyPullupLevel"":0,""adsMisoPulldownLevel"":0,""adsMisoPullupLevel"":1,""adsCsLevel"":1,""adsSyncLevel"":1,""adsStatus"":54,""adsMux"":15,""adsAdcon"":6,""adsDrate"":240,""adsReason"":""ok"",""tcaOk"":true,""mcpOkCount"":8,""mcpOk"":[true,true,true,true,true,true,true,true],""mcpAddrMask"":[1,1,1,1,1,1,1,1],""mcpControlTested"":true,""mcpControlOkCount"":8,""mcpControlOk"":[true,true,true,true,true,true,true,true],""dacReady"":true,""radioReady"":true,""mlReady"":true,""nullingProfileApplied"":true,""modelProfileReady"":false},""runtimeMcpCode"":[296,498,887,696,767,861,658,98],""model"":{""profileId"":""cnn-dualbranch-datasheet-v1-unbound"",""scalerProfileId"":""cnn-dualbranch-datasheet-v1-unbound"",""productionApproved"":true,""boundNullingProfileId"":8,""activeNullingProfileId"":8,""bindingValid"":true,""bindingModelMatches"":true,""profileReady"":false,""inferenceValid"":false,""sensorFault"":false},""lora"":{""beginState"":0,""lastTxState"":0,""lastTxOk"":false,""txSeq"":0,""txCounter"":0,""aesKeyProvisioned"":true,""aesKeyPresent"":true,""aesKeySource"":""nvs"",""keyId"":1,""lastDownlinkCommandId"":0,""freqMHz"":920,""bwKHz"":125,""sf"":7,""cr"":5,""syncWord"":18,""txPowerDbm"":17,""preamble"":8,""tcxoVoltage"":1.600000024,""xtalVoltage"":0},""dataset"":{""state"":""idle"",""step"":""idle"",""label"":"""",""seq"":0,""targetSamples"":0,""sampleIntervalMs"":500,""maxDurationMs"":0,""useFanIntake"":true,""fanOnMs"":1000,""postFanSettleMs"":0,""nullingProfileId"":8,""queuePending"":0,""queueCapacity"":16,""queueEnqueued"":0,""queueDropped"":0,""publishFailCount"":0,""retryCount"":0,""retryFailCount"":0,""rejectedSamples"":0,""lastRejectReason"":""none"",""lastRejectChannel"":-1,""lastRejectOkFiniteCount"":0,""lastRejectStatus"":255,""lastRejectGain"":0,""lastRejectSaturated"":false},""recovery"":{""wifiReconnectCount"":0,""wifiReconnectFailCount"":0,""mqttReconnectCount"":0,""mqttConnectFailCount"":0,""lastMqttState"":0,""adsRecoveryCount"":0,""adsRecoveryFailCount"":0,""adsReadFailStreak"":0,""lastReason"":""none"",""lastRecoveryMs"":0,""bootRecoveryArmed"":false,""bootRecoveryDueMs"":0,""bootRecoveryReason"":""none"",""bootRecoveryNonAdsFailure"":false,""bootRecoveryRestartCount"":0},""nulling"":{""done"":false,""retryArmed"":false,""attemptCount"":0,""nextRetryMs"":0,""thresholdV"":9.999999747E-06,""minFinalV"":0},""telemetry"":{""valid"":false,""sampleMs"":0,""gasClass"":6,""gasName"":""CO2"",""confidence"":0,""alarm"":false,""sensorVoltage"":[0,0,0,0,0,0,0,0],""sensorGain"":[0,0,0,0,0,0,0,0],""sensorStatus"":[0,0,0,0,0,0,0,0],""featureOrder"":[""MQ8"",""MQ135"",""MQ3"",""MQ5"",""MQ4"",""MQ7"",""MQ6"",""MQ2""]},""alarmLatched"":false}"
"2026-07-31 14:24:12.251 +07:00","5.488","HOT_BASELINE_100","100","1000","0","0","0","0","0","0","0","0","0","0","0","{""deviceId"":""1001"",""nodeId"":4097,""targetChId"":""0010"",""mode"":""inference"",""uptimeMs"":5181,""debugEnabled"":true,""power"":{""mode"":""24v"",""externalPower"":true,""batteryMv"":65535,""batteryValid"":false,""batteryDetected"":false,""batterySenseStatus"":""not_detected"",""batteryLow"":false,""batteryCritical"":false,""sourceAmbiguous"":false,""serviceHoldActive"":false,""serviceHoldEffective"":false},""batterySession"":{""state"":""inactive"",""startedMs"":0,""stateStartedMs"":0,""validSampleBatches"":0,""requiredSampleBatches"":10,""alarmTxAttempts"":0,""alarmTxAttemptLimit"":3,""alarmAckReceived"":false,""pendingAlarm"":false,""pendingSaveRequired"":false,""persistenceFaultHold"":false,""completionReason"":""session_done""},""bootHealth"":{""adsReady"":true,""adsDrdyLevel"":0,""adsDrdyPulldownLevel"":0,""adsDrdyPullupLevel"":0,""adsMisoPulldownLevel"":0,""adsMisoPullupLevel"":1,""adsCsLevel"":1,""adsSyncLevel"":1,""adsStatus"":54,""adsMux"":15,""adsAdcon"":6,""adsDrate"":240,""adsReason"":""ok"",""tcaOk"":true,""mcpOkCount"":8,""mcpOk"":[true,true,true,true,true,true,true,true],""mcpAddrMask"":[1,1,1,1,1,1,1,1],""mcpControlTested"":true,""mcpControlOkCount"":8,""mcpControlOk"":[true,true,true,true,true,true,true,true],""dacReady"":true,""radioReady"":true,""mlReady"":true,""nullingProfileApplied"":true,""modelProfileReady"":false},""runtimeMcpCode"":[296,498,887,696,767,861,658,98],""model"":{""profileId"":""cnn-dualbranch-datasheet-v1-unbound"",""scalerProfileId"":""cnn-dualbranch-datasheet-v1-unbound"",""productionApproved"":true,""boundNullingProfileId"":8,""activeNullingProfileId"":8,""bindingValid"":true,""bindingModelMatches"":true,""profileReady"":false,""inferenceValid"":false,""sensorFault"":false},""lora"":{""beginState"":0,""lastTxState"":0,""lastTxOk"":false,""txSeq"":0,""txCounter"":0,""aesKeyProvisioned"":true,""aesKeyPresent"":true,""aesKeySource"":""nvs"",""keyId"":1,""lastDownlinkCommandId"":0,""freqMHz"":920,""bwKHz"":125,""sf"":7,""cr"":5,""syncWord"":18,""txPowerDbm"":17,""preamble"":8,""tcxoVoltage"":1.600000024,""xtalVoltage"":0},""dataset"":{""state"":""idle"",""step"":""idle"",""label"":"""",""seq"":0,""targetSamples"":0,""sampleIntervalMs"":500,""maxDurationMs"":0,""useFanIntake"":true,""fanOnMs"":1000,""postFanSettleMs"":0,""nullingProfileId"":8,""queuePending"":0,""queueCapacity"":16,""queueEnqueued"":0,""queueDropped"":0,""publishFailCount"":0,""retryCount"":0,""retryFailCount"":0,""rejectedSamples"":0,""lastRejectReason"":""none"",""lastRejectChannel"":-1,""lastRejectOkFiniteCount"":0,""lastRejectStatus"":255,""lastRejectGain"":0,""lastRejectSaturated"":false},""recovery"":{""wifiReconnectCount"":0,""wifiReconnectFailCount"":0,""mqttReconnectCount"":0,""mqttConnectFailCount"":0,""lastMqttState"":0,""adsRecoveryCount"":0,""adsRecoveryFailCount"":0,""adsReadFailStreak"":0,""lastReason"":""none"",""lastRecoveryMs"":0,""bootRecoveryArmed"":false,""bootRecoveryDueMs"":0,""bootRecoveryReason"":""none"",""bootRecoveryNonAdsFailure"":false,""bootRecoveryRestartCount"":0},""nulling"":{""done"":false,""retryArmed"":false,""attemptCount"":0,""nextRetryMs"":0,""thresholdV"":9.999999747E-06,""minFinalV"":0},""telemetry"":{""valid"":false,""sampleMs"":0,""gasClass"":6,""gasName"":""CO2"",""confidence"":0,""alarm"":false,""sensorVoltage"":[0,0,0,0,0,0,0,0],""sensorGain"":[0,0,0,0,0,0,0,0],""sensorStatus"":[0,0,0,0,0,0,0,0],""featureOrder"":[""MQ8"",""MQ135"",""MQ3"",""MQ5"",""MQ4"",""MQ7"",""MQ6"",""MQ2""]},""alarmLatched"":false}"
"2026-07-31 14:24:12.946 +07:00","6.184","HOT_BASELINE_100","100","1000","0","0","0","0","0","0","0","0","0","0","0","{""deviceId"":""1001"",""nodeId"":4097,""targetChId"":""0010"",""mode"":""inference"",""uptimeMs"":5878,""debugEnabled"":true,""power"":{""mode"":""24v"",""externalPower"":true,""batteryMv"":65535,""batteryValid"":false,""batteryDetected"":false,""batterySenseStatus"":""not_detected"",""batteryLow"":false,""batteryCritical"":false,""sourceAmbiguous"":false,""serviceHoldActive"":false,""serviceHoldEffective"":false},""batterySession"":{""state"":""inactive"",""startedMs"":0,""stateStartedMs"":0,""validSampleBatches"":0,""requiredSampleBatches"":10,""alarmTxAttempts"":0,""alarmTxAttemptLimit"":3,""alarmAckReceived"":false,""pendingAlarm"":false,""pendingSaveRequired"":false,""persistenceFaultHold"":false,""completionReason"":""session_done""},""bootHealth"":{""adsReady"":true,""adsDrdyLevel"":0,""adsDrdyPulldownLevel"":0,""adsDrdyPullupLevel"":0,""adsMisoPulldownLevel"":0,""adsMisoPullupLevel"":1,""adsCsLevel"":1,""adsSyncLevel"":1,""adsStatus"":54,""adsMux"":15,""adsAdcon"":6,""adsDrate"":240,""adsReason"":""ok"",""tcaOk"":true,""mcpOkCount"":8,""mcpOk"":[true,true,true,true,true,true,true,true],""mcpAddrMask"":[1,1,1,1,1,1,1,1],""mcpControlTested"":true,""mcpControlOkCount"":8,""mcpControlOk"":[true,true,true,true,true,true,true,true],""dacReady"":true,""radioReady"":true,""mlReady"":true,""nullingProfileApplied"":true,""modelProfileReady"":false},""runtimeMcpCode"":[296,498,887,696,767,861,658,98],""model"":{""profileId"":""cnn-dualbranch-datasheet-v1-unbound"",""scalerProfileId"":""cnn-dualbranch-datasheet-v1-unbound"",""productionApproved"":true,""boundNullingProfileId"":8,""activeNullingProfileId"":8,""bindingValid"":true,""bindingModelMatches"":true,""profileReady"":false,""inferenceValid"":false,""sensorFault"":false},""lora"":{""beginState"":0,""lastTxState"":0,""lastTxOk"":false,""txSeq"":0,""txCounter"":0,""aesKeyProvisioned"":true,""aesKeyPresent"":true,""aesKeySource"":""nvs"",""keyId"":1,""lastDownlinkCommandId"":0,""freqMHz"":920,""bwKHz"":125,""sf"":7,""cr"":5,""syncWord"":18,""txPowerDbm"":17,""preamble"":8,""tcxoVoltage"":1.600000024,""xtalVoltage"":0},""dataset"":{""state"":""idle"",""step"":""idle"",""label"":"""",""seq"":0,""targetSamples"":0,""sampleIntervalMs"":500,""maxDurationMs"":0,""useFanIntake"":true,""fanOnMs"":1000,""postFanSettleMs"":0,""nullingProfileId"":8,""queuePending"":0,""queueCapacity"":16,""queueEnqueued"":0,""queueDropped"":0,""publishFailCount"":0,""retryCount"":0,""retryFailCount"":0,""rejectedSamples"":0,""lastRejectReason"":""none"",""lastRejectChannel"":-1,""lastRejectOkFiniteCount"":0,""lastRejectStatus"":255,""lastRejectGain"":0,""lastRejectSaturated"":false},""recovery"":{""wifiReconnectCount"":0,""wifiReconnectFailCount"":0,""mqttReconnectCount"":0,""mqttConnectFailCount"":0,""lastMqttState"":0,""adsRecoveryCount"":0,""adsRecoveryFailCount"":0,""adsReadFailStreak"":0,""lastReason"":""none"",""lastRecoveryMs"":0,""bootRecoveryArmed"":false,""bootRecoveryDueMs"":0,""bootRecoveryReason"":""none"",""bootRecoveryNonAdsFailure"":false,""bootRecoveryRestartCount"":0},""nulling"":{""done"":false,""retryArmed"":false,""attemptCount"":0,""nextRetryMs"":0,""thresholdV"":9.999999747E-06,""minFinalV"":0},""telemetry"":{""valid"":false,""sampleMs"":0,""gasClass"":6,""gasName"":""CO2"",""confidence"":0,""alarm"":false,""sensorVoltage"":[0,0,0,0,0,0,0,0],""sensorGain"":[0,0,0,0,0,0,0,0],""sensorStatus"":[0,0,0,0,0,0,0,0],""featureOrder"":[""MQ8"",""MQ135"",""MQ3"",""MQ5"",""MQ4"",""MQ7"",""MQ6"",""MQ2""]},""alarmLatched"":false}"
"2026-07-31 14:24:13.733 +07:00","6.971","HOT_BASELINE_100","100","1000","0","0","0","0","0","0","0","0","0","0","0","{""deviceId"":""1001"",""nodeId"":4097,""targetChId"":""0010"",""mode"":""inference"",""uptimeMs"":6666,""debugEnabled"":true,""power"":{""mode"":""24v"",""externalPower"":true,""batteryMv"":65535,""batteryValid"":false,""batteryDetected"":false,""batterySenseStatus"":""not_detected"",""batteryLow"":false,""batteryCritical"":false,""sourceAmbiguous"":false,""serviceHoldActive"":false,""serviceHoldEffective"":false},""batterySession"":{""state"":""inactive"",""startedMs"":0,""stateStartedMs"":0,""validSampleBatches"":0,""requiredSampleBatches"":10,""alarmTxAttempts"":0,""alarmTxAttemptLimit"":3,""alarmAckReceived"":false,""pendingAlarm"":false,""pendingSaveRequired"":false,""persistenceFaultHold"":false,""completionReason"":""session_done""},""bootHealth"":{""adsReady"":true,""adsDrdyLevel"":0,""adsDrdyPulldownLevel"":0,""adsDrdyPullupLevel"":0,""adsMisoPulldownLevel"":0,""adsMisoPullupLevel"":1,""adsCsLevel"":1,""adsSyncLevel"":1,""adsStatus"":54,""adsMux"":15,""adsAdcon"":6,""adsDrate"":240,""adsReason"":""ok"",""tcaOk"":true,""mcpOkCount"":8,""mcpOk"":[true,true,true,true,true,true,true,true],""mcpAddrMask"":[1,1,1,1,1,1,1,1],""mcpControlTested"":true,""mcpControlOkCount"":8,""mcpControlOk"":[true,true,true,true,true,true,true,true],""dacReady"":true,""radioReady"":true,""mlReady"":true,""nullingProfileApplied"":true,""modelProfileReady"":true},""runtimeMcpCode"":[296,498,887,696,767,861,658,98],""model"":{""profileId"":""cnn-dualbranch-datasheet-v1-unbound"",""scalerProfileId"":""cnn-dualbranch-datasheet-v1-unbound"",""productionApproved"":true,""boundNullingProfileId"":8,""activeNullingProfileId"":8,""bindingValid"":true,""bindingModelMatches"":true,""profileReady"":true,""inferenceValid"":false,""sensorFault"":false},""lora"":{""beginState"":0,""lastTxState"":0,""lastTxOk"":false,""txSeq"":0,""txCounter"":0,""aesKeyProvisioned"":true,""aesKeyPresent"":true,""aesKeySource"":""nvs"",""keyId"":1,""lastDownlinkCommandId"":0,""freqMHz"":920,""bwKHz"":125,""sf"":7,""cr"":5,""syncWord"":18,""txPowerDbm"":17,""preamble"":8,""tcxoVoltage"":1.600000024,""xtalVoltage"":0},""dataset"":{""state"":""idle"",""step"":""idle"",""label"":"""",""seq"":0,""targetSamples"":0,""sampleIntervalMs"":500,""maxDurationMs"":0,""useFanIntake"":true,""fanOnMs"":1000,""postFanSettleMs"":0,""nullingProfileId"":8,""queuePending"":0,""queueCapacity"":16,""queueEnqueued"":0,""queueDropped"":0,""publishFailCount"":0,""retryCount"":0,""retryFailCount"":0,""rejectedSamples"":0,""lastRejectReason"":""none"",""lastRejectChannel"":-1,""lastRejectOkFiniteCount"":0,""lastRejectStatus"":255,""lastRejectGain"":0,""lastRejectSaturated"":false},""recovery"":{""wifiReconnectCount"":0,""wifiReconnectFailCount"":0,""mqttReconnectCount"":0,""mqttConnectFailCount"":0,""lastMqttState"":0,""adsRecoveryCount"":0,""adsRecoveryFailCount"":0,""adsReadFailStreak"":0,""lastReason"":""none"",""lastRecoveryMs"":0,""bootRecoveryArmed"":false,""bootRecoveryDueMs"":0,""bootRecoveryReason"":""none"",""bootRecoveryNonAdsFailure"":false,""bootRecoveryRestartCount"":0},""nulling"":{""done"":false,""retryArmed"":false,""attemptCount"":0,""nextRetryMs"":0,""thresholdV"":9.999999747E-06,""minFinalV"":0},""telemetry"":{""valid"":false,""sampleMs"":6634,""gasClass"":6,""gasName"":""CO2"",""confidence"":0,""alarm"":false,""sensorVoltage"":[0,0,0,0,0,0,0,0],""sensorGain"":[0,0,0,0,0,0,0,0],""sensorStatus"":[0,0,0,0,0,0,0,0],""featureOrder"":[""MQ8"",""MQ135"",""MQ3"",""MQ5"",""MQ4"",""MQ7"",""MQ6"",""MQ2""]},""alarmLatched"":false}"
"2026-07-31 14:24:14.459 +07:00","7.697","HOT_BASELINE_100","100","1000","0","1","0","0.162405387","0.004994801","0.005910522","-0.002743007","-0.010252217","-0.012377196","-0.020919204","-0.02682567","{""deviceId"":""1001"",""nodeId"":4097,""targetChId"":""0010"",""mode"":""inference"",""uptimeMs"":7388,""debugEnabled"":true,""power"":{""mode"":""24v"",""externalPower"":true,""batteryMv"":65535,""batteryValid"":false,""batteryDetected"":false,""batterySenseStatus"":""not_detected"",""batteryLow"":false,""batteryCritical"":false,""sourceAmbiguous"":false,""serviceHoldActive"":false,""serviceHoldEffective"":false},""batterySession"":{""state"":""inactive"",""startedMs"":0,""stateStartedMs"":0,""validSampleBatches"":0,""requiredSampleBatches"":10,""alarmTxAttempts"":0,""alarmTxAttemptLimit"":3,""alarmAckReceived"":false,""pendingAlarm"":false,""pendingSaveRequired"":false,""persistenceFaultHold"":false,""completionReason"":""session_done""},""bootHealth"":{""adsReady"":true,""adsDrdyLevel"":0,""adsDrdyPulldownLevel"":0,""adsDrdyPullupLevel"":0,""adsMisoPulldownLevel"":0,""adsMisoPullupLevel"":1,""adsCsLevel"":1,""adsSyncLevel"":1,""adsStatus"":54,""adsMux"":15,""adsAdcon"":6,""adsDrate"":240,""adsReason"":""ok"",""tcaOk"":true,""mcpOkCount"":8,""mcpOk"":[true,true,true,true,true,true,true,true],""mcpAddrMask"":[1,1,1,1,1,1,1,1],""mcpControlTested"":true,""mcpControlOkCount"":8,""mcpControlOk"":[true,true,true,true,true,true,true,true],""dacReady"":true,""radioReady"":true,""mlReady"":true,""nullingProfileApplied"":true,""modelProfileReady"":true},""runtimeMcpCode"":[296,498,887,696,767,861,658,98],""model"":{""profileId"":""cnn-dualbranch-datasheet-v1-unbound"",""scalerProfileId"":""cnn-dualbranch-datasheet-v1-unbound"",""productionApproved"":true,""boundNullingProfileId"":8,""activeNullingProfileId"":8,""bindingValid"":true,""bindingModelMatches"":true,""profileReady"":true,""inferenceValid"":false,""sensorFault"":true},""lora"":{""beginState"":0,""lastTxState"":0,""lastTxOk"":false,""txSeq"":0,""txCounter"":0,""aesKeyProvisioned"":true,""aesKeyPresent"":true,""aesKeySource"":""nvs"",""keyId"":1,""lastDownlinkCommandId"":0,""freqMHz"":920,""bwKHz"":125,""sf"":7,""cr"":5,""syncWord"":18,""txPowerDbm"":17,""preamble"":8,""tcxoVoltage"":1.600000024,""xtalVoltage"":0},""dataset"":{""state"":""idle"",""step"":""idle"",""label"":"""",""seq"":0,""targetSamples"":0,""sampleIntervalMs"":500,""maxDurationMs"":0,""useFanIntake"":true,""fanOnMs"":1000,""postFanSettleMs"":0,""nullingProfileId"":8,""queuePending"":0,""queueCapacity"":16,""queueEnqueued"":0,""queueDropped"":0,""publishFailCount"":0,""retryCount"":0,""retryFailCount"":0,""rejectedSamples"":0,""lastRejectReason"":""none"",""lastRejectChannel"":-1,""lastRejectOkFiniteCount"":0,""lastRejectStatus"":255,""lastRejectGain"":0,""lastRejectSaturated"":false},""recovery"":{""wifiReconnectCount"":0,""wifiReconnectFailCount"":0,""mqttReconnectCount"":0,""mqttConnectFailCount"":0,""lastMqttState"":0,""adsRecoveryCount"":0,""adsRecoveryFailCount"":0,""adsReadFailStreak"":0,""lastReason"":""none"",""lastRecoveryMs"":0,""bootRecoveryArmed"":false,""bootRecoveryDueMs"":0,""bootRecoveryReason"":""none"",""bootRecoveryNonAdsFailure"":false,""bootRecoveryRestartCount"":0},""nulling"":{""done"":false,""retryArmed"":false,""attemptCount"":0,""nextRetryMs"":0,""thresholdV"":9.999999747E-06,""minFinalV"":0},""telemetry"":{""valid"":true,""sampleMs"":7134,""gasClass"":6,""gasName"":""CO2"",""confidence"":0,""alarm"":false,""sensorVoltage"":[0.162405387,0.004994801,0.005910522,-0.002743007,-0.010252217,-0.012377196,-0.020919204,-0.02682567],""sensorGain"":[16,64,64,64,64,64,64,64],""sensorStatus"":[0,0,0,0,0,0,0,0],""featureOrder"":[""MQ8"",""MQ135"",""MQ3"",""MQ5"",""MQ4"",""MQ7"",""MQ6"",""MQ2""]},""alarmLatched"":false}"
"2026-07-31 14:24:15.137 +07:00","8.375","HOT_BASELINE_100","100","1000","0","1","0","0.162270054","0.004956136","0.005846966","-0.002696664","-0.010183763","-0.012328323","-0.020883717","-0.026850585","{""deviceId"":""1001"",""nodeId"":4097,""targetChId"":""0010"",""mode"":""inference"",""uptimeMs"":8058,""debugEnabled"":true,""power"":{""mode"":""24v"",""externalPower"":true,""batteryMv"":65535,""batteryValid"":false,""batteryDetected"":false,""batterySenseStatus"":""not_detected"",""batteryLow"":false,""batteryCritical"":false,""sourceAmbiguous"":false,""serviceHoldActive"":false,""serviceHoldEffective"":false},""batterySession"":{""state"":""inactive"",""startedMs"":0,""stateStartedMs"":0,""validSampleBatches"":0,""requiredSampleBatches"":10,""alarmTxAttempts"":0,""alarmTxAttemptLimit"":3,""alarmAckReceived"":false,""pendingAlarm"":false,""pendingSaveRequired"":false,""persistenceFaultHold"":false,""completionReason"":""session_done""},""bootHealth"":{""adsReady"":true,""adsDrdyLevel"":0,""adsDrdyPulldownLevel"":0,""adsDrdyPullupLevel"":0,""adsMisoPulldownLevel"":0,""adsMisoPullupLevel"":1,""adsCsLevel"":1,""adsSyncLevel"":1,""adsStatus"":54,""adsMux"":15,""adsAdcon"":6,""adsDrate"":240,""adsReason"":""ok"",""tcaOk"":true,""mcpOkCount"":8,""mcpOk"":[true,true,true,true,true,true,true,true],""mcpAddrMask"":[1,1,1,1,1,1,1,1],""mcpControlTested"":true,""mcpControlOkCount"":8,""mcpControlOk"":[true,true,true,true,true,true,true,true],""dacReady"":true,""radioReady"":true,""mlReady"":true,""nullingProfileApplied"":true,""modelProfileReady"":true},""runtimeMcpCode"":[296,498,887,696,767,861,658,98],""model"":{""profileId"":""cnn-dualbranch-datasheet-v1-unbound"",""scalerProfileId"":""cnn-dualbranch-datasheet-v1-unbound"",""productionApproved"":true,""boundNullingProfileId"":8,""activeNullingProfileId"":8,""bindingValid"":true,""bindingModelMatches"":true,""profileReady"":true,""inferenceValid"":false,""sensorFault"":true},""lora"":{""beginState"":0,""lastTxState"":0,""lastTxOk"":false,""txSeq"":0,""txCounter"":0,""aesKeyProvisioned"":true,""aesKeyPresent"":true,""aesKeySource"":""nvs"",""keyId"":1,""lastDownlinkCommandId"":0,""freqMHz"":920,""bwKHz"":125,""sf"":7,""cr"":5,""syncWord"":18,""txPowerDbm"":17,""preamble"":8,""tcxoVoltage"":1.600000024,""xtalVoltage"":0},""dataset"":{""state"":""idle"",""step"":""idle"",""label"":"""",""seq"":0,""targetSamples"":0,""sampleIntervalMs"":500,""maxDurationMs"":0,""useFanIntake"":true,""fanOnMs"":1000,""postFanSettleMs"":0,""nullingProfileId"":8,""queuePending"":0,""queueCapacity"":16,""queueEnqueued"":0,""queueDropped"":0,""publishFailCount"":0,""retryCount"":0,""retryFailCount"":0,""rejectedSamples"":0,""lastRejectReason"":""none"",""lastRejectChannel"":-1,""lastRejectOkFiniteCount"":0,""lastRejectStatus"":255,""lastRejectGain"":0,""lastRejectSaturated"":false},""recovery"":{""wifiReconnectCount"":0,""wifiReconnectFailCount"":0,""mqttReconnectCount"":0,""mqttConnectFailCount"":0,""lastMqttState"":0,""adsRecoveryCount"":0,""adsRecoveryFailCount"":0,""adsReadFailStreak"":0,""lastReason"":""none"",""lastRecoveryMs"":0,""bootRecoveryArmed"":false,""bootRecoveryDueMs"":0,""bootRecoveryReason"":""none"",""bootRecoveryNonAdsFailure"":false,""bootRecoveryRestartCount"":0},""nulling"":{""done"":false,""retryArmed"":false,""attemptCount"":0,""nextRetryMs"":0,""thresholdV"":9.999999747E-06,""minFinalV"":0},""telemetry"":{""valid"":true,""sampleMs"":7667,""gasClass"":6,""gasName"":""CO2"",""confidence"":0,""alarm"":false,""sensorVoltage"":[0.162270054,0.004956136,0.005846966,-0.002696664,-0.010183763,-0.012328323,-0.020883717,-0.026850585],""sensorGain"":[16,64,64,64,64,64,64,64],""sensorStatus"":[0,0,0,0,0,0,0,0],""featureOrder"":[""MQ8"",""MQ135"",""MQ3"",""MQ5"",""MQ4"",""MQ7"",""MQ6"",""MQ2""]},""alarmLatched"":false}"
"2026-07-31 14:24:15.819 +07:00","9.057","HOT_BASELINE_100","100","1000","0","1","0","0.162360221","0.004757766","0.005865218","-0.002660783","-0.010121256","-0.012360989","-0.020894071","-0.026942899","{""deviceId"":""1001"",""nodeId"":4097,""targetChId"":""0010"",""mode"":""inference"",""uptimeMs"":8749,""debugEnabled"":true,""power"":{""mode"":""24v"",""externalPower"":true,""batteryMv"":65535,""batteryValid"":false,""batteryDetected"":false,""batterySenseStatus"":""not_detected"",""batteryLow"":false,""batteryCritical"":false,""sourceAmbiguous"":false,""serviceHoldActive"":false,""serviceHoldEffective"":false},""batterySession"":{""state"":""inactive"",""startedMs"":0,""stateStartedMs"":0,""validSampleBatches"":0,""requiredSampleBatches"":10,""alarmTxAttempts"":0,""alarmTxAttemptLimit"":3,""alarmAckReceived"":false,""pendingAlarm"":false,""pendingSaveRequired"":false,""persistenceFaultHold"":false,""completionReason"":""session_done""},""bootHealth"":{""adsReady"":true,""adsDrdyLevel"":0,""adsDrdyPulldownLevel"":0,""adsDrdyPullupLevel"":0,""adsMisoPulldownLevel"":0,""adsMisoPullupLevel"":1,""adsCsLevel"":1,""adsSyncLevel"":1,""adsStatus"":54,""adsMux"":15,""adsAdcon"":6,""adsDrate"":240,""adsReason"":""ok"",""tcaOk"":true,""mcpOkCount"":8,""mcpOk"":[true,true,true,true,true,true,true,true],""mcpAddrMask"":[1,1,1,1,1,1,1,1],""mcpControlTested"":true,""mcpControlOkCount"":8,""mcpControlOk"":[true,true,true,true,true,true,true,true],""dacReady"":true,""radioReady"":true,""mlReady"":true,""nullingProfileApplied"":true,""modelProfileReady"":true},""runtimeMcpCode"":[296,498,887,696,767,861,658,98],""model"":{""profileId"":""cnn-dualbranch-datasheet-v1-unbound"",""scalerProfileId"":""cnn-dualbranch-datasheet-v1-unbound"",""productionApproved"":true,""boundNullingProfileId"":8,""activeNullingProfileId"":8,""bindingValid"":true,""bindingModelMatches"":true,""profileReady"":true,""inferenceValid"":false,""sensorFault"":true},""lora"":{""beginState"":0,""lastTxState"":0,""lastTxOk"":false,""txSeq"":0,""txCounter"":0,""aesKeyProvisioned"":true,""aesKeyPresent"":true,""aesKeySource"":""nvs"",""keyId"":1,""lastDownlinkCommandId"":0,""freqMHz"":920,""bwKHz"":125,""sf"":7,""cr"":5,""syncWord"":18,""txPowerDbm"":17,""preamble"":8,""tcxoVoltage"":1.600000024,""xtalVoltage"":0},""dataset"":{""state"":""idle"",""step"":""idle"",""label"":"""",""seq"":0,""targetSamples"":0,""sampleIntervalMs"":500,""maxDurationMs"":0,""useFanIntake"":true,""fanOnMs"":1000,""postFanSettleMs"":0,""nullingProfileId"":8,""queuePending"":0,""queueCapacity"":16,""queueEnqueued"":0,""queueDropped"":0,""publishFailCount"":0,""retryCount"":0,""retryFailCount"":0,""rejectedSamples"":0,""lastRejectReason"":""none"",""lastRejectChannel"":-1,""lastRejectOkFiniteCount"":0,""lastRejectStatus"":255,""lastRejectGain"":0,""lastRejectSaturated"":false},""recovery"":{""wifiReconnectCount"":0,""wifiReconnectFailCount"":0,""mqttReconnectCount"":0,""mqttConnectFailCount"":0,""lastMqttState"":0,""adsRecoveryCount"":0,""adsRecoveryFailCount"":0,""adsReadFailStreak"":0,""lastReason"":""none"",""lastRecoveryMs"":0,""bootRecoveryArmed"":false,""bootRecoveryDueMs"":0,""bootRecoveryReason"":""none"",""bootRecoveryNonAdsFailure"":false,""bootRecoveryRestartCount"":0},""nulling"":{""done"":false,""retryArmed"":false,""attemptCount"":0,""nextRetryMs"":0,""thresholdV"":9.999999747E-06,""minFinalV"":0},""telemetry"":{""valid"":true,""sampleMs"":8337,""gasClass"":6,""gasName"":""CO2"",""confidence"":0,""alarm"":false,""sensorVoltage"":[0.162360221,0.004757766,0.005865218,-0.002660783,-0.010121256,-0.012360989,-0.020894071,-0.026942899],""sensorGain"":[16,64,64,64,64,64,64,64],""sensorStatus"":[0,0,0,0,0,0,0,0],""featureOrder"":[""MQ8"",""MQ135"",""MQ3"",""MQ5"",""MQ4"",""MQ7"",""MQ6"",""MQ2""]},""alarmLatched"":false}"
"2026-07-31 14:24:16.501 +07:00","9.739","HOT_BASELINE_100","100","1000","0","1","0","0.161983803","0.004715455","0.005841385","-0.00261379","-0.010093003","-0.0123941","-0.020832891","-0.026938364","{""deviceId"":""1001"",""nodeId"":4097,""targetChId"":""0010"",""mode"":""inference"",""uptimeMs"":9431,""debugEnabled"":true,""power"":{""mode"":""24v"",""externalPower"":true,""batteryMv"":65535,""batteryValid"":false,""batteryDetected"":false,""batterySenseStatus"":""not_detected"",""batteryLow"":false,""batteryCritical"":false,""sourceAmbiguous"":false,""serviceHoldActive"":false,""serviceHoldEffective"":false},""batterySession"":{""state"":""inactive"",""startedMs"":0,""stateStartedMs"":0,""validSampleBatches"":0,""requiredSampleBatches"":10,""alarmTxAttempts"":0,""alarmTxAttemptLimit"":3,""alarmAckReceived"":false,""pendingAlarm"":false,""pendingSaveRequired"":false,""persistenceFaultHold"":false,""completionReason"":""session_done""},""bootHealth"":{""adsReady"":true,""adsDrdyLevel"":0,""adsDrdyPulldownLevel"":0,""adsDrdyPullupLevel"":0,""adsMisoPulldownLevel"":0,""adsMisoPullupLevel"":1,""adsCsLevel"":1,""adsSyncLevel"":1,""adsStatus"":54,""adsMux"":15,""adsAdcon"":6,""adsDrate"":240,""adsReason"":""ok"",""tcaOk"":true,""mcpOkCount"":8,""mcpOk"":[true,true,true,true,true,true,true,true],""mcpAddrMask"":[1,1,1,1,1,1,1,1],""mcpControlTested"":true,""mcpControlOkCount"":8,""mcpControlOk"":[true,true,true,true,true,true,true,true],""dacReady"":true,""radioReady"":true,""mlReady"":true,""nullingProfileApplied"":true,""modelProfileReady"":true},""runtimeMcpCode"":[296,498,887,696,767,861,658,98],""model"":{""profileId"":""cnn-dualbranch-datasheet-v1-unbound"",""scalerProfileId"":""cnn-dualbranch-datasheet-v1-unbound"",""productionApproved"":true,""boundNullingProfileId"":8,""activeNullingProfileId"":8,""bindingValid"":true,""bindingModelMatches"":true,""profileReady"":true,""inferenceValid"":false,""sensorFault"":true},""lora"":{""beginState"":0,""lastTxState"":0,""lastTxOk"":false,""txSeq"":0,""txCounter"":0,""aesKeyProvisioned"":true,""aesKeyPresent"":true,""aesKeySource"":""nvs"",""keyId"":1,""lastDownlinkCommandId"":0,""freqMHz"":920,""bwKHz"":125,""sf"":7,""cr"":5,""syncWord"":18,""txPowerDbm"":17,""preamble"":8,""tcxoVoltage"":1.600000024,""xtalVoltage"":0},""dataset"":{""state"":""idle"",""step"":""idle"",""label"":"""",""seq"":0,""targetSamples"":0,""sampleIntervalMs"":500,""maxDurationMs"":0,""useFanIntake"":true,""fanOnMs"":1000,""postFanSettleMs"":0,""nullingProfileId"":8,""queuePending"":0,""queueCapacity"":16,""queueEnqueued"":0,""queueDropped"":0,""publishFailCount"":0,""retryCount"":0,""retryFailCount"":0,""rejectedSamples"":0,""lastRejectReason"":""none"",""lastRejectChannel"":-1,""lastRejectOkFiniteCount"":0,""lastRejectStatus"":255,""lastRejectGain"":0,""lastRejectSaturated"":false},""recovery"":{""wifiReconnectCount"":0,""wifiReconnectFailCount"":0,""mqttReconnectCount"":0,""mqttConnectFailCount"":0,""lastMqttState"":0,""adsRecoveryCount"":0,""adsRecoveryFailCount"":0,""adsReadFailStreak"":0,""lastReason"":""none"",""lastRecoveryMs"":0,""bootRecoveryArmed"":false,""bootRecoveryDueMs"":0,""bootRecoveryReason"":""none"",""bootRecoveryNonAdsFailure"":false,""bootRecoveryRestartCount"":0},""nulling"":{""done"":false,""retryArmed"":false,""attemptCount"":0,""nextRetryMs"":0,""thresholdV"":9.999999747E-06,""minFinalV"":0},""telemetry"":{""valid"":true,""sampleMs"":9060,""gasClass"":6,""gasName"":""CO2"",""confidence"":0,""alarm"":false,""sensorVoltage"":[0.161983803,0.004715455,0.005841385,-0.00261379,-0.010093003,-0.0123941,-0.020832891,-0.026938364],""sensorGain"":[16,64,64,64,64,64,64,64],""sensorStatus"":[0,0,0,0,0,0,0,0],""featureOrder"":[""MQ8"",""MQ135"",""MQ3"",""MQ5"",""MQ4"",""MQ7"",""MQ6"",""MQ2""]},""alarmLatched"":false}"
"2026-07-31 14:24:17.179 +07:00","10.417","HOT_BASELINE_100","100","1000","0","1","0","0.161502197","0.004737366","0.005808944","-0.002616187","-0.010115312","-0.012466249","-0.020903405","-0.026941765","{""deviceId"":""1001"",""nodeId"":4097,""targetChId"":""0010"",""mode"":""inference"",""uptimeMs"":10114,""debugEnabled"":true,""power"":{""mode"":""24v"",""externalPower"":true,""batteryMv"":65535,""batteryValid"":false,""batteryDetected"":false,""batterySenseStatus"":""not_detected"",""batteryLow"":false,""batteryCritical"":false,""sourceAmbiguous"":false,""serviceHoldActive"":false,""serviceHoldEffective"":false},""batterySession"":{""state"":""inactive"",""startedMs"":0,""stateStartedMs"":0,""validSampleBatches"":0,""requiredSampleBatches"":10,""alarmTxAttempts"":0,""alarmTxAttemptLimit"":3,""alarmAckReceived"":false,""pendingAlarm"":false,""pendingSaveRequired"":false,""persistenceFaultHold"":false,""completionReason"":""session_done""},""bootHealth"":{""adsReady"":true,""adsDrdyLevel"":0,""adsDrdyPulldownLevel"":0,""adsDrdyPullupLevel"":0,""adsMisoPulldownLevel"":0,""adsMisoPullupLevel"":1,""adsCsLevel"":1,""adsSyncLevel"":1,""adsStatus"":54,""adsMux"":15,""adsAdcon"":6,""adsDrate"":240,""adsReason"":""ok"",""tcaOk"":true,""mcpOkCount"":8,""mcpOk"":[true,true,true,true,true,true,true,true],""mcpAddrMask"":[1,1,1,1,1,1,1,1],""mcpControlTested"":true,""mcpControlOkCount"":8,""mcpControlOk"":[true,true,true,true,true,true,true,true],""dacReady"":true,""radioReady"":true,""mlReady"":true,""nullingProfileApplied"":true,""modelProfileReady"":true},""runtimeMcpCode"":[296,498,887,696,767,861,658,98],""model"":{""profileId"":""cnn-dualbranch-datasheet-v1-unbound"",""scalerProfileId"":""cnn-dualbranch-datasheet-v1-unbound"",""productionApproved"":true,""boundNullingProfileId"":8,""activeNullingProfileId"":8,""bindingValid"":true,""bindingModelMatches"":true,""profileReady"":true,""inferenceValid"":false,""sensorFault"":true},""lora"":{""beginState"":0,""lastTxState"":0,""lastTxOk"":false,""txSeq"":0,""txCounter"":0,""aesKeyProvisioned"":true,""aesKeyPresent"":true,""aesKeySource"":""nvs"",""keyId"":1,""lastDownlinkCommandId"":0,""freqMHz"":920,""bwKHz"":125,""sf"":7,""cr"":5,""syncWord"":18,""txPowerDbm"":17,""preamble"":8,""tcxoVoltage"":1.600000024,""xtalVoltage"":0},""dataset"":{""state"":""idle"",""step"":""idle"",""label"":"""",""seq"":0,""targetSamples"":0,""sampleIntervalMs"":500,""maxDurationMs"":0,""useFanIntake"":true,""fanOnMs"":1000,""postFanSettleMs"":0,""nullingProfileId"":8,""queuePending"":0,""queueCapacity"":16,""queueEnqueued"":0,""queueDropped"":0,""publishFailCount"":0,""retryCount"":0,""retryFailCount"":0,""rejectedSamples"":0,""lastRejectReason"":""none"",""lastRejectChannel"":-1,""lastRejectOkFiniteCount"":0,""lastRejectStatus"":255,""lastRejectGain"":0,""lastRejectSaturated"":false},""recovery"":{""wifiReconnectCount"":0,""wifiReconnectFailCount"":0,""mqttReconnectCount"":0,""mqttConnectFailCount"":0,""lastMqttState"":0,""adsRecoveryCount"":0,""adsRecoveryFailCount"":0,""adsReadFailStreak"":0,""lastReason"":""none"",""lastRecoveryMs"":0,""bootRecoveryArmed"":false,""bootRecoveryDueMs"":0,""bootRecoveryReason"":""none"",""bootRecoveryNonAdsFailure"":false,""bootRecoveryRestartCount"":0},""nulling"":{""done"":false,""retryArmed"":false,""attemptCount"":0,""nextRetryMs"":0,""thresholdV"":9.999999747E-06,""minFinalV"":0},""telemetry"":{""valid"":true,""sampleMs"":9710,""gasClass"":6,""gasName"":""CO2"",""confidence"":0,""alarm"":false,""sensorVoltage"":[0.161502197,0.004737366,0.005808944,-0.002616187,-0.010115312,-0.012466249,-0.020903405,-0.026941765],""sensorGain"":[16,64,64,64,64,64,64,64],""sensorStatus"":[0,0,0,0,0,0,0,0],""featureOrder"":[""MQ8"",""MQ135"",""MQ3"",""MQ5"",""MQ4"",""MQ7"",""MQ6"",""MQ2""]},""alarmLatched"":false}"
"2026-07-31 14:24:17.876 +07:00","11.114","HOT_BASELINE_100","100","1000","0","1","0","0.160626769","0.00485736","0.005775226","-0.002620147","-0.010128867","-0.012513649","-0.020896839","-0.026987856","{""deviceId"":""1001"",""nodeId"":4097,""targetChId"":""0010"",""mode"":""inference"",""uptimeMs"":10797,""debugEnabled"":true,""power"":{""mode"":""24v"",""externalPower"":true,""batteryMv"":65535,""batteryValid"":false,""batteryDetected"":false,""batterySenseStatus"":""not_detected"",""batteryLow"":false,""batteryCritical"":false,""sourceAmbiguous"":false,""serviceHoldActive"":false,""serviceHoldEffective"":false},""batterySession"":{""state"":""inactive"",""startedMs"":0,""stateStartedMs"":0,""validSampleBatches"":0,""requiredSampleBatches"":10,""alarmTxAttempts"":0,""alarmTxAttemptLimit"":3,""alarmAckReceived"":false,""pendingAlarm"":false,""pendingSaveRequired"":false,""persistenceFaultHold"":false,""completionReason"":""session_done""},""bootHealth"":{""adsReady"":true,""adsDrdyLevel"":0,""adsDrdyPulldownLevel"":0,""adsDrdyPullupLevel"":0,""adsMisoPulldownLevel"":0,""adsMisoPullupLevel"":1,""adsCsLevel"":1,""adsSyncLevel"":1,""adsStatus"":54,""adsMux"":15,""adsAdcon"":6,""adsDrate"":240,""adsReason"":""ok"",""tcaOk"":true,""mcpOkCount"":8,""mcpOk"":[true,true,true,true,true,true,true,true],""mcpAddrMask"":[1,1,1,1,1,1,1,1],""mcpControlTested"":true,""mcpControlOkCount"":8,""mcpControlOk"":[true,true,true,true,true,true,true,true],""dacReady"":true,""radioReady"":true,""mlReady"":true,""nullingProfileApplied"":true,""modelProfileReady"":true},""runtimeMcpCode"":[296,498,887,696,767,861,658,98],""model"":{""profileId"":""cnn-dualbranch-datasheet-v1-unbound"",""scalerProfileId"":""cnn-dualbranch-datasheet-v1-unbound"",""productionApproved"":true,""boundNullingProfileId"":8,""activeNullingProfileId"":8,""bindingValid"":true,""bindingModelMatches"":true,""profileReady"":true,""inferenceValid"":false,""sensorFault"":true},""lora"":{""beginState"":0,""lastTxState"":0,""lastTxOk"":false,""txSeq"":0,""txCounter"":0,""aesKeyProvisioned"":true,""aesKeyPresent"":true,""aesKeySource"":""nvs"",""keyId"":1,""lastDownlinkCommandId"":0,""freqMHz"":920,""bwKHz"":125,""sf"":7,""cr"":5,""syncWord"":18,""txPowerDbm"":17,""preamble"":8,""tcxoVoltage"":1.600000024,""xtalVoltage"":0},""dataset"":{""state"":""idle"",""step"":""idle"",""label"":"""",""seq"":0,""targetSamples"":0,""sampleIntervalMs"":500,""maxDurationMs"":0,""useFanIntake"":true,""fanOnMs"":1000,""postFanSettleMs"":0,""nullingProfileId"":8,""queuePending"":0,""queueCapacity"":16,""queueEnqueued"":0,""queueDropped"":0,""publishFailCount"":0,""retryCount"":0,""retryFailCount"":0,""rejectedSamples"":0,""lastRejectReason"":""none"",""lastRejectChannel"":-1,""lastRejectOkFiniteCount"":0,""lastRejectStatus"":255,""lastRejectGain"":0,""lastRejectSaturated"":false},""recovery"":{""wifiReconnectCount"":0,""wifiReconnectFailCount"":0,""mqttReconnectCount"":0,""mqttConnectFailCount"":0,""lastMqttState"":0,""adsRecoveryCount"":0,""adsRecoveryFailCount"":0,""adsReadFailStreak"":0,""lastReason"":""none"",""lastRecoveryMs"":0,""bootRecoveryArmed"":false,""bootRecoveryDueMs"":0,""bootRecoveryReason"":""none"",""bootRecoveryNonAdsFailure"":false,""bootRecoveryRestartCount"":0},""nulling"":{""done"":false,""retryArmed"":false,""attemptCount"":0,""nextRetryMs"":0,""thresholdV"":9.999999747E-06,""minFinalV"":0},""telemetry"":{""valid"":true,""sampleMs"":10393,""gasClass"":6,""gasName"":""CO2"",""confidence"":0,""alarm"":false,""sensorVoltage"":[0.160626769,0.00485736,0.005775226,-0.002620147,-0.010128867,-0.012513649,-0.020896839,-0.026987856],""sensorGain"":[16,64,64,64,64,64,64,64],""sensorStatus"":[0,0,0,0,0,0,0,0],""featureOrder"":[""MQ8"",""MQ135"",""MQ3"",""MQ5"",""MQ4"",""MQ7"",""MQ6"",""MQ2""]},""alarmLatched"":false}"
"2026-07-31 14:24:18.565 +07:00","11.803","HOT_BASELINE_100","100","1000","0","1","0","0.16008392","0.004880358","0.005786306","-0.002646492","-0.010121279","-0.01250398","-0.020831194","-0.027013417","{""deviceId"":""1001"",""nodeId"":4097,""targetChId"":""0010"",""mode"":""inference"",""uptimeMs"":11489,""debugEnabled"":true,""power"":{""mode"":""24v"",""externalPower"":true,""batteryMv"":65535,""batteryValid"":false,""batteryDetected"":false,""batterySenseStatus"":""not_detected"",""batteryLow"":false,""batteryCritical"":false,""sourceAmbiguous"":false,""serviceHoldActive"":false,""serviceHoldEffective"":false},""batterySession"":{""state"":""inactive"",""startedMs"":0,""stateStartedMs"":0,""validSampleBatches"":0,""requiredSampleBatches"":10,""alarmTxAttempts"":0,""alarmTxAttemptLimit"":3,""alarmAckReceived"":false,""pendingAlarm"":false,""pendingSaveRequired"":false,""persistenceFaultHold"":false,""completionReason"":""session_done""},""bootHealth"":{""adsReady"":true,""adsDrdyLevel"":0,""adsDrdyPulldownLevel"":0,""adsDrdyPullupLevel"":0,""adsMisoPulldownLevel"":0,""adsMisoPullupLevel"":1,""adsCsLevel"":1,""adsSyncLevel"":1,""adsStatus"":54,""adsMux"":15,""adsAdcon"":6,""adsDrate"":240,""adsReason"":""ok"",""tcaOk"":true,""mcpOkCount"":8,""mcpOk"":[true,true,true,true,true,true,true,true],""mcpAddrMask"":[1,1,1,1,1,1,1,1],""mcpControlTested"":true,""mcpControlOkCount"":8,""mcpControlOk"":[true,true,true,true,true,true,true,true],""dacReady"":true,""radioReady"":true,""mlReady"":true,""nullingProfileApplied"":true,""modelProfileReady"":true},""runtimeMcpCode"":[296,498,887,696,767,861,658,98],""model"":{""profileId"":""cnn-dualbranch-datasheet-v1-unbound"",""scalerProfileId"":""cnn-dualbranch-datasheet-v1-unbound"",""productionApproved"":true,""boundNullingProfileId"":8,""activeNullingProfileId"":8,""bindingValid"":true,""bindingModelMatches"":true,""profileReady"":true,""inferenceValid"":false,""sensorFault"":true},""lora"":{""beginState"":0,""lastTxState"":0,""lastTxOk"":false,""txSeq"":0,""txCounter"":0,""aesKeyProvisioned"":true,""aesKeyPresent"":true,""aesKeySource"":""nvs"",""keyId"":1,""lastDownlinkCommandId"":0,""freqMHz"":920,""bwKHz"":125,""sf"":7,""cr"":5,""syncWord"":18,""txPowerDbm"":17,""preamble"":8,""tcxoVoltage"":1.600000024,""xtalVoltage"":0},""dataset"":{""state"":""idle"",""step"":""idle"",""label"":"""",""seq"":0,""targetSamples"":0,""sampleIntervalMs"":500,""maxDurationMs"":0,""useFanIntake"":true,""fanOnMs"":1000,""postFanSettleMs"":0,""nullingProfileId"":8,""queuePending"":0,""queueCapacity"":16,""queueEnqueued"":0,""queueDropped"":0,""publishFailCount"":0,""retryCount"":0,""retryFailCount"":0,""rejectedSamples"":0,""lastRejectReason"":""none"",""lastRejectChannel"":-1,""lastRejectOkFiniteCount"":0,""lastRejectStatus"":255,""lastRejectGain"":0,""lastRejectSaturated"":false},""recovery"":{""wifiReconnectCount"":0,""wifiReconnectFailCount"":0,""mqttReconnectCount"":0,""mqttConnectFailCount"":0,""lastMqttState"":0,""adsRecoveryCount"":0,""adsRecoveryFailCount"":0,""adsReadFailStreak"":0,""lastReason"":""none"",""lastRecoveryMs"":0,""bootRecoveryArmed"":false,""bootRecoveryDueMs"":0,""bootRecoveryReason"":""none"",""bootRecoveryNonAdsFailure"":false,""bootRecoveryRestartCount"":0},""nulling"":{""done"":false,""retryArmed"":false,""attemptCount"":0,""nextRetryMs"":0,""thresholdV"":9.999999747E-06,""minFinalV"":0},""telemetry"":{""valid"":true,""sampleMs"":11108,""gasClass"":6,""gasName"":""CO2"",""confidence"":0,""alarm"":false,""sensorVoltage"":[0.16008392,0.004880358,0.005786306,-0.002646492,-0.010121279,-0.01250398,-0.020831194,-0.027013417],""sensorGain"":[16,64,64,64,64,64,64,64],""sensorStatus"":[0,0,0,0,0,0,0,0],""featureOrder"":[""MQ8"",""MQ135"",""MQ3"",""MQ5"",""MQ4"",""MQ7"",""MQ6"",""MQ2""]},""alarmLatched"":false}"
"2026-07-31 14:24:19.238 +07:00","12.476","HOT_BASELINE_100","100","1000","0","1","0","0.159686238","0.004877473","0.005808688","-0.002617626","-0.010112518","-0.012519667","-0.020814382","-0.027018892","{""deviceId"":""1001"",""nodeId"":4097,""targetChId"":""0010"",""mode"":""inference"",""uptimeMs"":12169,""debugEnabled"":true,""power"":{""mode"":""24v"",""externalPower"":true,""batteryMv"":65535,""batteryValid"":false,""batteryDetected"":false,""batterySenseStatus"":""not_detected"",""batteryLow"":false,""batteryCritical"":false,""sourceAmbiguous"":false,""serviceHoldActive"":false,""serviceHoldEffective"":false},""batterySession"":{""state"":""inactive"",""startedMs"":0,""stateStartedMs"":0,""validSampleBatches"":0,""requiredSampleBatches"":10,""alarmTxAttempts"":0,""alarmTxAttemptLimit"":3,""alarmAckReceived"":false,""pendingAlarm"":false,""pendingSaveRequired"":false,""persistenceFaultHold"":false,""completionReason"":""session_done""},""bootHealth"":{""adsReady"":true,""adsDrdyLevel"":0,""adsDrdyPulldownLevel"":0,""adsDrdyPullupLevel"":0,""adsMisoPulldownLevel"":0,""adsMisoPullupLevel"":1,""adsCsLevel"":1,""adsSyncLevel"":1,""adsStatus"":54,""adsMux"":15,""adsAdcon"":6,""adsDrate"":240,""adsReason"":""ok"",""tcaOk"":true,""mcpOkCount"":8,""mcpOk"":[true,true,true,true,true,true,true,true],""mcpAddrMask"":[1,1,1,1,1,1,1,1],""mcpControlTested"":true,""mcpControlOkCount"":8,""mcpControlOk"":[true,true,true,true,true,true,true,true],""dacReady"":true,""radioReady"":true,""mlReady"":true,""nullingProfileApplied"":true,""modelProfileReady"":true},""runtimeMcpCode"":[296,498,887,696,767,861,658,98],""model"":{""profileId"":""cnn-dualbranch-datasheet-v1-unbound"",""scalerProfileId"":""cnn-dualbranch-datasheet-v1-unbound"",""productionApproved"":true,""boundNullingProfileId"":8,""activeNullingProfileId"":8,""bindingValid"":true,""bindingModelMatches"":true,""profileReady"":true,""inferenceValid"":false,""sensorFault"":true},""lora"":{""beginState"":0,""lastTxState"":0,""lastTxOk"":false,""txSeq"":0,""txCounter"":0,""aesKeyProvisioned"":true,""aesKeyPresent"":true,""aesKeySource"":""nvs"",""keyId"":1,""lastDownlinkCommandId"":0,""freqMHz"":920,""bwKHz"":125,""sf"":7,""cr"":5,""syncWord"":18,""txPowerDbm"":17,""preamble"":8,""tcxoVoltage"":1.600000024,""xtalVoltage"":0},""dataset"":{""state"":""idle"",""step"":""idle"",""label"":"""",""seq"":0,""targetSamples"":0,""sampleIntervalMs"":500,""maxDurationMs"":0,""useFanIntake"":true,""fanOnMs"":1000,""postFanSettleMs"":0,""nullingProfileId"":8,""queuePending"":0,""queueCapacity"":16,""queueEnqueued"":0,""queueDropped"":0,""publishFailCount"":0,""retryCount"":0,""retryFailCount"":0,""rejectedSamples"":0,""lastRejectReason"":""none"",""lastRejectChannel"":-1,""lastRejectOkFiniteCount"":0,""lastRejectStatus"":255,""lastRejectGain"":0,""lastRejectSaturated"":false},""recovery"":{""wifiReconnectCount"":0,""wifiReconnectFailCount"":0,""mqttReconnectCount"":0,""mqttConnectFailCount"":0,""lastMqttState"":0,""adsRecoveryCount"":0,""adsRecoveryFailCount"":0,""adsReadFailStreak"":0,""lastReason"":""none"",""lastRecoveryMs"":0,""bootRecoveryArmed"":false,""bootRecoveryDueMs"":0,""bootRecoveryReason"":""none"",""bootRecoveryNonAdsFailure"":false,""bootRecoveryRestartCount"":0},""nulling"":{""done"":false,""retryArmed"":false,""attemptCount"":0,""nextRetryMs"":0,""thresholdV"":9.999999747E-06,""minFinalV"":0},""telemetry"":{""valid"":true,""sampleMs"":11768,""gasClass"":6,""gasName"":""CO2"",""confidence"":0,""alarm"":false,""sensorVoltage"":[0.159686238,0.004877473,0.005808688,-0.002617626,-0.010112518,-0.012519667,-0.020814382,-0.027018892],""sensorGain"":[16,64,64,64,64,64,64,64],""sensorStatus"":[0,0,0,0,0,0,0,0],""featureOrder"":[""MQ8"",""MQ135"",""MQ3"",""MQ5"",""MQ4"",""MQ7"",""MQ6"",""MQ2""]},""alarmLatched"":false}"
"2026-07-31 14:24:19.919 +07:00","13.143","HOT_BASELINE_100","100","1000","0","1","0","0.159313872","0.004857942","0.005779655","-0.002630308","-0.010128815","-0.012497019","-0.020819826","-0.027013622","{""deviceId"":""1001"",""nodeId"":4097,""targetChId"":""0010"",""mode"":""inference"",""uptimeMs"":12840,""debugEnabled"":true,""power"":{""mode"":""24v"",""externalPower"":true,""batteryMv"":65535,""batteryValid"":false,""batteryDetected"":false,""batterySenseStatus"":""not_detected"",""batteryLow"":false,""batteryCritical"":false,""sourceAmbiguous"":false,""serviceHoldActive"":false,""serviceHoldEffective"":false},""batterySession"":{""state"":""inactive"",""startedMs"":0,""stateStartedMs"":0,""validSampleBatches"":0,""requiredSampleBatches"":10,""alarmTxAttempts"":0,""alarmTxAttemptLimit"":3,""alarmAckReceived"":false,""pendingAlarm"":false,""pendingSaveRequired"":false,""persistenceFaultHold"":false,""completionReason"":""session_done""},""bootHealth"":{""adsReady"":true,""adsDrdyLevel"":0,""adsDrdyPulldownLevel"":0,""adsDrdyPullupLevel"":0,""adsMisoPulldownLevel"":0,""adsMisoPullupLevel"":1,""adsCsLevel"":1,""adsSyncLevel"":1,""adsStatus"":54,""adsMux"":15,""adsAdcon"":6,""adsDrate"":240,""adsReason"":""ok"",""tcaOk"":true,""mcpOkCount"":8,""mcpOk"":[true,true,true,true,true,true,true,true],""mcpAddrMask"":[1,1,1,1,1,1,1,1],""mcpControlTested"":true,""mcpControlOkCount"":8,""mcpControlOk"":[true,true,true,true,true,true,true,true],""dacReady"":true,""radioReady"":true,""mlReady"":true,""nullingProfileApplied"":true,""modelProfileReady"":true},""runtimeMcpCode"":[296,498,887,696,767,861,658,98],""model"":{""profileId"":""cnn-dualbranch-datasheet-v1-unbound"",""scalerProfileId"":""cnn-dualbranch-datasheet-v1-unbound"",""productionApproved"":true,""boundNullingProfileId"":8,""activeNullingProfileId"":8,""bindingValid"":true,""bindingModelMatches"":true,""profileReady"":true,""inferenceValid"":false,""sensorFault"":true},""lora"":{""beginState"":0,""lastTxState"":0,""lastTxOk"":false,""txSeq"":0,""txCounter"":0,""aesKeyProvisioned"":true,""aesKeyPresent"":true,""aesKeySource"":""nvs"",""keyId"":1,""lastDownlinkCommandId"":0,""freqMHz"":920,""bwKHz"":125,""sf"":7,""cr"":5,""syncWord"":18,""txPowerDbm"":17,""preamble"":8,""tcxoVoltage"":1.600000024,""xtalVoltage"":0},""dataset"":{""state"":""idle"",""step"":""idle"",""label"":"""",""seq"":0,""targetSamples"":0,""sampleIntervalMs"":500,""maxDurationMs"":0,""useFanIntake"":true,""fanOnMs"":1000,""postFanSettleMs"":0,""nullingProfileId"":8,""queuePending"":0,""queueCapacity"":16,""queueEnqueued"":0,""queueDropped"":0,""publishFailCount"":0,""retryCount"":0,""retryFailCount"":0,""rejectedSamples"":0,""lastRejectReason"":""none"",""lastRejectChannel"":-1,""lastRejectOkFiniteCount"":0,""lastRejectStatus"":255,""lastRejectGain"":0,""lastRejectSaturated"":false},""recovery"":{""wifiReconnectCount"":0,""wifiReconnectFailCount"":0,""mqttReconnectCount"":0,""mqttConnectFailCount"":0,""lastMqttState"":0,""adsRecoveryCount"":0,""adsRecoveryFailCount"":0,""adsReadFailStreak"":0,""lastReason"":""none"",""lastRecoveryMs"":0,""bootRecoveryArmed"":false,""bootRecoveryDueMs"":0,""bootRecoveryReason"":""none"",""bootRecoveryNonAdsFailure"":false,""bootRecoveryRestartCount"":0},""nulling"":{""done"":false,""retryArmed"":false,""attemptCount"":0,""nextRetryMs"":0,""thresholdV"":9.999999747E-06,""minFinalV"":0},""telemetry"":{""valid"":true,""sampleMs"":12448,""gasClass"":6,""gasName"":""CO2"",""confidence"":0,""alarm"":false,""sensorVoltage"":[0.159313872,0.004857942,0.005779655,-0.002630308,-0.010128815,-0.012497019,-0.020819826,-0.027013622],""sensorGain"":[16,64,64,64,64,64,64,64],""sensorStatus"":[0,0,0,0,0,0,0,0],""featureOrder"":[""MQ8"",""MQ135"",""MQ3"",""MQ5"",""MQ4"",""MQ7"",""MQ6"",""MQ2""]},""alarmLatched"":false}"
"2026-07-31 14:24:20.609 +07:00","13.846","HOT_BASELINE_100","100","1000","0","1","0","0.158917159","0.00482842","0.005761751","-0.002642659","-0.01010015","-0.012485111","-0.020828906","-0.027023107","{""deviceId"":""1001"",""nodeId"":4097,""targetChId"":""0010"",""mode"":""inference"",""uptimeMs"":13531,""debugEnabled"":true,""power"":{""mode"":""24v"",""externalPower"":true,""batteryMv"":65535,""batteryValid"":false,""batteryDetected"":false,""batterySenseStatus"":""not_detected"",""batteryLow"":false,""batteryCritical"":false,""sourceAmbiguous"":false,""serviceHoldActive"":false,""serviceHoldEffective"":false},""batterySession"":{""state"":""inactive"",""startedMs"":0,""stateStartedMs"":0,""validSampleBatches"":0,""requiredSampleBatches"":10,""alarmTxAttempts"":0,""alarmTxAttemptLimit"":3,""alarmAckReceived"":false,""pendingAlarm"":false,""pendingSaveRequired"":false,""persistenceFaultHold"":false,""completionReason"":""session_done""},""bootHealth"":{""adsReady"":true,""adsDrdyLevel"":0,""adsDrdyPulldownLevel"":0,""adsDrdyPullupLevel"":0,""adsMisoPulldownLevel"":0,""adsMisoPullupLevel"":1,""adsCsLevel"":1,""adsSyncLevel"":1,""adsStatus"":54,""adsMux"":15,""adsAdcon"":6,""adsDrate"":240,""adsReason"":""ok"",""tcaOk"":true,""mcpOkCount"":8,""mcpOk"":[true,true,true,true,true,true,true,true],""mcpAddrMask"":[1,1,1,1,1,1,1,1],""mcpControlTested"":true,""mcpControlOkCount"":8,""mcpControlOk"":[true,true,true,true,true,true,true,true],""dacReady"":true,""radioReady"":true,""mlReady"":true,""nullingProfileApplied"":true,""modelProfileReady"":true},""runtimeMcpCode"":[296,498,887,696,767,861,658,98],""model"":{""profileId"":""cnn-dualbranch-datasheet-v1-unbound"",""scalerProfileId"":""cnn-dualbranch-datasheet-v1-unbound"",""productionApproved"":true,""boundNullingProfileId"":8,""activeNullingProfileId"":8,""bindingValid"":true,""bindingModelMatches"":true,""profileReady"":true,""inferenceValid"":true,""sensorFault"":false},""lora"":{""beginState"":0,""lastTxState"":0,""lastTxOk"":false,""txSeq"":0,""txCounter"":0,""aesKeyProvisioned"":true,""aesKeyPresent"":true,""aesKeySource"":""nvs"",""keyId"":1,""lastDownlinkCommandId"":0,""freqMHz"":920,""bwKHz"":125,""sf"":7,""cr"":5,""syncWord"":18,""txPowerDbm"":17,""preamble"":8,""tcxoVoltage"":1.600000024,""xtalVoltage"":0},""dataset"":{""state"":""idle"",""step"":""idle"",""label"":"""",""seq"":0,""targetSamples"":0,""sampleIntervalMs"":500,""maxDurationMs"":0,""useFanIntake"":true,""fanOnMs"":1000,""postFanSettleMs"":0,""nullingProfileId"":8,""queuePending"":0,""queueCapacity"":16,""queueEnqueued"":0,""queueDropped"":0,""publishFailCount"":0,""retryCount"":0,""retryFailCount"":0,""rejectedSamples"":0,""lastRejectReason"":""none"",""lastRejectChannel"":-1,""lastRejectOkFiniteCount"":0,""lastRejectStatus"":255,""lastRejectGain"":0,""lastRejectSaturated"":false},""recovery"":{""wifiReconnectCount"":0,""wifiReconnectFailCount"":0,""mqttReconnectCount"":0,""mqttConnectFailCount"":0,""lastMqttState"":0,""adsRecoveryCount"":0,""adsRecoveryFailCount"":0,""adsReadFailStreak"":0,""lastReason"":""none"",""lastRecoveryMs"":0,""bootRecoveryArmed"":false,""bootRecoveryDueMs"":0,""bootRecoveryReason"":""none"",""bootRecoveryNonAdsFailure"":false,""bootRecoveryRestartCount"":0},""nulling"":{""done"":false,""retryArmed"":false,""attemptCount"":0,""nextRetryMs"":0,""thresholdV"":9.999999747E-06,""minFinalV"":0},""telemetry"":{""valid"":true,""sampleMs"":13151,""gasClass"":0,""gasName"":""Clean_Air"",""confidence"":98,""alarm"":false,""sensorVoltage"":[0.158917159,0.00482842,0.005761751,-0.002642659,-0.01010015,-0.012485111,-0.020828906,-0.027023107],""sensorGain"":[16,64,64,64,64,64,64,64],""sensorStatus"":[0,0,0,0,0,0,0,0],""featureOrder"":[""MQ8"",""MQ135"",""MQ3"",""MQ5"",""MQ4"",""MQ7"",""MQ6"",""MQ2""]},""alarmLatched"":false}"
"2026-07-31 14:24:21.293 +07:00","14.516","HOT_BASELINE_100","100","1000","0","1","0","0.157976732","0.004762173","0.005748852","-0.002640401","-0.010059389","-0.012505327","-0.020835061","-0.027063724","{""deviceId"":""1001"",""nodeId"":4097,""targetChId"":""0010"",""mode"":""inference"",""uptimeMs"":14214,""debugEnabled"":true,""power"":{""mode"":""24v"",""externalPower"":true,""batteryMv"":65535,""batteryValid"":false,""batteryDetected"":false,""batterySenseStatus"":""not_detected"",""batteryLow"":false,""batteryCritical"":false,""sourceAmbiguous"":false,""serviceHoldActive"":false,""serviceHoldEffective"":false},""batterySession"":{""state"":""inactive"",""startedMs"":0,""stateStartedMs"":0,""validSampleBatches"":0,""requiredSampleBatches"":10,""alarmTxAttempts"":0,""alarmTxAttemptLimit"":3,""alarmAckReceived"":false,""pendingAlarm"":false,""pendingSaveRequired"":false,""persistenceFaultHold"":false,""completionReason"":""session_done""},""bootHealth"":{""adsReady"":true,""adsDrdyLevel"":0,""adsDrdyPulldownLevel"":0,""adsDrdyPullupLevel"":0,""adsMisoPulldownLevel"":0,""adsMisoPullupLevel"":1,""adsCsLevel"":1,""adsSyncLevel"":1,""adsStatus"":54,""adsMux"":15,""adsAdcon"":6,""adsDrate"":240,""adsReason"":""ok"",""tcaOk"":true,""mcpOkCount"":8,""mcpOk"":[true,true,true,true,true,true,true,true],""mcpAddrMask"":[1,1,1,1,1,1,1,1],""mcpControlTested"":true,""mcpControlOkCount"":8,""mcpControlOk"":[true,true,true,true,true,true,true,true],""dacReady"":true,""radioReady"":true,""mlReady"":true,""nullingProfileApplied"":true,""modelProfileReady"":true},""runtimeMcpCode"":[296,498,887,696,767,861,658,98],""model"":{""profileId"":""cnn-dualbranch-datasheet-v1-unbound"",""scalerProfileId"":""cnn-dualbranch-datasheet-v1-unbound"",""productionApproved"":true,""boundNullingProfileId"":8,""activeNullingProfileId"":8,""bindingValid"":true,""bindingModelMatches"":true,""profileReady"":true,""inferenceValid"":true,""sensorFault"":false},""lora"":{""beginState"":0,""lastTxState"":0,""lastTxOk"":false,""txSeq"":0,""txCounter"":0,""aesKeyProvisioned"":true,""aesKeyPresent"":true,""aesKeySource"":""nvs"",""keyId"":1,""lastDownlinkCommandId"":0,""freqMHz"":920,""bwKHz"":125,""sf"":7,""cr"":5,""syncWord"":18,""txPowerDbm"":17,""preamble"":8,""tcxoVoltage"":1.600000024,""xtalVoltage"":0},""dataset"":{""state"":""idle"",""step"":""idle"",""label"":"""",""seq"":0,""targetSamples"":0,""sampleIntervalMs"":500,""maxDurationMs"":0,""useFanIntake"":true,""fanOnMs"":1000,""postFanSettleMs"":0,""nullingProfileId"":8,""queuePending"":0,""queueCapacity"":16,""queueEnqueued"":0,""queueDropped"":0,""publishFailCount"":0,""retryCount"":0,""retryFailCount"":0,""rejectedSamples"":0,""lastRejectReason"":""none"",""lastRejectChannel"":-1,""lastRejectOkFiniteCount"":0,""lastRejectStatus"":255,""lastRejectGain"":0,""lastRejectSaturated"":false},""recovery"":{""wifiReconnectCount"":0,""wifiReconnectFailCount"":0,""mqttReconnectCount"":0,""mqttConnectFailCount"":0,""lastMqttState"":0,""adsRecoveryCount"":0,""adsRecoveryFailCount"":0,""adsReadFailStreak"":0,""lastReason"":""none"",""lastRecoveryMs"":0,""bootRecoveryArmed"":false,""bootRecoveryDueMs"":0,""bootRecoveryReason"":""none"",""bootRecoveryNonAdsFailure"":false,""bootRecoveryRestartCount"":0},""nulling"":{""done"":false,""retryArmed"":false,""attemptCount"":0,""nextRetryMs"":0,""thresholdV"":9.999999747E-06,""minFinalV"":0},""telemetry"":{""valid"":true,""sampleMs"":13809,""gasClass"":0,""gasName"":""Clean_Air"",""confidence"":98,""alarm"":false,""sensorVoltage"":[0.157976732,0.004762173,0.005748852,-0.002640401,-0.010059389,-0.012505327,-0.020835061,-0.027063724],""sensorGain"":[16,64,64,64,64,64,64,64],""sensorStatus"":[0,0,0,0,0,0,0,0],""featureOrder"":[""MQ8"",""MQ135"",""MQ3"",""MQ5"",""MQ4"",""MQ7"",""MQ6"",""MQ2""]},""alarmLatched"":false}"
"2026-07-31 14:24:21.965 +07:00","15.203","HOT_BASELINE_100","100","1000","0","1","0","0.156926364","0.004737856","0.0057485670000000004","-0.00256924","-0.010085946","-0.012507936","-0.020843681","-0.027107483","{""deviceId"":""1001"",""nodeId"":4097,""targetChId"":""0010"",""mode"":""inference"",""uptimeMs"":14901,""debugEnabled"":true,""power"":{""mode"":""24v"",""externalPower"":true,""batteryMv"":65535,""batteryValid"":false,""batteryDetected"":false,""batterySenseStatus"":""not_detected"",""batteryLow"":false,""batteryCritical"":false,""sourceAmbiguous"":false,""serviceHoldActive"":false,""serviceHoldEffective"":false},""batterySession"":{""state"":""inactive"",""startedMs"":0,""stateStartedMs"":0,""validSampleBatches"":0,""requiredSampleBatches"":10,""alarmTxAttempts"":0,""alarmTxAttemptLimit"":3,""alarmAckReceived"":false,""pendingAlarm"":false,""pendingSaveRequired"":false,""persistenceFaultHold"":false,""completionReason"":""session_done""},""bootHealth"":{""adsReady"":true,""adsDrdyLevel"":0,""adsDrdyPulldownLevel"":0,""adsDrdyPullupLevel"":0,""adsMisoPulldownLevel"":0,""adsMisoPullupLevel"":1,""adsCsLevel"":1,""adsSyncLevel"":1,""adsStatus"":54,""adsMux"":15,""adsAdcon"":6,""adsDrate"":240,""adsReason"":""ok"",""tcaOk"":true,""mcpOkCount"":8,""mcpOk"":[true,true,true,true,true,true,true,true],""mcpAddrMask"":[1,1,1,1,1,1,1,1],""mcpControlTested"":true,""mcpControlOkCount"":8,""mcpControlOk"":[true,true,true,true,true,true,true,true],""dacReady"":true,""radioReady"":true,""mlReady"":true,""nullingProfileApplied"":true,""modelProfileReady"":true},""runtimeMcpCode"":[296,498,887,696,767,861,658,98],""model"":{""profileId"":""cnn-dualbranch-datasheet-v1-unbound"",""scalerProfileId"":""cnn-dualbranch-datasheet-v1-unbound"",""productionApproved"":true,""boundNullingProfileId"":8,""activeNullingProfileId"":8,""bindingValid"":true,""bindingModelMatches"":true,""profileReady"":true,""inferenceValid"":true,""sensorFault"":false},""lora"":{""beginState"":0,""lastTxState"":0,""lastTxOk"":false,""txSeq"":0,""txCounter"":0,""aesKeyProvisioned"":true,""aesKeyPresent"":true,""aesKeySource"":""nvs"",""keyId"":1,""lastDownlinkCommandId"":0,""freqMHz"":920,""bwKHz"":125,""sf"":7,""cr"":5,""syncWord"":18,""txPowerDbm"":17,""preamble"":8,""tcxoVoltage"":1.600000024,""xtalVoltage"":0},""dataset"":{""state"":""idle"",""step"":""idle"",""label"":"""",""seq"":0,""targetSamples"":0,""sampleIntervalMs"":500,""maxDurationMs"":0,""useFanIntake"":true,""fanOnMs"":1000,""postFanSettleMs"":0,""nullingProfileId"":8,""queuePending"":0,""queueCapacity"":16,""queueEnqueued"":0,""queueDropped"":0,""publishFailCount"":0,""retryCount"":0,""retryFailCount"":0,""rejectedSamples"":0,""lastRejectReason"":""none"",""lastRejectChannel"":-1,""lastRejectOkFiniteCount"":0,""lastRejectStatus"":255,""lastRejectGain"":0,""lastRejectSaturated"":false},""recovery"":{""wifiReconnectCount"":0,""wifiReconnectFailCount"":0,""mqttReconnectCount"":0,""mqttConnectFailCount"":0,""lastMqttState"":0,""adsRecoveryCount"":0,""adsRecoveryFailCount"":0,""adsReadFailStreak"":0,""lastReason"":""none"",""lastRecoveryMs"":0,""bootRecoveryArmed"":false,""bootRecoveryDueMs"":0,""bootRecoveryReason"":""none"",""bootRecoveryNonAdsFailure"":false,""bootRecoveryRestartCount"":0},""nulling"":{""done"":false,""retryArmed"":false,""attemptCount"":0,""nextRetryMs"":0,""thresholdV"":9.999999747E-06,""minFinalV"":0},""telemetry"":{""valid"":true,""sampleMs"":14493,""gasClass"":0,""gasName"":""Clean_Air"",""confidence"":98,""alarm"":false,""sensorVoltage"":[0.156926364,0.004737856,0.005748567,-0.00256924,-0.010085946,-0.012507936,-0.020843681,-0.027107483],""sensorGain"":[16,64,64,64,64,64,64,64],""sensorStatus"":[0,0,0,0,0,0,0,0],""featureOrder"":[""MQ8"",""MQ135"",""MQ3"",""MQ5"",""MQ4"",""MQ7"",""MQ6"",""MQ2""]},""alarmLatched"":false}"
"2026-07-31 14:24:22.674 +07:00","15.91","HOT_BASELINE_100","100","1000","0","1","0","0.155816719","0.004782696","0.005730395","-0.002602106","-0.01008401","-0.012521448","-0.020828707","-0.02710644","{""deviceId"":""1001"",""nodeId"":4097,""targetChId"":""0010"",""mode"":""inference"",""uptimeMs"":15593,""debugEnabled"":true,""power"":{""mode"":""24v"",""externalPower"":true,""batteryMv"":65535,""batteryValid"":false,""batteryDetected"":false,""batterySenseStatus"":""not_detected"",""batteryLow"":false,""batteryCritical"":false,""sourceAmbiguous"":false,""serviceHoldActive"":false,""serviceHoldEffective"":false},""batterySession"":{""state"":""inactive"",""startedMs"":0,""stateStartedMs"":0,""validSampleBatches"":0,""requiredSampleBatches"":10,""alarmTxAttempts"":0,""alarmTxAttemptLimit"":3,""alarmAckReceived"":false,""pendingAlarm"":false,""pendingSaveRequired"":false,""persistenceFaultHold"":false,""completionReason"":""session_done""},""bootHealth"":{""adsReady"":true,""adsDrdyLevel"":0,""adsDrdyPulldownLevel"":0,""adsDrdyPullupLevel"":0,""adsMisoPulldownLevel"":0,""adsMisoPullupLevel"":1,""adsCsLevel"":1,""adsSyncLevel"":1,""adsStatus"":54,""adsMux"":15,""adsAdcon"":6,""adsDrate"":240,""adsReason"":""ok"",""tcaOk"":true,""mcpOkCount"":8,""mcpOk"":[true,true,true,true,true,true,true,true],""mcpAddrMask"":[1,1,1,1,1,1,1,1],""mcpControlTested"":true,""mcpControlOkCount"":8,""mcpControlOk"":[true,true,true,true,true,true,true,true],""dacReady"":true,""radioReady"":true,""mlReady"":true,""nullingProfileApplied"":true,""modelProfileReady"":true},""runtimeMcpCode"":[296,498,887,696,767,861,658,98],""model"":{""profileId"":""cnn-dualbranch-datasheet-v1-unbound"",""scalerProfileId"":""cnn-dualbranch-datasheet-v1-unbound"",""productionApproved"":true,""boundNullingProfileId"":8,""activeNullingProfileId"":8,""bindingValid"":true,""bindingModelMatches"":true,""profileReady"":true,""inferenceValid"":true,""sensorFault"":false},""lora"":{""beginState"":0,""lastTxState"":0,""lastTxOk"":false,""txSeq"":0,""txCounter"":0,""aesKeyProvisioned"":true,""aesKeyPresent"":true,""aesKeySource"":""nvs"",""keyId"":1,""lastDownlinkCommandId"":0,""freqMHz"":920,""bwKHz"":125,""sf"":7,""cr"":5,""syncWord"":18,""txPowerDbm"":17,""preamble"":8,""tcxoVoltage"":1.600000024,""xtalVoltage"":0},""dataset"":{""state"":""idle"",""step"":""idle"",""label"":"""",""seq"":0,""targetSamples"":0,""sampleIntervalMs"":500,""maxDurationMs"":0,""useFanIntake"":true,""fanOnMs"":1000,""postFanSettleMs"":0,""nullingProfileId"":8,""queuePending"":0,""queueCapacity"":16,""queueEnqueued"":0,""queueDropped"":0,""publishFailCount"":0,""retryCount"":0,""retryFailCount"":0,""rejectedSamples"":0,""lastRejectReason"":""none"",""lastRejectChannel"":-1,""lastRejectOkFiniteCount"":0,""lastRejectStatus"":255,""lastRejectGain"":0,""lastRejectSaturated"":false},""recovery"":{""wifiReconnectCount"":0,""wifiReconnectFailCount"":0,""mqttReconnectCount"":0,""mqttConnectFailCount"":0,""lastMqttState"":0,""adsRecoveryCount"":0,""adsRecoveryFailCount"":0,""adsReadFailStreak"":0,""lastReason"":""none"",""lastRecoveryMs"":0,""bootRecoveryArmed"":false,""bootRecoveryDueMs"":0,""bootRecoveryReason"":""none"",""bootRecoveryNonAdsFailure"":false,""bootRecoveryRestartCount"":0},""nulling"":{""done"":false,""retryArmed"":false,""attemptCount"":0,""nextRetryMs"":0,""thresholdV"":9.999999747E-06,""minFinalV"":0},""telemetry"":{""valid"":true,""sampleMs"":15211,""gasClass"":0,""gasName"":""Clean_Air"",""confidence"":98,""alarm"":false,""sensorVoltage"":[0.155816719,0.004782696,0.005730395,-0.002602106,-0.01008401,-0.012521448,-0.020828707,-0.02710644],""sensorGain"":[16,64,64,64,64,64,64,64],""sensorStatus"":[0,0,0,0,0,0,0,0],""featureOrder"":[""MQ8"",""MQ135"",""MQ3"",""MQ5"",""MQ4"",""MQ7"",""MQ6"",""MQ2""]},""alarmLatched"":false}"
"2026-07-31 14:24:23.349 +07:00","16.587","HOT_BASELINE_100","100","1000","0","1","0","0.154681936","0.004867988","0.005716307","-0.002587826","-0.010090617","-0.012513538","-0.020847976","-0.027133435","{""deviceId"":""1001"",""nodeId"":4097,""targetChId"":""0010"",""mode"":""inference"",""uptimeMs"":16279,""debugEnabled"":true,""power"":{""mode"":""24v"",""externalPower"":true,""batteryMv"":65535,""batteryValid"":false,""batteryDetected"":false,""batterySenseStatus"":""not_detected"",""batteryLow"":false,""batteryCritical"":false,""sourceAmbiguous"":false,""serviceHoldActive"":false,""serviceHoldEffective"":false},""batterySession"":{""state"":""inactive"",""startedMs"":0,""stateStartedMs"":0,""validSampleBatches"":0,""requiredSampleBatches"":10,""alarmTxAttempts"":0,""alarmTxAttemptLimit"":3,""alarmAckReceived"":false,""pendingAlarm"":false,""pendingSaveRequired"":false,""persistenceFaultHold"":false,""completionReason"":""session_done""},""bootHealth"":{""adsReady"":true,""adsDrdyLevel"":0,""adsDrdyPulldownLevel"":0,""adsDrdyPullupLevel"":0,""adsMisoPulldownLevel"":0,""adsMisoPullupLevel"":1,""adsCsLevel"":1,""adsSyncLevel"":1,""adsStatus"":54,""adsMux"":15,""adsAdcon"":6,""adsDrate"":240,""adsReason"":""ok"",""tcaOk"":true,""mcpOkCount"":8,""mcpOk"":[true,true,true,true,true,true,true,true],""mcpAddrMask"":[1,1,1,1,1,1,1,1],""mcpControlTested"":true,""mcpControlOkCount"":8,""mcpControlOk"":[true,true,true,true,true,true,true,true],""dacReady"":true,""radioReady"":true,""mlReady"":true,""nullingProfileApplied"":true,""modelProfileReady"":true},""runtimeMcpCode"":[296,498,887,696,767,861,658,98],""model"":{""profileId"":""cnn-dualbranch-datasheet-v1-unbound"",""scalerProfileId"":""cnn-dualbranch-datasheet-v1-unbound"",""productionApproved"":true,""boundNullingProfileId"":8,""activeNullingProfileId"":8,""bindingValid"":true,""bindingModelMatches"":true,""profileReady"":true,""inferenceValid"":true,""sensorFault"":false},""lora"":{""beginState"":0,""lastTxState"":0,""lastTxOk"":false,""txSeq"":0,""txCounter"":0,""aesKeyProvisioned"":true,""aesKeyPresent"":true,""aesKeySource"":""nvs"",""keyId"":1,""lastDownlinkCommandId"":0,""freqMHz"":920,""bwKHz"":125,""sf"":7,""cr"":5,""syncWord"":18,""txPowerDbm"":17,""preamble"":8,""tcxoVoltage"":1.600000024,""xtalVoltage"":0},""dataset"":{""state"":""idle"",""step"":""idle"",""label"":"""",""seq"":0,""targetSamples"":0,""sampleIntervalMs"":500,""maxDurationMs"":0,""useFanIntake"":true,""fanOnMs"":1000,""postFanSettleMs"":0,""nullingProfileId"":8,""queuePending"":0,""queueCapacity"":16,""queueEnqueued"":0,""queueDropped"":0,""publishFailCount"":0,""retryCount"":0,""retryFailCount"":0,""rejectedSamples"":0,""lastRejectReason"":""none"",""lastRejectChannel"":-1,""lastRejectOkFiniteCount"":0,""lastRejectStatus"":255,""lastRejectGain"":0,""lastRejectSaturated"":false},""recovery"":{""wifiReconnectCount"":0,""wifiReconnectFailCount"":0,""mqttReconnectCount"":0,""mqttConnectFailCount"":0,""lastMqttState"":0,""adsRecoveryCount"":0,""adsRecoveryFailCount"":0,""adsReadFailStreak"":0,""lastReason"":""none"",""lastRecoveryMs"":0,""bootRecoveryArmed"":false,""bootRecoveryDueMs"":0,""bootRecoveryReason"":""none"",""bootRecoveryNonAdsFailure"":false,""bootRecoveryRestartCount"":0},""nulling"":{""done"":false,""retryArmed"":false,""attemptCount"":0,""nextRetryMs"":0,""thresholdV"":9.999999747E-06,""minFinalV"":0},""telemetry"":{""valid"":true,""sampleMs"":15871,""gasClass"":0,""gasName"":""Clean_Air"",""confidence"":98,""alarm"":false,""sensorVoltage"":[0.154681936,0.004867988,0.005716307,-0.002587826,-0.010090617,-0.012513538,-0.020847976,-0.027133435],""sensorGain"":[16,64,64,64,64,64,64,64],""sensorStatus"":[0,0,0,0,0,0,0,0],""featureOrder"":[""MQ8"",""MQ135"",""MQ3"",""MQ5"",""MQ4"",""MQ7"",""MQ6"",""MQ2""]},""alarmLatched"":false}"
"2026-07-31 14:24:24.030 +07:00","17.268","HOT_BASELINE_100","100","1000","0","1","0","0.153780445","0.004870109","0.005709376","-0.002599253","-0.01008267","-0.012482309","-0.020839393","-0.027147084","{""deviceId"":""1001"",""nodeId"":4097,""targetChId"":""0010"",""mode"":""inference"",""uptimeMs"":16951,""debugEnabled"":true,""power"":{""mode"":""24v"",""externalPower"":true,""batteryMv"":65535,""batteryValid"":false,""batteryDetected"":false,""batterySenseStatus"":""not_detected"",""batteryLow"":false,""batteryCritical"":false,""sourceAmbiguous"":false,""serviceHoldActive"":false,""serviceHoldEffective"":false},""batterySession"":{""state"":""inactive"",""startedMs"":0,""stateStartedMs"":0,""validSampleBatches"":0,""requiredSampleBatches"":10,""alarmTxAttempts"":0,""alarmTxAttemptLimit"":3,""alarmAckReceived"":false,""pendingAlarm"":false,""pendingSaveRequired"":false,""persistenceFaultHold"":false,""completionReason"":""session_done""},""bootHealth"":{""adsReady"":true,""adsDrdyLevel"":0,""adsDrdyPulldownLevel"":0,""adsDrdyPullupLevel"":0,""adsMisoPulldownLevel"":0,""adsMisoPullupLevel"":1,""adsCsLevel"":1,""adsSyncLevel"":1,""adsStatus"":54,""adsMux"":15,""adsAdcon"":6,""adsDrate"":240,""adsReason"":""ok"",""tcaOk"":true,""mcpOkCount"":8,""mcpOk"":[true,true,true,true,true,true,true,true],""mcpAddrMask"":[1,1,1,1,1,1,1,1],""mcpControlTested"":true,""mcpControlOkCount"":8,""mcpControlOk"":[true,true,true,true,true,true,true,true],""dacReady"":true,""radioReady"":true,""mlReady"":true,""nullingProfileApplied"":true,""modelProfileReady"":true},""runtimeMcpCode"":[296,498,887,696,767,861,658,98],""model"":{""profileId"":""cnn-dualbranch-datasheet-v1-unbound"",""scalerProfileId"":""cnn-dualbranch-datasheet-v1-unbound"",""productionApproved"":true,""boundNullingProfileId"":8,""activeNullingProfileId"":8,""bindingValid"":true,""bindingModelMatches"":true,""profileReady"":true,""inferenceValid"":true,""sensorFault"":false},""lora"":{""beginState"":0,""lastTxState"":0,""lastTxOk"":true,""txSeq"":225,""txCounter"":1,""aesKeyProvisioned"":true,""aesKeyPresent"":true,""aesKeySource"":""nvs"",""keyId"":1,""lastDownlinkCommandId"":0,""freqMHz"":920,""bwKHz"":125,""sf"":7,""cr"":5,""syncWord"":18,""txPowerDbm"":17,""preamble"":8,""tcxoVoltage"":1.600000024,""xtalVoltage"":0},""dataset"":{""state"":""idle"",""step"":""idle"",""label"":"""",""seq"":0,""targetSamples"":0,""sampleIntervalMs"":500,""maxDurationMs"":0,""useFanIntake"":true,""fanOnMs"":1000,""postFanSettleMs"":0,""nullingProfileId"":8,""queuePending"":0,""queueCapacity"":16,""queueEnqueued"":0,""queueDropped"":0,""publishFailCount"":0,""retryCount"":0,""retryFailCount"":0,""rejectedSamples"":0,""lastRejectReason"":""none"",""lastRejectChannel"":-1,""lastRejectOkFiniteCount"":0,""lastRejectStatus"":255,""lastRejectGain"":0,""lastRejectSaturated"":false},""recovery"":{""wifiReconnectCount"":0,""wifiReconnectFailCount"":0,""mqttReconnectCount"":0,""mqttConnectFailCount"":0,""lastMqttState"":0,""adsRecoveryCount"":0,""adsRecoveryFailCount"":0,""adsReadFailStreak"":0,""lastReason"":""none"",""lastRecoveryMs"":0,""bootRecoveryArmed"":false,""bootRecoveryDueMs"":0,""bootRecoveryReason"":""none"",""bootRecoveryNonAdsFailure"":false,""bootRecoveryRestartCount"":0},""nulling"":{""done"":false,""retryArmed"":false,""attemptCount"":0,""nextRetryMs"":0,""thresholdV"":9.999999747E-06,""minFinalV"":0},""telemetry"":{""valid"":true,""sampleMs"":16558,""gasClass"":0,""gasName"":""Clean_Air"",""confidence"":98,""alarm"":false,""sensorVoltage"":[0.153780445,0.004870109,0.005709376,-0.002599253,-0.01008267,-0.012482309,-0.020839393,-0.027147084],""sensorGain"":[16,64,64,64,64,64,64,64],""sensorStatus"":[0,0,0,0,0,0,0,0],""featureOrder"":[""MQ8"",""MQ135"",""MQ3"",""MQ5"",""MQ4"",""MQ7"",""MQ6"",""MQ2""]},""alarmLatched"":false}"
