timestamp_local,elapsed_s,phase,role,duty_pct,on_ms,off_ms,telemetry_valid,mq8_status,mq8_v,mq135_v,mq3_v,mq5_v,mq4_v,mq7_v,mq6_v,mq2_v,status_json
"2026-08-04 13:12:06.128 +07:00","79.9437659","RECOVERY_100_AFTER_80","RECOVERY","100","1000","0","1","0","-0.000958755","0.004324629","0.005306392","-0.002569558","0.000429553","-0.011474868","-0.019428626","0.007458179","{""deviceId"":""1001"",""nodeId"":4097,""targetChId"":""0010"",""mode"":""inference"",""uptimeMs"":13862239,""debugEnabled"":true,""power"":{""mode"":""24v"",""externalPower"":true,""batteryMv"":65535,""batteryValid"":false,""batteryDetected"":false,""batterySenseStatus"":""not_detected"",""batteryLow"":false,""batteryCritical"":false,""sourceAmbiguous"":false,""serviceHoldActive"":false,""serviceHoldEffective"":false},""batterySession"":{""state"":""inactive"",""startedMs"":0,""stateStartedMs"":0,""validSampleBatches"":0,""requiredSampleBatches"":10,""alarmTxAttempts"":0,""alarmTxAttemptLimit"":3,""alarmAckReceived"":false,""pendingAlarm"":false,""pendingSaveRequired"":false,""persistenceFaultHold"":false,""completionReason"":""session_done""},""bootHealth"":{""adsReady"":true,""adsDrdyLevel"":0,""adsDrdyPulldownLevel"":0,""adsDrdyPullupLevel"":0,""adsMisoPulldownLevel"":0,""adsMisoPullupLevel"":1,""adsCsLevel"":1,""adsSyncLevel"":1,""adsStatus"":54,""adsMux"":15,""adsAdcon"":6,""adsDrate"":240,""adsReason"":""ok"",""tcaOk"":true,""mcpOkCount"":8,""mcpOk"":[true,true,true,true,true,true,true,true],""mcpAddrMask"":[1,1,1,1,1,1,1,1],""mcpControlTested"":true,""mcpControlOkCount"":8,""mcpControlOk"":[true,true,true,true,true,true,true,true],""dacReady"":true,""radioReady"":true,""mlReady"":true,""nullingProfileApplied"":true,""modelProfileReady"":false},""runtimeMcpCode"":[255,519,795,706,799,865,665,139],""model"":{""profileId"":""cnn-dualbranch-datasheet-v1-unbound"",""scalerProfileId"":""cnn-dualbranch-datasheet-v1-unbound"",""productionApproved"":true,""boundNullingProfileId"":8,""activeNullingProfileId"":9,""bindingValid"":true,""bindingModelMatches"":true,""profileReady"":false,""inferenceValid"":false,""sensorFault"":true},""lora"":{""beginState"":0,""lastTxState"":0,""lastTxOk"":false,""txSeq"":0,""txCounter"":0,""aesKeyProvisioned"":true,""aesKeyPresent"":true,""aesKeySource"":""nvs"",""keyId"":1,""lastDownlinkCommandId"":0,""freqMHz"":920,""bwKHz"":125,""sf"":7,""cr"":5,""syncWord"":18,""txPowerDbm"":17,""preamble"":8,""tcxoVoltage"":1.600000024,""xtalVoltage"":0},""dataset"":{""state"":""idle"",""step"":""idle"",""label"":"""",""seq"":0,""targetSamples"":0,""sampleIntervalMs"":500,""maxDurationMs"":0,""useFanIntake"":true,""fanOnMs"":1000,""postFanSettleMs"":0,""nullingProfileId"":9,""queuePending"":0,""queueCapacity"":16,""queueEnqueued"":0,""queueDropped"":0,""publishFailCount"":0,""retryCount"":0,""retryFailCount"":0,""rejectedSamples"":0,""lastRejectReason"":""none"",""lastRejectChannel"":-1,""lastRejectOkFiniteCount"":0,""lastRejectStatus"":255,""lastRejectGain"":0,""lastRejectSaturated"":false},""recovery"":{""wifiReconnectCount"":0,""wifiReconnectFailCount"":0,""mqttReconnectCount"":0,""mqttConnectFailCount"":0,""lastMqttState"":0,""adsRecoveryCount"":0,""adsRecoveryFailCount"":0,""adsReadFailStreak"":0,""lastReason"":""none"",""lastRecoveryMs"":0,""bootRecoveryArmed"":false,""bootRecoveryDueMs"":0,""bootRecoveryReason"":""none"",""bootRecoveryNonAdsFailure"":false,""bootRecoveryRestartCount"":0},""nulling"":{""done"":false,""retryArmed"":false,""attemptCount"":0,""nextRetryMs"":0,""thresholdV"":9.999999747E-06,""minFinalV"":0},""telemetry"":{""valid"":true,""sampleMs"":13862004,""gasClass"":6,""gasName"":""CO2"",""confidence"":0,""alarm"":false,""sensorVoltage"":[-0.000958755,0.004324629,0.005306392,-0.002569558,0.000429553,-0.011474868,-0.019428626,0.007458179],""sensorGain"":[64,64,64,64,64,64,64,64],""sensorStatus"":[0,0,0,0,0,0,0,0],""featureOrder"":[""MQ8"",""MQ135"",""MQ3"",""MQ5"",""MQ4"",""MQ7"",""MQ6"",""MQ2""]},""alarmLatched"":false}"
"2026-08-04 13:12:06.868 +07:00","80.68446209999999","RECOVERY_100_AFTER_80","RECOVERY","100","1000","0","1","0","-0.000965946","0.004346963","0.005362852","-0.002555762","-0.000379813","-0.011446636","-0.01936789","0.007449365","{""deviceId"":""1001"",""nodeId"":4097,""targetChId"":""0010"",""mode"":""inference"",""uptimeMs"":13862974,""debugEnabled"":true,""power"":{""mode"":""24v"",""externalPower"":true,""batteryMv"":65535,""batteryValid"":false,""batteryDetected"":false,""batterySenseStatus"":""not_detected"",""batteryLow"":false,""batteryCritical"":false,""sourceAmbiguous"":false,""serviceHoldActive"":false,""serviceHoldEffective"":false},""batterySession"":{""state"":""inactive"",""startedMs"":0,""stateStartedMs"":0,""validSampleBatches"":0,""requiredSampleBatches"":10,""alarmTxAttempts"":0,""alarmTxAttemptLimit"":3,""alarmAckReceived"":false,""pendingAlarm"":false,""pendingSaveRequired"":false,""persistenceFaultHold"":false,""completionReason"":""session_done""},""bootHealth"":{""adsReady"":true,""adsDrdyLevel"":0,""adsDrdyPulldownLevel"":0,""adsDrdyPullupLevel"":0,""adsMisoPulldownLevel"":0,""adsMisoPullupLevel"":1,""adsCsLevel"":1,""adsSyncLevel"":1,""adsStatus"":54,""adsMux"":15,""adsAdcon"":6,""adsDrate"":240,""adsReason"":""ok"",""tcaOk"":true,""mcpOkCount"":8,""mcpOk"":[true,true,true,true,true,true,true,true],""mcpAddrMask"":[1,1,1,1,1,1,1,1],""mcpControlTested"":true,""mcpControlOkCount"":8,""mcpControlOk"":[true,true,true,true,true,true,true,true],""dacReady"":true,""radioReady"":true,""mlReady"":true,""nullingProfileApplied"":true,""modelProfileReady"":false},""runtimeMcpCode"":[255,519,795,706,799,865,665,139],""model"":{""profileId"":""cnn-dualbranch-datasheet-v1-unbound"",""scalerProfileId"":""cnn-dualbranch-datasheet-v1-unbound"",""productionApproved"":true,""boundNullingProfileId"":8,""activeNullingProfileId"":9,""bindingValid"":true,""bindingModelMatches"":true,""profileReady"":false,""inferenceValid"":false,""sensorFault"":true},""lora"":{""beginState"":0,""lastTxState"":0,""lastTxOk"":false,""txSeq"":0,""txCounter"":0,""aesKeyProvisioned"":true,""aesKeyPresent"":true,""aesKeySource"":""nvs"",""keyId"":1,""lastDownlinkCommandId"":0,""freqMHz"":920,""bwKHz"":125,""sf"":7,""cr"":5,""syncWord"":18,""txPowerDbm"":17,""preamble"":8,""tcxoVoltage"":1.600000024,""xtalVoltage"":0},""dataset"":{""state"":""idle"",""step"":""idle"",""label"":"""",""seq"":0,""targetSamples"":0,""sampleIntervalMs"":500,""maxDurationMs"":0,""useFanIntake"":true,""fanOnMs"":1000,""postFanSettleMs"":0,""nullingProfileId"":9,""queuePending"":0,""queueCapacity"":16,""queueEnqueued"":0,""queueDropped"":0,""publishFailCount"":0,""retryCount"":0,""retryFailCount"":0,""rejectedSamples"":0,""lastRejectReason"":""none"",""lastRejectChannel"":-1,""lastRejectOkFiniteCount"":0,""lastRejectStatus"":255,""lastRejectGain"":0,""lastRejectSaturated"":false},""recovery"":{""wifiReconnectCount"":0,""wifiReconnectFailCount"":0,""mqttReconnectCount"":0,""mqttConnectFailCount"":0,""lastMqttState"":0,""adsRecoveryCount"":0,""adsRecoveryFailCount"":0,""adsReadFailStreak"":0,""lastReason"":""none"",""lastRecoveryMs"":0,""bootRecoveryArmed"":false,""bootRecoveryDueMs"":0,""bootRecoveryReason"":""none"",""bootRecoveryNonAdsFailure"":false,""bootRecoveryRestartCount"":0},""nulling"":{""done"":false,""retryArmed"":false,""attemptCount"":0,""nextRetryMs"":0,""thresholdV"":9.999999747E-06,""minFinalV"":0},""telemetry"":{""valid"":true,""sampleMs"":13862549,""gasClass"":6,""gasName"":""CO2"",""confidence"":0,""alarm"":false,""sensorVoltage"":[-0.000965946,0.004346963,0.005362852,-0.002555762,-0.000379813,-0.011446636,-0.01936789,0.007449365],""sensorGain"":[64,64,64,64,64,64,64,64],""sensorStatus"":[0,0,0,0,0,0,0,0],""featureOrder"":[""MQ8"",""MQ135"",""MQ3"",""MQ5"",""MQ4"",""MQ7"",""MQ6"",""MQ2""]},""alarmLatched"":false}"
"2026-08-04 13:12:07.544 +07:00","81.3596835","RECOVERY_100_AFTER_80","RECOVERY","100","1000","0","1","0","-0.000962218","0.004369094","0.005430755","-0.002572661","-0.00198786","-0.011711827","-0.019748807","0.008054079","{""deviceId"":""1001"",""nodeId"":4097,""targetChId"":""0010"",""mode"":""inference"",""uptimeMs"":13863658,""debugEnabled"":true,""power"":{""mode"":""24v"",""externalPower"":true,""batteryMv"":65535,""batteryValid"":false,""batteryDetected"":false,""batterySenseStatus"":""not_detected"",""batteryLow"":false,""batteryCritical"":false,""sourceAmbiguous"":false,""serviceHoldActive"":false,""serviceHoldEffective"":false},""batterySession"":{""state"":""inactive"",""startedMs"":0,""stateStartedMs"":0,""validSampleBatches"":0,""requiredSampleBatches"":10,""alarmTxAttempts"":0,""alarmTxAttemptLimit"":3,""alarmAckReceived"":false,""pendingAlarm"":false,""pendingSaveRequired"":false,""persistenceFaultHold"":false,""completionReason"":""session_done""},""bootHealth"":{""adsReady"":true,""adsDrdyLevel"":0,""adsDrdyPulldownLevel"":0,""adsDrdyPullupLevel"":0,""adsMisoPulldownLevel"":0,""adsMisoPullupLevel"":1,""adsCsLevel"":1,""adsSyncLevel"":1,""adsStatus"":54,""adsMux"":15,""adsAdcon"":6,""adsDrate"":240,""adsReason"":""ok"",""tcaOk"":true,""mcpOkCount"":8,""mcpOk"":[true,true,true,true,true,true,true,true],""mcpAddrMask"":[1,1,1,1,1,1,1,1],""mcpControlTested"":true,""mcpControlOkCount"":8,""mcpControlOk"":[true,true,true,true,true,true,true,true],""dacReady"":true,""radioReady"":true,""mlReady"":true,""nullingProfileApplied"":true,""modelProfileReady"":false},""runtimeMcpCode"":[255,519,795,706,799,865,665,139],""model"":{""profileId"":""cnn-dualbranch-datasheet-v1-unbound"",""scalerProfileId"":""cnn-dualbranch-datasheet-v1-unbound"",""productionApproved"":true,""boundNullingProfileId"":8,""activeNullingProfileId"":9,""bindingValid"":true,""bindingModelMatches"":true,""profileReady"":false,""inferenceValid"":false,""sensorFault"":true},""lora"":{""beginState"":0,""lastTxState"":0,""lastTxOk"":false,""txSeq"":0,""txCounter"":0,""aesKeyProvisioned"":true,""aesKeyPresent"":true,""aesKeySource"":""nvs"",""keyId"":1,""lastDownlinkCommandId"":0,""freqMHz"":920,""bwKHz"":125,""sf"":7,""cr"":5,""syncWord"":18,""txPowerDbm"":17,""preamble"":8,""tcxoVoltage"":1.600000024,""xtalVoltage"":0},""dataset"":{""state"":""idle"",""step"":""idle"",""label"":"""",""seq"":0,""targetSamples"":0,""sampleIntervalMs"":500,""maxDurationMs"":0,""useFanIntake"":true,""fanOnMs"":1000,""postFanSettleMs"":0,""nullingProfileId"":9,""queuePending"":0,""queueCapacity"":16,""queueEnqueued"":0,""queueDropped"":0,""publishFailCount"":0,""retryCount"":0,""retryFailCount"":0,""rejectedSamples"":0,""lastRejectReason"":""none"",""lastRejectChannel"":-1,""lastRejectOkFiniteCount"":0,""lastRejectStatus"":255,""lastRejectGain"":0,""lastRejectSaturated"":false},""recovery"":{""wifiReconnectCount"":0,""wifiReconnectFailCount"":0,""mqttReconnectCount"":0,""mqttConnectFailCount"":0,""lastMqttState"":0,""adsRecoveryCount"":0,""adsRecoveryFailCount"":0,""adsReadFailStreak"":0,""lastReason"":""none"",""lastRecoveryMs"":0,""bootRecoveryArmed"":false,""bootRecoveryDueMs"":0,""bootRecoveryReason"":""none"",""bootRecoveryNonAdsFailure"":false,""bootRecoveryRestartCount"":0},""nulling"":{""done"":false,""retryArmed"":false,""attemptCount"":0,""nextRetryMs"":0,""thresholdV"":9.999999747E-06,""minFinalV"":0},""telemetry"":{""valid"":true,""sampleMs"":13863252,""gasClass"":6,""gasName"":""CO2"",""confidence"":0,""alarm"":false,""sensorVoltage"":[-0.000962218,0.004369094,0.005430755,-0.002572661,-0.00198786,-0.011711827,-0.019748807,0.008054079],""sensorGain"":[64,64,64,64,64,64,64,64],""sensorStatus"":[0,0,0,0,0,0,0,0],""featureOrder"":[""MQ8"",""MQ135"",""MQ3"",""MQ5"",""MQ4"",""MQ7"",""MQ6"",""MQ2""]},""alarmLatched"":false}"
"2026-08-04 13:12:08.235 +07:00","82.0512141","RECOVERY_100_AFTER_80","RECOVERY","100","1000","0","1","0","-0.000958399","0.004370723","0.00536517","-0.002570541","-0.000837044","-0.011746353","-0.019738672","0.008676765","{""deviceId"":""1001"",""nodeId"":4097,""targetChId"":""0010"",""mode"":""inference"",""uptimeMs"":13864341,""debugEnabled"":true,""power"":{""mode"":""24v"",""externalPower"":true,""batteryMv"":65535,""batteryValid"":false,""batteryDetected"":false,""batterySenseStatus"":""not_detected"",""batteryLow"":false,""batteryCritical"":false,""sourceAmbiguous"":false,""serviceHoldActive"":false,""serviceHoldEffective"":false},""batterySession"":{""state"":""inactive"",""startedMs"":0,""stateStartedMs"":0,""validSampleBatches"":0,""requiredSampleBatches"":10,""alarmTxAttempts"":0,""alarmTxAttemptLimit"":3,""alarmAckReceived"":false,""pendingAlarm"":false,""pendingSaveRequired"":false,""persistenceFaultHold"":false,""completionReason"":""session_done""},""bootHealth"":{""adsReady"":true,""adsDrdyLevel"":0,""adsDrdyPulldownLevel"":0,""adsDrdyPullupLevel"":0,""adsMisoPulldownLevel"":0,""adsMisoPullupLevel"":1,""adsCsLevel"":1,""adsSyncLevel"":1,""adsStatus"":54,""adsMux"":15,""adsAdcon"":6,""adsDrate"":240,""adsReason"":""ok"",""tcaOk"":true,""mcpOkCount"":8,""mcpOk"":[true,true,true,true,true,true,true,true],""mcpAddrMask"":[1,1,1,1,1,1,1,1],""mcpControlTested"":true,""mcpControlOkCount"":8,""mcpControlOk"":[true,true,true,true,true,true,true,true],""dacReady"":true,""radioReady"":true,""mlReady"":true,""nullingProfileApplied"":true,""modelProfileReady"":false},""runtimeMcpCode"":[255,519,795,706,799,865,665,139],""model"":{""profileId"":""cnn-dualbranch-datasheet-v1-unbound"",""scalerProfileId"":""cnn-dualbranch-datasheet-v1-unbound"",""productionApproved"":true,""boundNullingProfileId"":8,""activeNullingProfileId"":9,""bindingValid"":true,""bindingModelMatches"":true,""profileReady"":false,""inferenceValid"":false,""sensorFault"":true},""lora"":{""beginState"":0,""lastTxState"":0,""lastTxOk"":false,""txSeq"":0,""txCounter"":0,""aesKeyProvisioned"":true,""aesKeyPresent"":true,""aesKeySource"":""nvs"",""keyId"":1,""lastDownlinkCommandId"":0,""freqMHz"":920,""bwKHz"":125,""sf"":7,""cr"":5,""syncWord"":18,""txPowerDbm"":17,""preamble"":8,""tcxoVoltage"":1.600000024,""xtalVoltage"":0},""dataset"":{""state"":""idle"",""step"":""idle"",""label"":"""",""seq"":0,""targetSamples"":0,""sampleIntervalMs"":500,""maxDurationMs"":0,""useFanIntake"":true,""fanOnMs"":1000,""postFanSettleMs"":0,""nullingProfileId"":9,""queuePending"":0,""queueCapacity"":16,""queueEnqueued"":0,""queueDropped"":0,""publishFailCount"":0,""retryCount"":0,""retryFailCount"":0,""rejectedSamples"":0,""lastRejectReason"":""none"",""lastRejectChannel"":-1,""lastRejectOkFiniteCount"":0,""lastRejectStatus"":255,""lastRejectGain"":0,""lastRejectSaturated"":false},""recovery"":{""wifiReconnectCount"":0,""wifiReconnectFailCount"":0,""mqttReconnectCount"":0,""mqttConnectFailCount"":0,""lastMqttState"":0,""adsRecoveryCount"":0,""adsRecoveryFailCount"":0,""adsReadFailStreak"":0,""lastReason"":""none"",""lastRecoveryMs"":0,""bootRecoveryArmed"":false,""bootRecoveryDueMs"":0,""bootRecoveryReason"":""none"",""bootRecoveryNonAdsFailure"":false,""bootRecoveryRestartCount"":0},""nulling"":{""done"":false,""retryArmed"":false,""attemptCount"":0,""nextRetryMs"":0,""thresholdV"":9.999999747E-06,""minFinalV"":0},""telemetry"":{""valid"":true,""sampleMs"":13863936,""gasClass"":6,""gasName"":""CO2"",""confidence"":0,""alarm"":false,""sensorVoltage"":[-0.000958399,0.004370723,0.00536517,-0.002570541,-0.000837044,-0.011746353,-0.019738672,0.008676765],""sensorGain"":[64,64,64,64,64,64,64,64],""sensorStatus"":[0,0,0,0,0,0,0,0],""featureOrder"":[""MQ8"",""MQ135"",""MQ3"",""MQ5"",""MQ4"",""MQ7"",""MQ6"",""MQ2""]},""alarmLatched"":false}"
"2026-08-04 13:12:08.922 +07:00","82.7385319","RECOVERY_100_AFTER_80","RECOVERY","100","1000","0","1","0","-0.000938273","0.004327002","0.005296989","-0.002563162","-0.001183258","-0.011743503","-0.019749802","0.00881051","{""deviceId"":""1001"",""nodeId"":4097,""targetChId"":""0010"",""mode"":""inference"",""uptimeMs"":13865030,""debugEnabled"":true,""power"":{""mode"":""24v"",""externalPower"":true,""batteryMv"":65535,""batteryValid"":false,""batteryDetected"":false,""batterySenseStatus"":""not_detected"",""batteryLow"":false,""batteryCritical"":false,""sourceAmbiguous"":false,""serviceHoldActive"":false,""serviceHoldEffective"":false},""batterySession"":{""state"":""inactive"",""startedMs"":0,""stateStartedMs"":0,""validSampleBatches"":0,""requiredSampleBatches"":10,""alarmTxAttempts"":0,""alarmTxAttemptLimit"":3,""alarmAckReceived"":false,""pendingAlarm"":false,""pendingSaveRequired"":false,""persistenceFaultHold"":false,""completionReason"":""session_done""},""bootHealth"":{""adsReady"":true,""adsDrdyLevel"":0,""adsDrdyPulldownLevel"":0,""adsDrdyPullupLevel"":0,""adsMisoPulldownLevel"":0,""adsMisoPullupLevel"":1,""adsCsLevel"":1,""adsSyncLevel"":1,""adsStatus"":54,""adsMux"":15,""adsAdcon"":6,""adsDrate"":240,""adsReason"":""ok"",""tcaOk"":true,""mcpOkCount"":8,""mcpOk"":[true,true,true,true,true,true,true,true],""mcpAddrMask"":[1,1,1,1,1,1,1,1],""mcpControlTested"":true,""mcpControlOkCount"":8,""mcpControlOk"":[true,true,true,true,true,true,true,true],""dacReady"":true,""radioReady"":true,""mlReady"":true,""nullingProfileApplied"":true,""modelProfileReady"":false},""runtimeMcpCode"":[255,519,795,706,799,865,665,139],""model"":{""profileId"":""cnn-dualbranch-datasheet-v1-unbound"",""scalerProfileId"":""cnn-dualbranch-datasheet-v1-unbound"",""productionApproved"":true,""boundNullingProfileId"":8,""activeNullingProfileId"":9,""bindingValid"":true,""bindingModelMatches"":true,""profileReady"":false,""inferenceValid"":false,""sensorFault"":true},""lora"":{""beginState"":0,""lastTxState"":0,""lastTxOk"":false,""txSeq"":0,""txCounter"":0,""aesKeyProvisioned"":true,""aesKeyPresent"":true,""aesKeySource"":""nvs"",""keyId"":1,""lastDownlinkCommandId"":0,""freqMHz"":920,""bwKHz"":125,""sf"":7,""cr"":5,""syncWord"":18,""txPowerDbm"":17,""preamble"":8,""tcxoVoltage"":1.600000024,""xtalVoltage"":0},""dataset"":{""state"":""idle"",""step"":""idle"",""label"":"""",""seq"":0,""targetSamples"":0,""sampleIntervalMs"":500,""maxDurationMs"":0,""useFanIntake"":true,""fanOnMs"":1000,""postFanSettleMs"":0,""nullingProfileId"":9,""queuePending"":0,""queueCapacity"":16,""queueEnqueued"":0,""queueDropped"":0,""publishFailCount"":0,""retryCount"":0,""retryFailCount"":0,""rejectedSamples"":0,""lastRejectReason"":""none"",""lastRejectChannel"":-1,""lastRejectOkFiniteCount"":0,""lastRejectStatus"":255,""lastRejectGain"":0,""lastRejectSaturated"":false},""recovery"":{""wifiReconnectCount"":0,""wifiReconnectFailCount"":0,""mqttReconnectCount"":0,""mqttConnectFailCount"":0,""lastMqttState"":0,""adsRecoveryCount"":0,""adsRecoveryFailCount"":0,""adsReadFailStreak"":0,""lastReason"":""none"",""lastRecoveryMs"":0,""bootRecoveryArmed"":false,""bootRecoveryDueMs"":0,""bootRecoveryReason"":""none"",""bootRecoveryNonAdsFailure"":false,""bootRecoveryRestartCount"":0},""nulling"":{""done"":false,""retryArmed"":false,""attemptCount"":0,""nextRetryMs"":0,""thresholdV"":9.999999747E-06,""minFinalV"":0},""telemetry"":{""valid"":true,""sampleMs"":13864651,""gasClass"":6,""gasName"":""CO2"",""confidence"":0,""alarm"":false,""sensorVoltage"":[-0.000938273,0.004327002,0.005296989,-0.002563162,-0.001183258,-0.011743503,-0.019749802,0.00881051],""sensorGain"":[64,64,64,64,64,64,64,64],""sensorStatus"":[0,0,0,0,0,0,0,0],""featureOrder"":[""MQ8"",""MQ135"",""MQ3"",""MQ5"",""MQ4"",""MQ7"",""MQ6"",""MQ2""]},""alarmLatched"":false}"
"2026-08-04 13:12:09.597 +07:00","83.4131525","RECOVERY_100_AFTER_80","RECOVERY","100","1000","0","1","0","-0.000936684","0.004383807","0.005394487","-0.00260505","-0.001398857","-0.011994052","-0.020148331","0.009960338","{""deviceId"":""1001"",""nodeId"":4097,""targetChId"":""0010"",""mode"":""inference"",""uptimeMs"":13865716,""debugEnabled"":true,""power"":{""mode"":""24v"",""externalPower"":true,""batteryMv"":65535,""batteryValid"":false,""batteryDetected"":false,""batterySenseStatus"":""not_detected"",""batteryLow"":false,""batteryCritical"":false,""sourceAmbiguous"":false,""serviceHoldActive"":false,""serviceHoldEffective"":false},""batterySession"":{""state"":""inactive"",""startedMs"":0,""stateStartedMs"":0,""validSampleBatches"":0,""requiredSampleBatches"":10,""alarmTxAttempts"":0,""alarmTxAttemptLimit"":3,""alarmAckReceived"":false,""pendingAlarm"":false,""pendingSaveRequired"":false,""persistenceFaultHold"":false,""completionReason"":""session_done""},""bootHealth"":{""adsReady"":true,""adsDrdyLevel"":0,""adsDrdyPulldownLevel"":0,""adsDrdyPullupLevel"":0,""adsMisoPulldownLevel"":0,""adsMisoPullupLevel"":1,""adsCsLevel"":1,""adsSyncLevel"":1,""adsStatus"":54,""adsMux"":15,""adsAdcon"":6,""adsDrate"":240,""adsReason"":""ok"",""tcaOk"":true,""mcpOkCount"":8,""mcpOk"":[true,true,true,true,true,true,true,true],""mcpAddrMask"":[1,1,1,1,1,1,1,1],""mcpControlTested"":true,""mcpControlOkCount"":8,""mcpControlOk"":[true,true,true,true,true,true,true,true],""dacReady"":true,""radioReady"":true,""mlReady"":true,""nullingProfileApplied"":true,""modelProfileReady"":false},""runtimeMcpCode"":[255,519,795,706,799,865,665,139],""model"":{""profileId"":""cnn-dualbranch-datasheet-v1-unbound"",""scalerProfileId"":""cnn-dualbranch-datasheet-v1-unbound"",""productionApproved"":true,""boundNullingProfileId"":8,""activeNullingProfileId"":9,""bindingValid"":true,""bindingModelMatches"":true,""profileReady"":false,""inferenceValid"":false,""sensorFault"":true},""lora"":{""beginState"":0,""lastTxState"":0,""lastTxOk"":false,""txSeq"":0,""txCounter"":0,""aesKeyProvisioned"":true,""aesKeyPresent"":true,""aesKeySource"":""nvs"",""keyId"":1,""lastDownlinkCommandId"":0,""freqMHz"":920,""bwKHz"":125,""sf"":7,""cr"":5,""syncWord"":18,""txPowerDbm"":17,""preamble"":8,""tcxoVoltage"":1.600000024,""xtalVoltage"":0},""dataset"":{""state"":""idle"",""step"":""idle"",""label"":"""",""seq"":0,""targetSamples"":0,""sampleIntervalMs"":500,""maxDurationMs"":0,""useFanIntake"":true,""fanOnMs"":1000,""postFanSettleMs"":0,""nullingProfileId"":9,""queuePending"":0,""queueCapacity"":16,""queueEnqueued"":0,""queueDropped"":0,""publishFailCount"":0,""retryCount"":0,""retryFailCount"":0,""rejectedSamples"":0,""lastRejectReason"":""none"",""lastRejectChannel"":-1,""lastRejectOkFiniteCount"":0,""lastRejectStatus"":255,""lastRejectGain"":0,""lastRejectSaturated"":false},""recovery"":{""wifiReconnectCount"":0,""wifiReconnectFailCount"":0,""mqttReconnectCount"":0,""mqttConnectFailCount"":0,""lastMqttState"":0,""adsRecoveryCount"":0,""adsRecoveryFailCount"":0,""adsReadFailStreak"":0,""lastReason"":""none"",""lastRecoveryMs"":0,""bootRecoveryArmed"":false,""bootRecoveryDueMs"":0,""bootRecoveryReason"":""none"",""bootRecoveryNonAdsFailure"":false,""bootRecoveryRestartCount"":0},""nulling"":{""done"":false,""retryArmed"":false,""attemptCount"":0,""nextRetryMs"":0,""thresholdV"":9.999999747E-06,""minFinalV"":0},""telemetry"":{""valid"":true,""sampleMs"":13865308,""gasClass"":6,""gasName"":""CO2"",""confidence"":0,""alarm"":false,""sensorVoltage"":[-0.000936684,0.004383807,0.005394487,-0.00260505,-0.001398857,-0.011994052,-0.020148331,0.009960338],""sensorGain"":[64,64,64,64,64,64,64,64],""sensorStatus"":[0,0,0,0,0,0,0,0],""featureOrder"":[""MQ8"",""MQ135"",""MQ3"",""MQ5"",""MQ4"",""MQ7"",""MQ6"",""MQ2""]},""alarmLatched"":false}"
"2026-08-04 13:12:10.298 +07:00","84.1141638","RECOVERY_100_AFTER_80","RECOVERY","100","1000","0","1","0","-0.000921226","0.004396274","0.005366642","-0.002603693","-0.000849151","-0.011981834","-0.020101082","0.010653939","{""deviceId"":""1001"",""nodeId"":4097,""targetChId"":""0010"",""mode"":""inference"",""uptimeMs"":13866404,""debugEnabled"":true,""power"":{""mode"":""24v"",""externalPower"":true,""batteryMv"":65535,""batteryValid"":false,""batteryDetected"":false,""batterySenseStatus"":""not_detected"",""batteryLow"":false,""batteryCritical"":false,""sourceAmbiguous"":false,""serviceHoldActive"":false,""serviceHoldEffective"":false},""batterySession"":{""state"":""inactive"",""startedMs"":0,""stateStartedMs"":0,""validSampleBatches"":0,""requiredSampleBatches"":10,""alarmTxAttempts"":0,""alarmTxAttemptLimit"":3,""alarmAckReceived"":false,""pendingAlarm"":false,""pendingSaveRequired"":false,""persistenceFaultHold"":false,""completionReason"":""session_done""},""bootHealth"":{""adsReady"":true,""adsDrdyLevel"":0,""adsDrdyPulldownLevel"":0,""adsDrdyPullupLevel"":0,""adsMisoPulldownLevel"":0,""adsMisoPullupLevel"":1,""adsCsLevel"":1,""adsSyncLevel"":1,""adsStatus"":54,""adsMux"":15,""adsAdcon"":6,""adsDrate"":240,""adsReason"":""ok"",""tcaOk"":true,""mcpOkCount"":8,""mcpOk"":[true,true,true,true,true,true,true,true],""mcpAddrMask"":[1,1,1,1,1,1,1,1],""mcpControlTested"":true,""mcpControlOkCount"":8,""mcpControlOk"":[true,true,true,true,true,true,true,true],""dacReady"":true,""radioReady"":true,""mlReady"":true,""nullingProfileApplied"":true,""modelProfileReady"":false},""runtimeMcpCode"":[255,519,795,706,799,865,665,139],""model"":{""profileId"":""cnn-dualbranch-datasheet-v1-unbound"",""scalerProfileId"":""cnn-dualbranch-datasheet-v1-unbound"",""productionApproved"":true,""boundNullingProfileId"":8,""activeNullingProfileId"":9,""bindingValid"":true,""bindingModelMatches"":true,""profileReady"":false,""inferenceValid"":false,""sensorFault"":true},""lora"":{""beginState"":0,""lastTxState"":0,""lastTxOk"":false,""txSeq"":0,""txCounter"":0,""aesKeyProvisioned"":true,""aesKeyPresent"":true,""aesKeySource"":""nvs"",""keyId"":1,""lastDownlinkCommandId"":0,""freqMHz"":920,""bwKHz"":125,""sf"":7,""cr"":5,""syncWord"":18,""txPowerDbm"":17,""preamble"":8,""tcxoVoltage"":1.600000024,""xtalVoltage"":0},""dataset"":{""state"":""idle"",""step"":""idle"",""label"":"""",""seq"":0,""targetSamples"":0,""sampleIntervalMs"":500,""maxDurationMs"":0,""useFanIntake"":true,""fanOnMs"":1000,""postFanSettleMs"":0,""nullingProfileId"":9,""queuePending"":0,""queueCapacity"":16,""queueEnqueued"":0,""queueDropped"":0,""publishFailCount"":0,""retryCount"":0,""retryFailCount"":0,""rejectedSamples"":0,""lastRejectReason"":""none"",""lastRejectChannel"":-1,""lastRejectOkFiniteCount"":0,""lastRejectStatus"":255,""lastRejectGain"":0,""lastRejectSaturated"":false},""recovery"":{""wifiReconnectCount"":0,""wifiReconnectFailCount"":0,""mqttReconnectCount"":0,""mqttConnectFailCount"":0,""lastMqttState"":0,""adsRecoveryCount"":0,""adsRecoveryFailCount"":0,""adsReadFailStreak"":0,""lastReason"":""none"",""lastRecoveryMs"":0,""bootRecoveryArmed"":false,""bootRecoveryDueMs"":0,""bootRecoveryReason"":""none"",""bootRecoveryNonAdsFailure"":false,""bootRecoveryRestartCount"":0},""nulling"":{""done"":false,""retryArmed"":false,""attemptCount"":0,""nextRetryMs"":0,""thresholdV"":9.999999747E-06,""minFinalV"":0},""telemetry"":{""valid"":true,""sampleMs"":13865994,""gasClass"":6,""gasName"":""CO2"",""confidence"":0,""alarm"":false,""sensorVoltage"":[-0.000921226,0.004396274,0.005366642,-0.002603693,-0.000849151,-0.011981834,-0.020101082,0.010653939],""sensorGain"":[64,64,64,64,64,64,64,64],""sensorStatus"":[0,0,0,0,0,0,0,0],""featureOrder"":[""MQ8"",""MQ135"",""MQ3"",""MQ5"",""MQ4"",""MQ7"",""MQ6"",""MQ2""]},""alarmLatched"":false}"
"2026-08-04 13:12:10.985 +07:00","84.8011551","RECOVERY_100_AFTER_80","RECOVERY","100","1000","0","1","0","-0.000900768","0.004400402","0.005370696","-0.002629803","-0.000567226","-0.011988475","-0.020141685","0.011552168","{""deviceId"":""1001"",""nodeId"":4097,""targetChId"":""0010"",""mode"":""inference"",""uptimeMs"":13867094,""debugEnabled"":true,""power"":{""mode"":""24v"",""externalPower"":true,""batteryMv"":65535,""batteryValid"":false,""batteryDetected"":false,""batterySenseStatus"":""not_detected"",""batteryLow"":false,""batteryCritical"":false,""sourceAmbiguous"":false,""serviceHoldActive"":false,""serviceHoldEffective"":false},""batterySession"":{""state"":""inactive"",""startedMs"":0,""stateStartedMs"":0,""validSampleBatches"":0,""requiredSampleBatches"":10,""alarmTxAttempts"":0,""alarmTxAttemptLimit"":3,""alarmAckReceived"":false,""pendingAlarm"":false,""pendingSaveRequired"":false,""persistenceFaultHold"":false,""completionReason"":""session_done""},""bootHealth"":{""adsReady"":true,""adsDrdyLevel"":0,""adsDrdyPulldownLevel"":0,""adsDrdyPullupLevel"":0,""adsMisoPulldownLevel"":0,""adsMisoPullupLevel"":1,""adsCsLevel"":1,""adsSyncLevel"":1,""adsStatus"":54,""adsMux"":15,""adsAdcon"":6,""adsDrate"":240,""adsReason"":""ok"",""tcaOk"":true,""mcpOkCount"":8,""mcpOk"":[true,true,true,true,true,true,true,true],""mcpAddrMask"":[1,1,1,1,1,1,1,1],""mcpControlTested"":true,""mcpControlOkCount"":8,""mcpControlOk"":[true,true,true,true,true,true,true,true],""dacReady"":true,""radioReady"":true,""mlReady"":true,""nullingProfileApplied"":true,""modelProfileReady"":false},""runtimeMcpCode"":[255,519,795,706,799,865,665,139],""model"":{""profileId"":""cnn-dualbranch-datasheet-v1-unbound"",""scalerProfileId"":""cnn-dualbranch-datasheet-v1-unbound"",""productionApproved"":true,""boundNullingProfileId"":8,""activeNullingProfileId"":9,""bindingValid"":true,""bindingModelMatches"":true,""profileReady"":false,""inferenceValid"":false,""sensorFault"":true},""lora"":{""beginState"":0,""lastTxState"":0,""lastTxOk"":false,""txSeq"":0,""txCounter"":0,""aesKeyProvisioned"":true,""aesKeyPresent"":true,""aesKeySource"":""nvs"",""keyId"":1,""lastDownlinkCommandId"":0,""freqMHz"":920,""bwKHz"":125,""sf"":7,""cr"":5,""syncWord"":18,""txPowerDbm"":17,""preamble"":8,""tcxoVoltage"":1.600000024,""xtalVoltage"":0},""dataset"":{""state"":""idle"",""step"":""idle"",""label"":"""",""seq"":0,""targetSamples"":0,""sampleIntervalMs"":500,""maxDurationMs"":0,""useFanIntake"":true,""fanOnMs"":1000,""postFanSettleMs"":0,""nullingProfileId"":9,""queuePending"":0,""queueCapacity"":16,""queueEnqueued"":0,""queueDropped"":0,""publishFailCount"":0,""retryCount"":0,""retryFailCount"":0,""rejectedSamples"":0,""lastRejectReason"":""none"",""lastRejectChannel"":-1,""lastRejectOkFiniteCount"":0,""lastRejectStatus"":255,""lastRejectGain"":0,""lastRejectSaturated"":false},""recovery"":{""wifiReconnectCount"":0,""wifiReconnectFailCount"":0,""mqttReconnectCount"":0,""mqttConnectFailCount"":0,""lastMqttState"":0,""adsRecoveryCount"":0,""adsRecoveryFailCount"":0,""adsReadFailStreak"":0,""lastReason"":""none"",""lastRecoveryMs"":0,""bootRecoveryArmed"":false,""bootRecoveryDueMs"":0,""bootRecoveryReason"":""none"",""bootRecoveryNonAdsFailure"":false,""bootRecoveryRestartCount"":0},""nulling"":{""done"":false,""retryArmed"":false,""attemptCount"":0,""nextRetryMs"":0,""thresholdV"":9.999999747E-06,""minFinalV"":0},""telemetry"":{""valid"":true,""sampleMs"":13866714,""gasClass"":6,""gasName"":""CO2"",""confidence"":0,""alarm"":false,""sensorVoltage"":[-0.000900768,0.004400402,0.005370696,-0.002629803,-0.000567226,-0.011988475,-0.020141685,0.011552168],""sensorGain"":[64,64,64,64,64,64,64,64],""sensorStatus"":[0,0,0,0,0,0,0,0],""featureOrder"":[""MQ8"",""MQ135"",""MQ3"",""MQ5"",""MQ4"",""MQ7"",""MQ6"",""MQ2""]},""alarmLatched"":false}"
"2026-08-04 13:12:11.665 +07:00","85.4812393","RECOVERY_100_AFTER_80","RECOVERY","100","1000","0","1","0","-0.000891859","0.004489297","0.005351278","-0.002611586","0.000275306","-0.012314998","-0.02055043","0.013014841","{""deviceId"":""1001"",""nodeId"":4097,""targetChId"":""0010"",""mode"":""inference"",""uptimeMs"":13867773,""debugEnabled"":true,""power"":{""mode"":""24v"",""externalPower"":true,""batteryMv"":65535,""batteryValid"":false,""batteryDetected"":false,""batterySenseStatus"":""not_detected"",""batteryLow"":false,""batteryCritical"":false,""sourceAmbiguous"":false,""serviceHoldActive"":false,""serviceHoldEffective"":false},""batterySession"":{""state"":""inactive"",""startedMs"":0,""stateStartedMs"":0,""validSampleBatches"":0,""requiredSampleBatches"":10,""alarmTxAttempts"":0,""alarmTxAttemptLimit"":3,""alarmAckReceived"":false,""pendingAlarm"":false,""pendingSaveRequired"":false,""persistenceFaultHold"":false,""completionReason"":""session_done""},""bootHealth"":{""adsReady"":true,""adsDrdyLevel"":0,""adsDrdyPulldownLevel"":0,""adsDrdyPullupLevel"":0,""adsMisoPulldownLevel"":0,""adsMisoPullupLevel"":1,""adsCsLevel"":1,""adsSyncLevel"":1,""adsStatus"":54,""adsMux"":15,""adsAdcon"":6,""adsDrate"":240,""adsReason"":""ok"",""tcaOk"":true,""mcpOkCount"":8,""mcpOk"":[true,true,true,true,true,true,true,true],""mcpAddrMask"":[1,1,1,1,1,1,1,1],""mcpControlTested"":true,""mcpControlOkCount"":8,""mcpControlOk"":[true,true,true,true,true,true,true,true],""dacReady"":true,""radioReady"":true,""mlReady"":true,""nullingProfileApplied"":true,""modelProfileReady"":false},""runtimeMcpCode"":[255,519,795,706,799,865,665,139],""model"":{""profileId"":""cnn-dualbranch-datasheet-v1-unbound"",""scalerProfileId"":""cnn-dualbranch-datasheet-v1-unbound"",""productionApproved"":true,""boundNullingProfileId"":8,""activeNullingProfileId"":9,""bindingValid"":true,""bindingModelMatches"":true,""profileReady"":false,""inferenceValid"":false,""sensorFault"":true},""lora"":{""beginState"":0,""lastTxState"":0,""lastTxOk"":false,""txSeq"":0,""txCounter"":0,""aesKeyProvisioned"":true,""aesKeyPresent"":true,""aesKeySource"":""nvs"",""keyId"":1,""lastDownlinkCommandId"":0,""freqMHz"":920,""bwKHz"":125,""sf"":7,""cr"":5,""syncWord"":18,""txPowerDbm"":17,""preamble"":8,""tcxoVoltage"":1.600000024,""xtalVoltage"":0},""dataset"":{""state"":""idle"",""step"":""idle"",""label"":"""",""seq"":0,""targetSamples"":0,""sampleIntervalMs"":500,""maxDurationMs"":0,""useFanIntake"":true,""fanOnMs"":1000,""postFanSettleMs"":0,""nullingProfileId"":9,""queuePending"":0,""queueCapacity"":16,""queueEnqueued"":0,""queueDropped"":0,""publishFailCount"":0,""retryCount"":0,""retryFailCount"":0,""rejectedSamples"":0,""lastRejectReason"":""none"",""lastRejectChannel"":-1,""lastRejectOkFiniteCount"":0,""lastRejectStatus"":255,""lastRejectGain"":0,""lastRejectSaturated"":false},""recovery"":{""wifiReconnectCount"":0,""wifiReconnectFailCount"":0,""mqttReconnectCount"":0,""mqttConnectFailCount"":0,""lastMqttState"":0,""adsRecoveryCount"":0,""adsRecoveryFailCount"":0,""adsReadFailStreak"":0,""lastReason"":""none"",""lastRecoveryMs"":0,""bootRecoveryArmed"":false,""bootRecoveryDueMs"":0,""bootRecoveryReason"":""none"",""bootRecoveryNonAdsFailure"":false,""bootRecoveryRestartCount"":0},""nulling"":{""done"":false,""retryArmed"":false,""attemptCount"":0,""nextRetryMs"":0,""thresholdV"":9.999999747E-06,""minFinalV"":0},""telemetry"":{""valid"":true,""sampleMs"":13867372,""gasClass"":6,""gasName"":""CO2"",""confidence"":0,""alarm"":false,""sensorVoltage"":[-0.000891859,0.004489297,0.005351278,-0.002611586,0.000275306,-0.012314998,-0.02055043,0.013014841],""sensorGain"":[64,64,64,64,64,64,64,64],""sensorStatus"":[0,0,0,0,0,0,0,0],""featureOrder"":[""MQ8"",""MQ135"",""MQ3"",""MQ5"",""MQ4"",""MQ7"",""MQ6"",""MQ2""]},""alarmLatched"":false}"
"2026-08-04 13:12:12.341 +07:00","86.1570373","RECOVERY_100_AFTER_80","RECOVERY","100","1000","0","1","0","-0.00090948","0.004486621","0.005324943","-0.002619026","-0.000829021","-0.01227667","-0.020560788","0.013677383","{""deviceId"":""1001"",""nodeId"":4097,""targetChId"":""0010"",""mode"":""inference"",""uptimeMs"":13868454,""debugEnabled"":true,""power"":{""mode"":""24v"",""externalPower"":true,""batteryMv"":65535,""batteryValid"":false,""batteryDetected"":false,""batterySenseStatus"":""not_detected"",""batteryLow"":false,""batteryCritical"":false,""sourceAmbiguous"":false,""serviceHoldActive"":false,""serviceHoldEffective"":false},""batterySession"":{""state"":""inactive"",""startedMs"":0,""stateStartedMs"":0,""validSampleBatches"":0,""requiredSampleBatches"":10,""alarmTxAttempts"":0,""alarmTxAttemptLimit"":3,""alarmAckReceived"":false,""pendingAlarm"":false,""pendingSaveRequired"":false,""persistenceFaultHold"":false,""completionReason"":""session_done""},""bootHealth"":{""adsReady"":true,""adsDrdyLevel"":0,""adsDrdyPulldownLevel"":0,""adsDrdyPullupLevel"":0,""adsMisoPulldownLevel"":0,""adsMisoPullupLevel"":1,""adsCsLevel"":1,""adsSyncLevel"":1,""adsStatus"":54,""adsMux"":15,""adsAdcon"":6,""adsDrate"":240,""adsReason"":""ok"",""tcaOk"":true,""mcpOkCount"":8,""mcpOk"":[true,true,true,true,true,true,true,true],""mcpAddrMask"":[1,1,1,1,1,1,1,1],""mcpControlTested"":true,""mcpControlOkCount"":8,""mcpControlOk"":[true,true,true,true,true,true,true,true],""dacReady"":true,""radioReady"":true,""mlReady"":true,""nullingProfileApplied"":true,""modelProfileReady"":false},""runtimeMcpCode"":[255,519,795,706,799,865,665,139],""model"":{""profileId"":""cnn-dualbranch-datasheet-v1-unbound"",""scalerProfileId"":""cnn-dualbranch-datasheet-v1-unbound"",""productionApproved"":true,""boundNullingProfileId"":8,""activeNullingProfileId"":9,""bindingValid"":true,""bindingModelMatches"":true,""profileReady"":false,""inferenceValid"":false,""sensorFault"":true},""lora"":{""beginState"":0,""lastTxState"":0,""lastTxOk"":false,""txSeq"":0,""txCounter"":0,""aesKeyProvisioned"":true,""aesKeyPresent"":true,""aesKeySource"":""nvs"",""keyId"":1,""lastDownlinkCommandId"":0,""freqMHz"":920,""bwKHz"":125,""sf"":7,""cr"":5,""syncWord"":18,""txPowerDbm"":17,""preamble"":8,""tcxoVoltage"":1.600000024,""xtalVoltage"":0},""dataset"":{""state"":""idle"",""step"":""idle"",""label"":"""",""seq"":0,""targetSamples"":0,""sampleIntervalMs"":500,""maxDurationMs"":0,""useFanIntake"":true,""fanOnMs"":1000,""postFanSettleMs"":0,""nullingProfileId"":9,""queuePending"":0,""queueCapacity"":16,""queueEnqueued"":0,""queueDropped"":0,""publishFailCount"":0,""retryCount"":0,""retryFailCount"":0,""rejectedSamples"":0,""lastRejectReason"":""none"",""lastRejectChannel"":-1,""lastRejectOkFiniteCount"":0,""lastRejectStatus"":255,""lastRejectGain"":0,""lastRejectSaturated"":false},""recovery"":{""wifiReconnectCount"":0,""wifiReconnectFailCount"":0,""mqttReconnectCount"":0,""mqttConnectFailCount"":0,""lastMqttState"":0,""adsRecoveryCount"":0,""adsRecoveryFailCount"":0,""adsReadFailStreak"":0,""lastReason"":""none"",""lastRecoveryMs"":0,""bootRecoveryArmed"":false,""bootRecoveryDueMs"":0,""bootRecoveryReason"":""none"",""bootRecoveryNonAdsFailure"":false,""bootRecoveryRestartCount"":0},""nulling"":{""done"":false,""retryArmed"":false,""attemptCount"":0,""nextRetryMs"":0,""thresholdV"":9.999999747E-06,""minFinalV"":0},""telemetry"":{""valid"":true,""sampleMs"":13868051,""gasClass"":6,""gasName"":""CO2"",""confidence"":0,""alarm"":false,""sensorVoltage"":[-0.00090948,0.004486621,0.005324943,-0.002619026,-0.000829021,-0.01227667,-0.020560788,0.013677383],""sensorGain"":[64,64,64,64,64,64,64,64],""sensorStatus"":[0,0,0,0,0,0,0,0],""featureOrder"":[""MQ8"",""MQ135"",""MQ3"",""MQ5"",""MQ4"",""MQ7"",""MQ6"",""MQ2""]},""alarmLatched"":false}"
"2026-08-04 13:12:13.018 +07:00","86.8337116","RECOVERY_100_AFTER_80","RECOVERY","100","1000","0","1","0","-0.000931416","0.004485644","0.005327511","-0.002569423","-0.000247263","-0.012332393","-0.020582004","0.014116946","{""deviceId"":""1001"",""nodeId"":4097,""targetChId"":""0010"",""mode"":""inference"",""uptimeMs"":13869133,""debugEnabled"":true,""power"":{""mode"":""24v"",""externalPower"":true,""batteryMv"":65535,""batteryValid"":false,""batteryDetected"":false,""batterySenseStatus"":""not_detected"",""batteryLow"":false,""batteryCritical"":false,""sourceAmbiguous"":false,""serviceHoldActive"":false,""serviceHoldEffective"":false},""batterySession"":{""state"":""inactive"",""startedMs"":0,""stateStartedMs"":0,""validSampleBatches"":0,""requiredSampleBatches"":10,""alarmTxAttempts"":0,""alarmTxAttemptLimit"":3,""alarmAckReceived"":false,""pendingAlarm"":false,""pendingSaveRequired"":false,""persistenceFaultHold"":false,""completionReason"":""session_done""},""bootHealth"":{""adsReady"":true,""adsDrdyLevel"":0,""adsDrdyPulldownLevel"":0,""adsDrdyPullupLevel"":0,""adsMisoPulldownLevel"":0,""adsMisoPullupLevel"":1,""adsCsLevel"":1,""adsSyncLevel"":1,""adsStatus"":54,""adsMux"":15,""adsAdcon"":6,""adsDrate"":240,""adsReason"":""ok"",""tcaOk"":true,""mcpOkCount"":8,""mcpOk"":[true,true,true,true,true,true,true,true],""mcpAddrMask"":[1,1,1,1,1,1,1,1],""mcpControlTested"":true,""mcpControlOkCount"":8,""mcpControlOk"":[true,true,true,true,true,true,true,true],""dacReady"":true,""radioReady"":true,""mlReady"":true,""nullingProfileApplied"":true,""modelProfileReady"":false},""runtimeMcpCode"":[255,519,795,706,799,865,665,139],""model"":{""profileId"":""cnn-dualbranch-datasheet-v1-unbound"",""scalerProfileId"":""cnn-dualbranch-datasheet-v1-unbound"",""productionApproved"":true,""boundNullingProfileId"":8,""activeNullingProfileId"":9,""bindingValid"":true,""bindingModelMatches"":true,""profileReady"":false,""inferenceValid"":false,""sensorFault"":true},""lora"":{""beginState"":0,""lastTxState"":0,""lastTxOk"":false,""txSeq"":0,""txCounter"":0,""aesKeyProvisioned"":true,""aesKeyPresent"":true,""aesKeySource"":""nvs"",""keyId"":1,""lastDownlinkCommandId"":0,""freqMHz"":920,""bwKHz"":125,""sf"":7,""cr"":5,""syncWord"":18,""txPowerDbm"":17,""preamble"":8,""tcxoVoltage"":1.600000024,""xtalVoltage"":0},""dataset"":{""state"":""idle"",""step"":""idle"",""label"":"""",""seq"":0,""targetSamples"":0,""sampleIntervalMs"":500,""maxDurationMs"":0,""useFanIntake"":true,""fanOnMs"":1000,""postFanSettleMs"":0,""nullingProfileId"":9,""queuePending"":0,""queueCapacity"":16,""queueEnqueued"":0,""queueDropped"":0,""publishFailCount"":0,""retryCount"":0,""retryFailCount"":0,""rejectedSamples"":0,""lastRejectReason"":""none"",""lastRejectChannel"":-1,""lastRejectOkFiniteCount"":0,""lastRejectStatus"":255,""lastRejectGain"":0,""lastRejectSaturated"":false},""recovery"":{""wifiReconnectCount"":0,""wifiReconnectFailCount"":0,""mqttReconnectCount"":0,""mqttConnectFailCount"":0,""lastMqttState"":0,""adsRecoveryCount"":0,""adsRecoveryFailCount"":0,""adsReadFailStreak"":0,""lastReason"":""none"",""lastRecoveryMs"":0,""bootRecoveryArmed"":false,""bootRecoveryDueMs"":0,""bootRecoveryReason"":""none"",""bootRecoveryNonAdsFailure"":false,""bootRecoveryRestartCount"":0},""nulling"":{""done"":false,""retryArmed"":false,""attemptCount"":0,""nextRetryMs"":0,""thresholdV"":9.999999747E-06,""minFinalV"":0},""telemetry"":{""valid"":true,""sampleMs"":13868764,""gasClass"":6,""gasName"":""CO2"",""confidence"":0,""alarm"":false,""sensorVoltage"":[-0.000931416,0.004485644,0.005327511,-0.002569423,-0.000247263,-0.012332393,-0.020582004,0.014116946],""sensorGain"":[64,64,64,64,64,64,64,64],""sensorStatus"":[0,0,0,0,0,0,0,0],""featureOrder"":[""MQ8"",""MQ135"",""MQ3"",""MQ5"",""MQ4"",""MQ7"",""MQ6"",""MQ2""]},""alarmLatched"":false}"
"2026-08-04 13:12:13.747 +07:00","87.562995","RECOVERY_100_AFTER_80","RECOVERY","100","1000","0","1","0","-0.00091627","0.00448666","0.005314252","-0.002586394","0.001585097","-0.012322539","-0.020566186","0.014566037","{""deviceId"":""1001"",""nodeId"":4097,""targetChId"":""0010"",""mode"":""inference"",""uptimeMs"":13869852,""debugEnabled"":true,""power"":{""mode"":""24v"",""externalPower"":true,""batteryMv"":65535,""batteryValid"":false,""batteryDetected"":false,""batterySenseStatus"":""not_detected"",""batteryLow"":false,""batteryCritical"":false,""sourceAmbiguous"":false,""serviceHoldActive"":false,""serviceHoldEffective"":false},""batterySession"":{""state"":""inactive"",""startedMs"":0,""stateStartedMs"":0,""validSampleBatches"":0,""requiredSampleBatches"":10,""alarmTxAttempts"":0,""alarmTxAttemptLimit"":3,""alarmAckReceived"":false,""pendingAlarm"":false,""pendingSaveRequired"":false,""persistenceFaultHold"":false,""completionReason"":""session_done""},""bootHealth"":{""adsReady"":true,""adsDrdyLevel"":0,""adsDrdyPulldownLevel"":0,""adsDrdyPullupLevel"":0,""adsMisoPulldownLevel"":0,""adsMisoPullupLevel"":1,""adsCsLevel"":1,""adsSyncLevel"":1,""adsStatus"":54,""adsMux"":15,""adsAdcon"":6,""adsDrate"":240,""adsReason"":""ok"",""tcaOk"":true,""mcpOkCount"":8,""mcpOk"":[true,true,true,true,true,true,true,true],""mcpAddrMask"":[1,1,1,1,1,1,1,1],""mcpControlTested"":true,""mcpControlOkCount"":8,""mcpControlOk"":[true,true,true,true,true,true,true,true],""dacReady"":true,""radioReady"":true,""mlReady"":true,""nullingProfileApplied"":true,""modelProfileReady"":false},""runtimeMcpCode"":[255,519,795,706,799,865,665,139],""model"":{""profileId"":""cnn-dualbranch-datasheet-v1-unbound"",""scalerProfileId"":""cnn-dualbranch-datasheet-v1-unbound"",""productionApproved"":true,""boundNullingProfileId"":8,""activeNullingProfileId"":9,""bindingValid"":true,""bindingModelMatches"":true,""profileReady"":false,""inferenceValid"":false,""sensorFault"":true},""lora"":{""beginState"":0,""lastTxState"":0,""lastTxOk"":false,""txSeq"":0,""txCounter"":0,""aesKeyProvisioned"":true,""aesKeyPresent"":true,""aesKeySource"":""nvs"",""keyId"":1,""lastDownlinkCommandId"":0,""freqMHz"":920,""bwKHz"":125,""sf"":7,""cr"":5,""syncWord"":18,""txPowerDbm"":17,""preamble"":8,""tcxoVoltage"":1.600000024,""xtalVoltage"":0},""dataset"":{""state"":""idle"",""step"":""idle"",""label"":"""",""seq"":0,""targetSamples"":0,""sampleIntervalMs"":500,""maxDurationMs"":0,""useFanIntake"":true,""fanOnMs"":1000,""postFanSettleMs"":0,""nullingProfileId"":9,""queuePending"":0,""queueCapacity"":16,""queueEnqueued"":0,""queueDropped"":0,""publishFailCount"":0,""retryCount"":0,""retryFailCount"":0,""rejectedSamples"":0,""lastRejectReason"":""none"",""lastRejectChannel"":-1,""lastRejectOkFiniteCount"":0,""lastRejectStatus"":255,""lastRejectGain"":0,""lastRejectSaturated"":false},""recovery"":{""wifiReconnectCount"":0,""wifiReconnectFailCount"":0,""mqttReconnectCount"":0,""mqttConnectFailCount"":0,""lastMqttState"":0,""adsRecoveryCount"":0,""adsRecoveryFailCount"":0,""adsReadFailStreak"":0,""lastReason"":""none"",""lastRecoveryMs"":0,""bootRecoveryArmed"":false,""bootRecoveryDueMs"":0,""bootRecoveryReason"":""none"",""bootRecoveryNonAdsFailure"":false,""bootRecoveryRestartCount"":0},""nulling"":{""done"":false,""retryArmed"":false,""attemptCount"":0,""nextRetryMs"":0,""thresholdV"":9.999999747E-06,""minFinalV"":0},""telemetry"":{""valid"":true,""sampleMs"":13869411,""gasClass"":6,""gasName"":""CO2"",""confidence"":0,""alarm"":false,""sensorVoltage"":[-0.00091627,0.00448666,0.005314252,-0.002586394,0.001585097,-0.012322539,-0.020566186,0.014566037],""sensorGain"":[64,64,64,64,64,64,64,64],""sensorStatus"":[0,0,0,0,0,0,0,0],""featureOrder"":[""MQ8"",""MQ135"",""MQ3"",""MQ5"",""MQ4"",""MQ7"",""MQ6"",""MQ2""]},""alarmLatched"":false}"
"2026-08-04 13:12:14.420 +07:00","88.235881499999991","RECOVERY_100_AFTER_80","RECOVERY","100","1000","0","1","0","-0.000919231","0.004540035","0.00522283","-0.002598462","0.003504859","-0.012355563","-0.020628259","0.014047714","{""deviceId"":""1001"",""nodeId"":4097,""targetChId"":""0010"",""mode"":""inference"",""uptimeMs"":13870539,""debugEnabled"":true,""power"":{""mode"":""24v"",""externalPower"":true,""batteryMv"":65535,""batteryValid"":false,""batteryDetected"":false,""batterySenseStatus"":""not_detected"",""batteryLow"":false,""batteryCritical"":false,""sourceAmbiguous"":false,""serviceHoldActive"":false,""serviceHoldEffective"":false},""batterySession"":{""state"":""inactive"",""startedMs"":0,""stateStartedMs"":0,""validSampleBatches"":0,""requiredSampleBatches"":10,""alarmTxAttempts"":0,""alarmTxAttemptLimit"":3,""alarmAckReceived"":false,""pendingAlarm"":false,""pendingSaveRequired"":false,""persistenceFaultHold"":false,""completionReason"":""session_done""},""bootHealth"":{""adsReady"":true,""adsDrdyLevel"":0,""adsDrdyPulldownLevel"":0,""adsDrdyPullupLevel"":0,""adsMisoPulldownLevel"":0,""adsMisoPullupLevel"":1,""adsCsLevel"":1,""adsSyncLevel"":1,""adsStatus"":54,""adsMux"":15,""adsAdcon"":6,""adsDrate"":240,""adsReason"":""ok"",""tcaOk"":true,""mcpOkCount"":8,""mcpOk"":[true,true,true,true,true,true,true,true],""mcpAddrMask"":[1,1,1,1,1,1,1,1],""mcpControlTested"":true,""mcpControlOkCount"":8,""mcpControlOk"":[true,true,true,true,true,true,true,true],""dacReady"":true,""radioReady"":true,""mlReady"":true,""nullingProfileApplied"":true,""modelProfileReady"":false},""runtimeMcpCode"":[255,519,795,706,799,865,665,139],""model"":{""profileId"":""cnn-dualbranch-datasheet-v1-unbound"",""scalerProfileId"":""cnn-dualbranch-datasheet-v1-unbound"",""productionApproved"":true,""boundNullingProfileId"":8,""activeNullingProfileId"":9,""bindingValid"":true,""bindingModelMatches"":true,""profileReady"":false,""inferenceValid"":false,""sensorFault"":true},""lora"":{""beginState"":0,""lastTxState"":0,""lastTxOk"":false,""txSeq"":0,""txCounter"":0,""aesKeyProvisioned"":true,""aesKeyPresent"":true,""aesKeySource"":""nvs"",""keyId"":1,""lastDownlinkCommandId"":0,""freqMHz"":920,""bwKHz"":125,""sf"":7,""cr"":5,""syncWord"":18,""txPowerDbm"":17,""preamble"":8,""tcxoVoltage"":1.600000024,""xtalVoltage"":0},""dataset"":{""state"":""idle"",""step"":""idle"",""label"":"""",""seq"":0,""targetSamples"":0,""sampleIntervalMs"":500,""maxDurationMs"":0,""useFanIntake"":true,""fanOnMs"":1000,""postFanSettleMs"":0,""nullingProfileId"":9,""queuePending"":0,""queueCapacity"":16,""queueEnqueued"":0,""queueDropped"":0,""publishFailCount"":0,""retryCount"":0,""retryFailCount"":0,""rejectedSamples"":0,""lastRejectReason"":""none"",""lastRejectChannel"":-1,""lastRejectOkFiniteCount"":0,""lastRejectStatus"":255,""lastRejectGain"":0,""lastRejectSaturated"":false},""recovery"":{""wifiReconnectCount"":0,""wifiReconnectFailCount"":0,""mqttReconnectCount"":0,""mqttConnectFailCount"":0,""lastMqttState"":0,""adsRecoveryCount"":0,""adsRecoveryFailCount"":0,""adsReadFailStreak"":0,""lastReason"":""none"",""lastRecoveryMs"":0,""bootRecoveryArmed"":false,""bootRecoveryDueMs"":0,""bootRecoveryReason"":""none"",""bootRecoveryNonAdsFailure"":false,""bootRecoveryRestartCount"":0},""nulling"":{""done"":false,""retryArmed"":false,""attemptCount"":0,""nextRetryMs"":0,""thresholdV"":9.999999747E-06,""minFinalV"":0},""telemetry"":{""valid"":true,""sampleMs"":13870130,""gasClass"":6,""gasName"":""CO2"",""confidence"":0,""alarm"":false,""sensorVoltage"":[-0.000919231,0.004540035,0.00522283,-0.002598462,0.003504859,-0.012355563,-0.020628259,0.014047714],""sensorGain"":[64,64,64,64,64,64,64,64],""sensorStatus"":[0,0,0,0,0,0,0,0],""featureOrder"":[""MQ8"",""MQ135"",""MQ3"",""MQ5"",""MQ4"",""MQ7"",""MQ6"",""MQ2""]},""alarmLatched"":false}"
"2026-08-04 13:12:15.126 +07:00","88.942011999999991","RECOVERY_100_AFTER_80","RECOVERY","100","1000","0","1","0","-0.000902173","0.004556533","0.005271507","-0.002596089","0.004018909","-0.012317415","-0.020617804","0.013954861","{""deviceId"":""1001"",""nodeId"":4097,""targetChId"":""0010"",""mode"":""inference"",""uptimeMs"":13871232,""debugEnabled"":true,""power"":{""mode"":""24v"",""externalPower"":true,""batteryMv"":65535,""batteryValid"":false,""batteryDetected"":false,""batterySenseStatus"":""not_detected"",""batteryLow"":false,""batteryCritical"":false,""sourceAmbiguous"":false,""serviceHoldActive"":false,""serviceHoldEffective"":false},""batterySession"":{""state"":""inactive"",""startedMs"":0,""stateStartedMs"":0,""validSampleBatches"":0,""requiredSampleBatches"":10,""alarmTxAttempts"":0,""alarmTxAttemptLimit"":3,""alarmAckReceived"":false,""pendingAlarm"":false,""pendingSaveRequired"":false,""persistenceFaultHold"":false,""completionReason"":""session_done""},""bootHealth"":{""adsReady"":true,""adsDrdyLevel"":0,""adsDrdyPulldownLevel"":0,""adsDrdyPullupLevel"":0,""adsMisoPulldownLevel"":0,""adsMisoPullupLevel"":1,""adsCsLevel"":1,""adsSyncLevel"":1,""adsStatus"":54,""adsMux"":15,""adsAdcon"":6,""adsDrate"":240,""adsReason"":""ok"",""tcaOk"":true,""mcpOkCount"":8,""mcpOk"":[true,true,true,true,true,true,true,true],""mcpAddrMask"":[1,1,1,1,1,1,1,1],""mcpControlTested"":true,""mcpControlOkCount"":8,""mcpControlOk"":[true,true,true,true,true,true,true,true],""dacReady"":true,""radioReady"":true,""mlReady"":true,""nullingProfileApplied"":true,""modelProfileReady"":false},""runtimeMcpCode"":[255,519,795,706,799,865,665,139],""model"":{""profileId"":""cnn-dualbranch-datasheet-v1-unbound"",""scalerProfileId"":""cnn-dualbranch-datasheet-v1-unbound"",""productionApproved"":true,""boundNullingProfileId"":8,""activeNullingProfileId"":9,""bindingValid"":true,""bindingModelMatches"":true,""profileReady"":false,""inferenceValid"":false,""sensorFault"":true},""lora"":{""beginState"":0,""lastTxState"":0,""lastTxOk"":false,""txSeq"":0,""txCounter"":0,""aesKeyProvisioned"":true,""aesKeyPresent"":true,""aesKeySource"":""nvs"",""keyId"":1,""lastDownlinkCommandId"":0,""freqMHz"":920,""bwKHz"":125,""sf"":7,""cr"":5,""syncWord"":18,""txPowerDbm"":17,""preamble"":8,""tcxoVoltage"":1.600000024,""xtalVoltage"":0},""dataset"":{""state"":""idle"",""step"":""idle"",""label"":"""",""seq"":0,""targetSamples"":0,""sampleIntervalMs"":500,""maxDurationMs"":0,""useFanIntake"":true,""fanOnMs"":1000,""postFanSettleMs"":0,""nullingProfileId"":9,""queuePending"":0,""queueCapacity"":16,""queueEnqueued"":0,""queueDropped"":0,""publishFailCount"":0,""retryCount"":0,""retryFailCount"":0,""rejectedSamples"":0,""lastRejectReason"":""none"",""lastRejectChannel"":-1,""lastRejectOkFiniteCount"":0,""lastRejectStatus"":255,""lastRejectGain"":0,""lastRejectSaturated"":false},""recovery"":{""wifiReconnectCount"":0,""wifiReconnectFailCount"":0,""mqttReconnectCount"":0,""mqttConnectFailCount"":0,""lastMqttState"":0,""adsRecoveryCount"":0,""adsRecoveryFailCount"":0,""adsReadFailStreak"":0,""lastReason"":""none"",""lastRecoveryMs"":0,""bootRecoveryArmed"":false,""bootRecoveryDueMs"":0,""bootRecoveryReason"":""none"",""bootRecoveryNonAdsFailure"":false,""bootRecoveryRestartCount"":0},""nulling"":{""done"":false,""retryArmed"":false,""attemptCount"":0,""nextRetryMs"":0,""thresholdV"":9.999999747E-06,""minFinalV"":0},""telemetry"":{""valid"":true,""sampleMs"":13870849,""gasClass"":6,""gasName"":""CO2"",""confidence"":0,""alarm"":false,""sensorVoltage"":[-0.000902173,0.004556533,0.005271507,-0.002596089,0.004018909,-0.012317415,-0.020617804,0.013954861],""sensorGain"":[64,64,64,64,64,64,64,64],""sensorStatus"":[0,0,0,0,0,0,0,0],""featureOrder"":[""MQ8"",""MQ135"",""MQ3"",""MQ5"",""MQ4"",""MQ7"",""MQ6"",""MQ2""]},""alarmLatched"":false}"
"2026-08-04 13:12:15.804 +07:00","89.619803199999993","RECOVERY_100_AFTER_80","RECOVERY","100","1000","0","1","0","-0.000903123","0.004586478","0.005383161","-0.002603294","0.003033296","-0.012257278","-0.020636046","0.014324868","{""deviceId"":""1001"",""nodeId"":4097,""targetChId"":""0010"",""mode"":""inference"",""uptimeMs"":13871916,""debugEnabled"":true,""power"":{""mode"":""24v"",""externalPower"":true,""batteryMv"":65535,""batteryValid"":false,""batteryDetected"":false,""batterySenseStatus"":""not_detected"",""batteryLow"":false,""batteryCritical"":false,""sourceAmbiguous"":false,""serviceHoldActive"":false,""serviceHoldEffective"":false},""batterySession"":{""state"":""inactive"",""startedMs"":0,""stateStartedMs"":0,""validSampleBatches"":0,""requiredSampleBatches"":10,""alarmTxAttempts"":0,""alarmTxAttemptLimit"":3,""alarmAckReceived"":false,""pendingAlarm"":false,""pendingSaveRequired"":false,""persistenceFaultHold"":false,""completionReason"":""session_done""},""bootHealth"":{""adsReady"":true,""adsDrdyLevel"":0,""adsDrdyPulldownLevel"":0,""adsDrdyPullupLevel"":0,""adsMisoPulldownLevel"":0,""adsMisoPullupLevel"":1,""adsCsLevel"":1,""adsSyncLevel"":1,""adsStatus"":54,""adsMux"":15,""adsAdcon"":6,""adsDrate"":240,""adsReason"":""ok"",""tcaOk"":true,""mcpOkCount"":8,""mcpOk"":[true,true,true,true,true,true,true,true],""mcpAddrMask"":[1,1,1,1,1,1,1,1],""mcpControlTested"":true,""mcpControlOkCount"":8,""mcpControlOk"":[true,true,true,true,true,true,true,true],""dacReady"":true,""radioReady"":true,""mlReady"":true,""nullingProfileApplied"":true,""modelProfileReady"":false},""runtimeMcpCode"":[255,519,795,706,799,865,665,139],""model"":{""profileId"":""cnn-dualbranch-datasheet-v1-unbound"",""scalerProfileId"":""cnn-dualbranch-datasheet-v1-unbound"",""productionApproved"":true,""boundNullingProfileId"":8,""activeNullingProfileId"":9,""bindingValid"":true,""bindingModelMatches"":true,""profileReady"":false,""inferenceValid"":false,""sensorFault"":true},""lora"":{""beginState"":0,""lastTxState"":0,""lastTxOk"":false,""txSeq"":0,""txCounter"":0,""aesKeyProvisioned"":true,""aesKeyPresent"":true,""aesKeySource"":""nvs"",""keyId"":1,""lastDownlinkCommandId"":0,""freqMHz"":920,""bwKHz"":125,""sf"":7,""cr"":5,""syncWord"":18,""txPowerDbm"":17,""preamble"":8,""tcxoVoltage"":1.600000024,""xtalVoltage"":0},""dataset"":{""state"":""idle"",""step"":""idle"",""label"":"""",""seq"":0,""targetSamples"":0,""sampleIntervalMs"":500,""maxDurationMs"":0,""useFanIntake"":true,""fanOnMs"":1000,""postFanSettleMs"":0,""nullingProfileId"":9,""queuePending"":0,""queueCapacity"":16,""queueEnqueued"":0,""queueDropped"":0,""publishFailCount"":0,""retryCount"":0,""retryFailCount"":0,""rejectedSamples"":0,""lastRejectReason"":""none"",""lastRejectChannel"":-1,""lastRejectOkFiniteCount"":0,""lastRejectStatus"":255,""lastRejectGain"":0,""lastRejectSaturated"":false},""recovery"":{""wifiReconnectCount"":0,""wifiReconnectFailCount"":0,""mqttReconnectCount"":0,""mqttConnectFailCount"":0,""lastMqttState"":0,""adsRecoveryCount"":0,""adsRecoveryFailCount"":0,""adsReadFailStreak"":0,""lastReason"":""none"",""lastRecoveryMs"":0,""bootRecoveryArmed"":false,""bootRecoveryDueMs"":0,""bootRecoveryReason"":""none"",""bootRecoveryNonAdsFailure"":false,""bootRecoveryRestartCount"":0},""nulling"":{""done"":false,""retryArmed"":false,""attemptCount"":0,""nextRetryMs"":0,""thresholdV"":9.999999747E-06,""minFinalV"":0},""telemetry"":{""valid"":true,""sampleMs"":13871510,""gasClass"":6,""gasName"":""CO2"",""confidence"":0,""alarm"":false,""sensorVoltage"":[-0.000903123,0.004586478,0.005383161,-0.002603294,0.003033296,-0.012257278,-0.020636046,0.014324868],""sensorGain"":[64,64,64,64,64,64,64,64],""sensorStatus"":[0,0,0,0,0,0,0,0],""featureOrder"":[""MQ8"",""MQ135"",""MQ3"",""MQ5"",""MQ4"",""MQ7"",""MQ6"",""MQ2""]},""alarmLatched"":false}"
"2026-08-04 13:12:16.480 +07:00","90.2957811","RECOVERY_100_AFTER_80","RECOVERY","100","1000","0","1","0","-0.000874888","0.004584266","0.005362092","-0.002521477","0.003365629","-0.012271021","-0.020648414","0.014660107","{""deviceId"":""1001"",""nodeId"":4097,""targetChId"":""0010"",""mode"":""inference"",""uptimeMs"":13872585,""debugEnabled"":true,""power"":{""mode"":""24v"",""externalPower"":true,""batteryMv"":65535,""batteryValid"":false,""batteryDetected"":false,""batterySenseStatus"":""not_detected"",""batteryLow"":false,""batteryCritical"":false,""sourceAmbiguous"":false,""serviceHoldActive"":false,""serviceHoldEffective"":false},""batterySession"":{""state"":""inactive"",""startedMs"":0,""stateStartedMs"":0,""validSampleBatches"":0,""requiredSampleBatches"":10,""alarmTxAttempts"":0,""alarmTxAttemptLimit"":3,""alarmAckReceived"":false,""pendingAlarm"":false,""pendingSaveRequired"":false,""persistenceFaultHold"":false,""completionReason"":""session_done""},""bootHealth"":{""adsReady"":true,""adsDrdyLevel"":0,""adsDrdyPulldownLevel"":0,""adsDrdyPullupLevel"":0,""adsMisoPulldownLevel"":0,""adsMisoPullupLevel"":1,""adsCsLevel"":1,""adsSyncLevel"":1,""adsStatus"":54,""adsMux"":15,""adsAdcon"":6,""adsDrate"":240,""adsReason"":""ok"",""tcaOk"":true,""mcpOkCount"":8,""mcpOk"":[true,true,true,true,true,true,true,true],""mcpAddrMask"":[1,1,1,1,1,1,1,1],""mcpControlTested"":true,""mcpControlOkCount"":8,""mcpControlOk"":[true,true,true,true,true,true,true,true],""dacReady"":true,""radioReady"":true,""mlReady"":true,""nullingProfileApplied"":true,""modelProfileReady"":false},""runtimeMcpCode"":[255,519,795,706,799,865,665,139],""model"":{""profileId"":""cnn-dualbranch-datasheet-v1-unbound"",""scalerProfileId"":""cnn-dualbranch-datasheet-v1-unbound"",""productionApproved"":true,""boundNullingProfileId"":8,""activeNullingProfileId"":9,""bindingValid"":true,""bindingModelMatches"":true,""profileReady"":false,""inferenceValid"":false,""sensorFault"":true},""lora"":{""beginState"":0,""lastTxState"":0,""lastTxOk"":false,""txSeq"":0,""txCounter"":0,""aesKeyProvisioned"":true,""aesKeyPresent"":true,""aesKeySource"":""nvs"",""keyId"":1,""lastDownlinkCommandId"":0,""freqMHz"":920,""bwKHz"":125,""sf"":7,""cr"":5,""syncWord"":18,""txPowerDbm"":17,""preamble"":8,""tcxoVoltage"":1.600000024,""xtalVoltage"":0},""dataset"":{""state"":""idle"",""step"":""idle"",""label"":"""",""seq"":0,""targetSamples"":0,""sampleIntervalMs"":500,""maxDurationMs"":0,""useFanIntake"":true,""fanOnMs"":1000,""postFanSettleMs"":0,""nullingProfileId"":9,""queuePending"":0,""queueCapacity"":16,""queueEnqueued"":0,""queueDropped"":0,""publishFailCount"":0,""retryCount"":0,""retryFailCount"":0,""rejectedSamples"":0,""lastRejectReason"":""none"",""lastRejectChannel"":-1,""lastRejectOkFiniteCount"":0,""lastRejectStatus"":255,""lastRejectGain"":0,""lastRejectSaturated"":false},""recovery"":{""wifiReconnectCount"":0,""wifiReconnectFailCount"":0,""mqttReconnectCount"":0,""mqttConnectFailCount"":0,""lastMqttState"":0,""adsRecoveryCount"":0,""adsRecoveryFailCount"":0,""adsReadFailStreak"":0,""lastReason"":""none"",""lastRecoveryMs"":0,""bootRecoveryArmed"":false,""bootRecoveryDueMs"":0,""bootRecoveryReason"":""none"",""bootRecoveryNonAdsFailure"":false,""bootRecoveryRestartCount"":0},""nulling"":{""done"":false,""retryArmed"":false,""attemptCount"":0,""nextRetryMs"":0,""thresholdV"":9.999999747E-06,""minFinalV"":0},""telemetry"":{""valid"":true,""sampleMs"":13872194,""gasClass"":6,""gasName"":""CO2"",""confidence"":0,""alarm"":false,""sensorVoltage"":[-0.000874888,0.004584266,0.005362092,-0.002521477,0.003365629,-0.012271021,-0.020648414,0.014660107],""sensorGain"":[64,64,64,64,64,64,64,64],""sensorStatus"":[0,0,0,0,0,0,0,0],""featureOrder"":[""MQ8"",""MQ135"",""MQ3"",""MQ5"",""MQ4"",""MQ7"",""MQ6"",""MQ2""]},""alarmLatched"":false}"
"2026-08-04 13:12:17.169 +07:00","90.984704499999992","RECOVERY_100_AFTER_80","RECOVERY","100","1000","0","1","0","-0.000882003","0.004576056","0.005382589","-0.002449937","0.00362949","-0.012272875","-0.020697149","0.014295109","{""deviceId"":""1001"",""nodeId"":4097,""targetChId"":""0010"",""mode"":""inference"",""uptimeMs"":13873275,""debugEnabled"":true,""power"":{""mode"":""24v"",""externalPower"":true,""batteryMv"":65535,""batteryValid"":false,""batteryDetected"":false,""batterySenseStatus"":""not_detected"",""batteryLow"":false,""batteryCritical"":false,""sourceAmbiguous"":false,""serviceHoldActive"":false,""serviceHoldEffective"":false},""batterySession"":{""state"":""inactive"",""startedMs"":0,""stateStartedMs"":0,""validSampleBatches"":0,""requiredSampleBatches"":10,""alarmTxAttempts"":0,""alarmTxAttemptLimit"":3,""alarmAckReceived"":false,""pendingAlarm"":false,""pendingSaveRequired"":false,""persistenceFaultHold"":false,""completionReason"":""session_done""},""bootHealth"":{""adsReady"":true,""adsDrdyLevel"":0,""adsDrdyPulldownLevel"":0,""adsDrdyPullupLevel"":0,""adsMisoPulldownLevel"":0,""adsMisoPullupLevel"":1,""adsCsLevel"":1,""adsSyncLevel"":1,""adsStatus"":54,""adsMux"":15,""adsAdcon"":6,""adsDrate"":240,""adsReason"":""ok"",""tcaOk"":true,""mcpOkCount"":8,""mcpOk"":[true,true,true,true,true,true,true,true],""mcpAddrMask"":[1,1,1,1,1,1,1,1],""mcpControlTested"":true,""mcpControlOkCount"":8,""mcpControlOk"":[true,true,true,true,true,true,true,true],""dacReady"":true,""radioReady"":true,""mlReady"":true,""nullingProfileApplied"":true,""modelProfileReady"":false},""runtimeMcpCode"":[255,519,795,706,799,865,665,139],""model"":{""profileId"":""cnn-dualbranch-datasheet-v1-unbound"",""scalerProfileId"":""cnn-dualbranch-datasheet-v1-unbound"",""productionApproved"":true,""boundNullingProfileId"":8,""activeNullingProfileId"":9,""bindingValid"":true,""bindingModelMatches"":true,""profileReady"":false,""inferenceValid"":false,""sensorFault"":true},""lora"":{""beginState"":0,""lastTxState"":0,""lastTxOk"":false,""txSeq"":0,""txCounter"":0,""aesKeyProvisioned"":true,""aesKeyPresent"":true,""aesKeySource"":""nvs"",""keyId"":1,""lastDownlinkCommandId"":0,""freqMHz"":920,""bwKHz"":125,""sf"":7,""cr"":5,""syncWord"":18,""txPowerDbm"":17,""preamble"":8,""tcxoVoltage"":1.600000024,""xtalVoltage"":0},""dataset"":{""state"":""idle"",""step"":""idle"",""label"":"""",""seq"":0,""targetSamples"":0,""sampleIntervalMs"":500,""maxDurationMs"":0,""useFanIntake"":true,""fanOnMs"":1000,""postFanSettleMs"":0,""nullingProfileId"":9,""queuePending"":0,""queueCapacity"":16,""queueEnqueued"":0,""queueDropped"":0,""publishFailCount"":0,""retryCount"":0,""retryFailCount"":0,""rejectedSamples"":0,""lastRejectReason"":""none"",""lastRejectChannel"":-1,""lastRejectOkFiniteCount"":0,""lastRejectStatus"":255,""lastRejectGain"":0,""lastRejectSaturated"":false},""recovery"":{""wifiReconnectCount"":0,""wifiReconnectFailCount"":0,""mqttReconnectCount"":0,""mqttConnectFailCount"":0,""lastMqttState"":0,""adsRecoveryCount"":0,""adsRecoveryFailCount"":0,""adsReadFailStreak"":0,""lastReason"":""none"",""lastRecoveryMs"":0,""bootRecoveryArmed"":false,""bootRecoveryDueMs"":0,""bootRecoveryReason"":""none"",""bootRecoveryNonAdsFailure"":false,""bootRecoveryRestartCount"":0},""nulling"":{""done"":false,""retryArmed"":false,""attemptCount"":0,""nextRetryMs"":0,""thresholdV"":9.999999747E-06,""minFinalV"":0},""telemetry"":{""valid"":true,""sampleMs"":13872900,""gasClass"":6,""gasName"":""CO2"",""confidence"":0,""alarm"":false,""sensorVoltage"":[-0.000882003,0.004576056,0.005382589,-0.002449937,0.00362949,-0.012272875,-0.020697149,0.014295109],""sensorGain"":[64,64,64,64,64,64,64,64],""sensorStatus"":[0,0,0,0,0,0,0,0],""featureOrder"":[""MQ8"",""MQ135"",""MQ3"",""MQ5"",""MQ4"",""MQ7"",""MQ6"",""MQ2""]},""alarmLatched"":false}"
"2026-08-04 13:12:17.867 +07:00","91.683087","RECOVERY_100_AFTER_80","RECOVERY","100","1000","0","1","0","-0.000887676","0.004559381","0.005358336","-0.002421126","0.004255434","-0.012204127","-0.020672802","0.014130848","{""deviceId"":""1001"",""nodeId"":4097,""targetChId"":""0010"",""mode"":""inference"",""uptimeMs"":13873970,""debugEnabled"":true,""power"":{""mode"":""24v"",""externalPower"":true,""batteryMv"":65535,""batteryValid"":false,""batteryDetected"":false,""batterySenseStatus"":""not_detected"",""batteryLow"":false,""batteryCritical"":false,""sourceAmbiguous"":false,""serviceHoldActive"":false,""serviceHoldEffective"":false},""batterySession"":{""state"":""inactive"",""startedMs"":0,""stateStartedMs"":0,""validSampleBatches"":0,""requiredSampleBatches"":10,""alarmTxAttempts"":0,""alarmTxAttemptLimit"":3,""alarmAckReceived"":false,""pendingAlarm"":false,""pendingSaveRequired"":false,""persistenceFaultHold"":false,""completionReason"":""session_done""},""bootHealth"":{""adsReady"":true,""adsDrdyLevel"":0,""adsDrdyPulldownLevel"":0,""adsDrdyPullupLevel"":0,""adsMisoPulldownLevel"":0,""adsMisoPullupLevel"":1,""adsCsLevel"":1,""adsSyncLevel"":1,""adsStatus"":54,""adsMux"":15,""adsAdcon"":6,""adsDrate"":240,""adsReason"":""ok"",""tcaOk"":true,""mcpOkCount"":8,""mcpOk"":[true,true,true,true,true,true,true,true],""mcpAddrMask"":[1,1,1,1,1,1,1,1],""mcpControlTested"":true,""mcpControlOkCount"":8,""mcpControlOk"":[true,true,true,true,true,true,true,true],""dacReady"":true,""radioReady"":true,""mlReady"":true,""nullingProfileApplied"":true,""modelProfileReady"":false},""runtimeMcpCode"":[255,519,795,706,799,865,665,139],""model"":{""profileId"":""cnn-dualbranch-datasheet-v1-unbound"",""scalerProfileId"":""cnn-dualbranch-datasheet-v1-unbound"",""productionApproved"":true,""boundNullingProfileId"":8,""activeNullingProfileId"":9,""bindingValid"":true,""bindingModelMatches"":true,""profileReady"":false,""inferenceValid"":false,""sensorFault"":true},""lora"":{""beginState"":0,""lastTxState"":0,""lastTxOk"":false,""txSeq"":0,""txCounter"":0,""aesKeyProvisioned"":true,""aesKeyPresent"":true,""aesKeySource"":""nvs"",""keyId"":1,""lastDownlinkCommandId"":0,""freqMHz"":920,""bwKHz"":125,""sf"":7,""cr"":5,""syncWord"":18,""txPowerDbm"":17,""preamble"":8,""tcxoVoltage"":1.600000024,""xtalVoltage"":0},""dataset"":{""state"":""idle"",""step"":""idle"",""label"":"""",""seq"":0,""targetSamples"":0,""sampleIntervalMs"":500,""maxDurationMs"":0,""useFanIntake"":true,""fanOnMs"":1000,""postFanSettleMs"":0,""nullingProfileId"":9,""queuePending"":0,""queueCapacity"":16,""queueEnqueued"":0,""queueDropped"":0,""publishFailCount"":0,""retryCount"":0,""retryFailCount"":0,""rejectedSamples"":0,""lastRejectReason"":""none"",""lastRejectChannel"":-1,""lastRejectOkFiniteCount"":0,""lastRejectStatus"":255,""lastRejectGain"":0,""lastRejectSaturated"":false},""recovery"":{""wifiReconnectCount"":0,""wifiReconnectFailCount"":0,""mqttReconnectCount"":0,""mqttConnectFailCount"":0,""lastMqttState"":0,""adsRecoveryCount"":0,""adsRecoveryFailCount"":0,""adsReadFailStreak"":0,""lastReason"":""none"",""lastRecoveryMs"":0,""bootRecoveryArmed"":false,""bootRecoveryDueMs"":0,""bootRecoveryReason"":""none"",""bootRecoveryNonAdsFailure"":false,""bootRecoveryRestartCount"":0},""nulling"":{""done"":false,""retryArmed"":false,""attemptCount"":0,""nextRetryMs"":0,""thresholdV"":9.999999747E-06,""minFinalV"":0},""telemetry"":{""valid"":true,""sampleMs"":13873553,""gasClass"":6,""gasName"":""CO2"",""confidence"":0,""alarm"":false,""sensorVoltage"":[-0.000887676,0.004559381,0.005358336,-0.002421126,0.004255434,-0.012204127,-0.020672802,0.014130848],""sensorGain"":[64,64,64,64,64,64,64,64],""sensorStatus"":[0,0,0,0,0,0,0,0],""featureOrder"":[""MQ8"",""MQ135"",""MQ3"",""MQ5"",""MQ4"",""MQ7"",""MQ6"",""MQ2""]},""alarmLatched"":false}"
"2026-08-04 13:12:18.564 +07:00","92.380194199999991","RECOVERY_100_AFTER_80","RECOVERY","100","1000","0","1","0","-0.000888481","0.00453788","0.005375531","-0.002478948","0.004648424","-0.012180819","-0.020669039","0.013600163","{""deviceId"":""1001"",""nodeId"":4097,""targetChId"":""0010"",""mode"":""inference"",""uptimeMs"":13874669,""debugEnabled"":true,""power"":{""mode"":""24v"",""externalPower"":true,""batteryMv"":65535,""batteryValid"":false,""batteryDetected"":false,""batterySenseStatus"":""not_detected"",""batteryLow"":false,""batteryCritical"":false,""sourceAmbiguous"":false,""serviceHoldActive"":false,""serviceHoldEffective"":false},""batterySession"":{""state"":""inactive"",""startedMs"":0,""stateStartedMs"":0,""validSampleBatches"":0,""requiredSampleBatches"":10,""alarmTxAttempts"":0,""alarmTxAttemptLimit"":3,""alarmAckReceived"":false,""pendingAlarm"":false,""pendingSaveRequired"":false,""persistenceFaultHold"":false,""completionReason"":""session_done""},""bootHealth"":{""adsReady"":true,""adsDrdyLevel"":0,""adsDrdyPulldownLevel"":0,""adsDrdyPullupLevel"":0,""adsMisoPulldownLevel"":0,""adsMisoPullupLevel"":1,""adsCsLevel"":1,""adsSyncLevel"":1,""adsStatus"":54,""adsMux"":15,""adsAdcon"":6,""adsDrate"":240,""adsReason"":""ok"",""tcaOk"":true,""mcpOkCount"":8,""mcpOk"":[true,true,true,true,true,true,true,true],""mcpAddrMask"":[1,1,1,1,1,1,1,1],""mcpControlTested"":true,""mcpControlOkCount"":8,""mcpControlOk"":[true,true,true,true,true,true,true,true],""dacReady"":true,""radioReady"":true,""mlReady"":true,""nullingProfileApplied"":true,""modelProfileReady"":false},""runtimeMcpCode"":[255,519,795,706,799,865,665,139],""model"":{""profileId"":""cnn-dualbranch-datasheet-v1-unbound"",""scalerProfileId"":""cnn-dualbranch-datasheet-v1-unbound"",""productionApproved"":true,""boundNullingProfileId"":8,""activeNullingProfileId"":9,""bindingValid"":true,""bindingModelMatches"":true,""profileReady"":false,""inferenceValid"":false,""sensorFault"":true},""lora"":{""beginState"":0,""lastTxState"":0,""lastTxOk"":false,""txSeq"":0,""txCounter"":0,""aesKeyProvisioned"":true,""aesKeyPresent"":true,""aesKeySource"":""nvs"",""keyId"":1,""lastDownlinkCommandId"":0,""freqMHz"":920,""bwKHz"":125,""sf"":7,""cr"":5,""syncWord"":18,""txPowerDbm"":17,""preamble"":8,""tcxoVoltage"":1.600000024,""xtalVoltage"":0},""dataset"":{""state"":""idle"",""step"":""idle"",""label"":"""",""seq"":0,""targetSamples"":0,""sampleIntervalMs"":500,""maxDurationMs"":0,""useFanIntake"":true,""fanOnMs"":1000,""postFanSettleMs"":0,""nullingProfileId"":9,""queuePending"":0,""queueCapacity"":16,""queueEnqueued"":0,""queueDropped"":0,""publishFailCount"":0,""retryCount"":0,""retryFailCount"":0,""rejectedSamples"":0,""lastRejectReason"":""none"",""lastRejectChannel"":-1,""lastRejectOkFiniteCount"":0,""lastRejectStatus"":255,""lastRejectGain"":0,""lastRejectSaturated"":false},""recovery"":{""wifiReconnectCount"":0,""wifiReconnectFailCount"":0,""mqttReconnectCount"":0,""mqttConnectFailCount"":0,""lastMqttState"":0,""adsRecoveryCount"":0,""adsRecoveryFailCount"":0,""adsReadFailStreak"":0,""lastReason"":""none"",""lastRecoveryMs"":0,""bootRecoveryArmed"":false,""bootRecoveryDueMs"":0,""bootRecoveryReason"":""none"",""bootRecoveryNonAdsFailure"":false,""bootRecoveryRestartCount"":0},""nulling"":{""done"":false,""retryArmed"":false,""attemptCount"":0,""nextRetryMs"":0,""thresholdV"":9.999999747E-06,""minFinalV"":0},""telemetry"":{""valid"":true,""sampleMs"":13874248,""gasClass"":6,""gasName"":""CO2"",""confidence"":0,""alarm"":false,""sensorVoltage"":[-0.000888481,0.00453788,0.005375531,-0.002478948,0.004648424,-0.012180819,-0.020669039,0.013600163],""sensorGain"":[64,64,64,64,64,64,64,64],""sensorStatus"":[0,0,0,0,0,0,0,0],""featureOrder"":[""MQ8"",""MQ135"",""MQ3"",""MQ5"",""MQ4"",""MQ7"",""MQ6"",""MQ2""]},""alarmLatched"":false}"
"2026-08-04 13:12:19.246 +07:00","93.0620122","RECOVERY_100_AFTER_80","RECOVERY","100","1000","0","1","0","-0.000892039","0.004526835","0.005404254","-0.002473979","0.00615892","-0.012192547","-0.020641737","0.013395113","{""deviceId"":""1001"",""nodeId"":4097,""targetChId"":""0010"",""mode"":""inference"",""uptimeMs"":13875352,""debugEnabled"":true,""power"":{""mode"":""24v"",""externalPower"":true,""batteryMv"":65535,""batteryValid"":false,""batteryDetected"":false,""batterySenseStatus"":""not_detected"",""batteryLow"":false,""batteryCritical"":false,""sourceAmbiguous"":false,""serviceHoldActive"":false,""serviceHoldEffective"":false},""batterySession"":{""state"":""inactive"",""startedMs"":0,""stateStartedMs"":0,""validSampleBatches"":0,""requiredSampleBatches"":10,""alarmTxAttempts"":0,""alarmTxAttemptLimit"":3,""alarmAckReceived"":false,""pendingAlarm"":false,""pendingSaveRequired"":false,""persistenceFaultHold"":false,""completionReason"":""session_done""},""bootHealth"":{""adsReady"":true,""adsDrdyLevel"":0,""adsDrdyPulldownLevel"":0,""adsDrdyPullupLevel"":0,""adsMisoPulldownLevel"":0,""adsMisoPullupLevel"":1,""adsCsLevel"":1,""adsSyncLevel"":1,""adsStatus"":54,""adsMux"":15,""adsAdcon"":6,""adsDrate"":240,""adsReason"":""ok"",""tcaOk"":true,""mcpOkCount"":8,""mcpOk"":[true,true,true,true,true,true,true,true],""mcpAddrMask"":[1,1,1,1,1,1,1,1],""mcpControlTested"":true,""mcpControlOkCount"":8,""mcpControlOk"":[true,true,true,true,true,true,true,true],""dacReady"":true,""radioReady"":true,""mlReady"":true,""nullingProfileApplied"":true,""modelProfileReady"":false},""runtimeMcpCode"":[255,519,795,706,799,865,665,139],""model"":{""profileId"":""cnn-dualbranch-datasheet-v1-unbound"",""scalerProfileId"":""cnn-dualbranch-datasheet-v1-unbound"",""productionApproved"":true,""boundNullingProfileId"":8,""activeNullingProfileId"":9,""bindingValid"":true,""bindingModelMatches"":true,""profileReady"":false,""inferenceValid"":false,""sensorFault"":true},""lora"":{""beginState"":0,""lastTxState"":0,""lastTxOk"":false,""txSeq"":0,""txCounter"":0,""aesKeyProvisioned"":true,""aesKeyPresent"":true,""aesKeySource"":""nvs"",""keyId"":1,""lastDownlinkCommandId"":0,""freqMHz"":920,""bwKHz"":125,""sf"":7,""cr"":5,""syncWord"":18,""txPowerDbm"":17,""preamble"":8,""tcxoVoltage"":1.600000024,""xtalVoltage"":0},""dataset"":{""state"":""idle"",""step"":""idle"",""label"":"""",""seq"":0,""targetSamples"":0,""sampleIntervalMs"":500,""maxDurationMs"":0,""useFanIntake"":true,""fanOnMs"":1000,""postFanSettleMs"":0,""nullingProfileId"":9,""queuePending"":0,""queueCapacity"":16,""queueEnqueued"":0,""queueDropped"":0,""publishFailCount"":0,""retryCount"":0,""retryFailCount"":0,""rejectedSamples"":0,""lastRejectReason"":""none"",""lastRejectChannel"":-1,""lastRejectOkFiniteCount"":0,""lastRejectStatus"":255,""lastRejectGain"":0,""lastRejectSaturated"":false},""recovery"":{""wifiReconnectCount"":0,""wifiReconnectFailCount"":0,""mqttReconnectCount"":0,""mqttConnectFailCount"":0,""lastMqttState"":0,""adsRecoveryCount"":0,""adsRecoveryFailCount"":0,""adsReadFailStreak"":0,""lastReason"":""none"",""lastRecoveryMs"":0,""bootRecoveryArmed"":false,""bootRecoveryDueMs"":0,""bootRecoveryReason"":""none"",""bootRecoveryNonAdsFailure"":false,""bootRecoveryRestartCount"":0},""nulling"":{""done"":false,""retryArmed"":false,""attemptCount"":0,""nextRetryMs"":0,""thresholdV"":9.999999747E-06,""minFinalV"":0},""telemetry"":{""valid"":true,""sampleMs"":13874979,""gasClass"":6,""gasName"":""CO2"",""confidence"":0,""alarm"":false,""sensorVoltage"":[-0.000892039,0.004526835,0.005404254,-0.002473979,0.00615892,-0.012192547,-0.020641737,0.013395113],""sensorGain"":[64,64,64,64,64,64,64,64],""sensorStatus"":[0,0,0,0,0,0,0,0],""featureOrder"":[""MQ8"",""MQ135"",""MQ3"",""MQ5"",""MQ4"",""MQ7"",""MQ6"",""MQ2""]},""alarmLatched"":false}"
"2026-08-04 13:12:19.945 +07:00","93.7612187","RECOVERY_100_AFTER_80","RECOVERY","100","1000","0","1","0","-0.000888936","0.004546844","0.00536875","-0.002405865","0.006047195","-0.012241399","-0.02064929","0.013634061","{""deviceId"":""1001"",""nodeId"":4097,""targetChId"":""0010"",""mode"":""inference"",""uptimeMs"":13876051,""debugEnabled"":true,""power"":{""mode"":""24v"",""externalPower"":true,""batteryMv"":65535,""batteryValid"":false,""batteryDetected"":false,""batterySenseStatus"":""not_detected"",""batteryLow"":false,""batteryCritical"":false,""sourceAmbiguous"":false,""serviceHoldActive"":false,""serviceHoldEffective"":false},""batterySession"":{""state"":""inactive"",""startedMs"":0,""stateStartedMs"":0,""validSampleBatches"":0,""requiredSampleBatches"":10,""alarmTxAttempts"":0,""alarmTxAttemptLimit"":3,""alarmAckReceived"":false,""pendingAlarm"":false,""pendingSaveRequired"":false,""persistenceFaultHold"":false,""completionReason"":""session_done""},""bootHealth"":{""adsReady"":true,""adsDrdyLevel"":0,""adsDrdyPulldownLevel"":0,""adsDrdyPullupLevel"":0,""adsMisoPulldownLevel"":0,""adsMisoPullupLevel"":1,""adsCsLevel"":1,""adsSyncLevel"":1,""adsStatus"":54,""adsMux"":15,""adsAdcon"":6,""adsDrate"":240,""adsReason"":""ok"",""tcaOk"":true,""mcpOkCount"":8,""mcpOk"":[true,true,true,true,true,true,true,true],""mcpAddrMask"":[1,1,1,1,1,1,1,1],""mcpControlTested"":true,""mcpControlOkCount"":8,""mcpControlOk"":[true,true,true,true,true,true,true,true],""dacReady"":true,""radioReady"":true,""mlReady"":true,""nullingProfileApplied"":true,""modelProfileReady"":false},""runtimeMcpCode"":[255,519,795,706,799,865,665,139],""model"":{""profileId"":""cnn-dualbranch-datasheet-v1-unbound"",""scalerProfileId"":""cnn-dualbranch-datasheet-v1-unbound"",""productionApproved"":true,""boundNullingProfileId"":8,""activeNullingProfileId"":9,""bindingValid"":true,""bindingModelMatches"":true,""profileReady"":false,""inferenceValid"":false,""sensorFault"":true},""lora"":{""beginState"":0,""lastTxState"":0,""lastTxOk"":false,""txSeq"":0,""txCounter"":0,""aesKeyProvisioned"":true,""aesKeyPresent"":true,""aesKeySource"":""nvs"",""keyId"":1,""lastDownlinkCommandId"":0,""freqMHz"":920,""bwKHz"":125,""sf"":7,""cr"":5,""syncWord"":18,""txPowerDbm"":17,""preamble"":8,""tcxoVoltage"":1.600000024,""xtalVoltage"":0},""dataset"":{""state"":""idle"",""step"":""idle"",""label"":"""",""seq"":0,""targetSamples"":0,""sampleIntervalMs"":500,""maxDurationMs"":0,""useFanIntake"":true,""fanOnMs"":1000,""postFanSettleMs"":0,""nullingProfileId"":9,""queuePending"":0,""queueCapacity"":16,""queueEnqueued"":0,""queueDropped"":0,""publishFailCount"":0,""retryCount"":0,""retryFailCount"":0,""rejectedSamples"":0,""lastRejectReason"":""none"",""lastRejectChannel"":-1,""lastRejectOkFiniteCount"":0,""lastRejectStatus"":255,""lastRejectGain"":0,""lastRejectSaturated"":false},""recovery"":{""wifiReconnectCount"":0,""wifiReconnectFailCount"":0,""mqttReconnectCount"":0,""mqttConnectFailCount"":0,""lastMqttState"":0,""adsRecoveryCount"":0,""adsRecoveryFailCount"":0,""adsReadFailStreak"":0,""lastReason"":""none"",""lastRecoveryMs"":0,""bootRecoveryArmed"":false,""bootRecoveryDueMs"":0,""bootRecoveryReason"":""none"",""bootRecoveryNonAdsFailure"":false,""bootRecoveryRestartCount"":0},""nulling"":{""done"":false,""retryArmed"":false,""attemptCount"":0,""nextRetryMs"":0,""thresholdV"":9.999999747E-06,""minFinalV"":0},""telemetry"":{""valid"":true,""sampleMs"":13875630,""gasClass"":6,""gasName"":""CO2"",""confidence"":0,""alarm"":false,""sensorVoltage"":[-0.000888936,0.004546844,0.00536875,-0.002405865,0.006047195,-0.012241399,-0.02064929,0.013634061],""sensorGain"":[64,64,64,64,64,64,64,64],""sensorStatus"":[0,0,0,0,0,0,0,0],""featureOrder"":[""MQ8"",""MQ135"",""MQ3"",""MQ5"",""MQ4"",""MQ7"",""MQ6"",""MQ2""]},""alarmLatched"":false}"
"2026-08-04 13:12:20.677 +07:00","94.49339359999999","RECOVERY_100_AFTER_80","RECOVERY","100","1000","0","1","0","-0.000900467","0.004545855","0.005440021","-0.002391368","0.004950789","-0.012275315","-0.02066437","0.014137099","{""deviceId"":""1001"",""nodeId"":4097,""targetChId"":""0010"",""mode"":""inference"",""uptimeMs"":13876783,""debugEnabled"":true,""power"":{""mode"":""24v"",""externalPower"":true,""batteryMv"":65535,""batteryValid"":false,""batteryDetected"":false,""batterySenseStatus"":""not_detected"",""batteryLow"":false,""batteryCritical"":false,""sourceAmbiguous"":false,""serviceHoldActive"":false,""serviceHoldEffective"":false},""batterySession"":{""state"":""inactive"",""startedMs"":0,""stateStartedMs"":0,""validSampleBatches"":0,""requiredSampleBatches"":10,""alarmTxAttempts"":0,""alarmTxAttemptLimit"":3,""alarmAckReceived"":false,""pendingAlarm"":false,""pendingSaveRequired"":false,""persistenceFaultHold"":false,""completionReason"":""session_done""},""bootHealth"":{""adsReady"":true,""adsDrdyLevel"":0,""adsDrdyPulldownLevel"":0,""adsDrdyPullupLevel"":0,""adsMisoPulldownLevel"":0,""adsMisoPullupLevel"":1,""adsCsLevel"":1,""adsSyncLevel"":1,""adsStatus"":54,""adsMux"":15,""adsAdcon"":6,""adsDrate"":240,""adsReason"":""ok"",""tcaOk"":true,""mcpOkCount"":8,""mcpOk"":[true,true,true,true,true,true,true,true],""mcpAddrMask"":[1,1,1,1,1,1,1,1],""mcpControlTested"":true,""mcpControlOkCount"":8,""mcpControlOk"":[true,true,true,true,true,true,true,true],""dacReady"":true,""radioReady"":true,""mlReady"":true,""nullingProfileApplied"":true,""modelProfileReady"":false},""runtimeMcpCode"":[255,519,795,706,799,865,665,139],""model"":{""profileId"":""cnn-dualbranch-datasheet-v1-unbound"",""scalerProfileId"":""cnn-dualbranch-datasheet-v1-unbound"",""productionApproved"":true,""boundNullingProfileId"":8,""activeNullingProfileId"":9,""bindingValid"":true,""bindingModelMatches"":true,""profileReady"":false,""inferenceValid"":false,""sensorFault"":true},""lora"":{""beginState"":0,""lastTxState"":0,""lastTxOk"":false,""txSeq"":0,""txCounter"":0,""aesKeyProvisioned"":true,""aesKeyPresent"":true,""aesKeySource"":""nvs"",""keyId"":1,""lastDownlinkCommandId"":0,""freqMHz"":920,""bwKHz"":125,""sf"":7,""cr"":5,""syncWord"":18,""txPowerDbm"":17,""preamble"":8,""tcxoVoltage"":1.600000024,""xtalVoltage"":0},""dataset"":{""state"":""idle"",""step"":""idle"",""label"":"""",""seq"":0,""targetSamples"":0,""sampleIntervalMs"":500,""maxDurationMs"":0,""useFanIntake"":true,""fanOnMs"":1000,""postFanSettleMs"":0,""nullingProfileId"":9,""queuePending"":0,""queueCapacity"":16,""queueEnqueued"":0,""queueDropped"":0,""publishFailCount"":0,""retryCount"":0,""retryFailCount"":0,""rejectedSamples"":0,""lastRejectReason"":""none"",""lastRejectChannel"":-1,""lastRejectOkFiniteCount"":0,""lastRejectStatus"":255,""lastRejectGain"":0,""lastRejectSaturated"":false},""recovery"":{""wifiReconnectCount"":0,""wifiReconnectFailCount"":0,""mqttReconnectCount"":0,""mqttConnectFailCount"":0,""lastMqttState"":0,""adsRecoveryCount"":0,""adsRecoveryFailCount"":0,""adsReadFailStreak"":0,""lastReason"":""none"",""lastRecoveryMs"":0,""bootRecoveryArmed"":false,""bootRecoveryDueMs"":0,""bootRecoveryReason"":""none"",""bootRecoveryNonAdsFailure"":false,""bootRecoveryRestartCount"":0},""nulling"":{""done"":false,""retryArmed"":false,""attemptCount"":0,""nextRetryMs"":0,""thresholdV"":9.999999747E-06,""minFinalV"":0},""telemetry"":{""valid"":true,""sampleMs"":13876329,""gasClass"":6,""gasName"":""CO2"",""confidence"":0,""alarm"":false,""sensorVoltage"":[-0.000900467,0.004545855,0.005440021,-0.002391368,0.004950789,-0.012275315,-0.02066437,0.014137099],""sensorGain"":[64,64,64,64,64,64,64,64],""sensorStatus"":[0,0,0,0,0,0,0,0],""featureOrder"":[""MQ8"",""MQ135"",""MQ3"",""MQ5"",""MQ4"",""MQ7"",""MQ6"",""MQ2""]},""alarmLatched"":false}"
"2026-08-04 13:12:21.359 +07:00","95.1750283","RECOVERY_100_AFTER_80","RECOVERY","100","1000","0","1","0","-0.000932544","0.004505906","0.005463058","-0.00238355","0.004920806","-0.01223327","-0.020594459","0.014298986","{""deviceId"":""1001"",""nodeId"":4097,""targetChId"":""0010"",""mode"":""inference"",""uptimeMs"":13877464,""debugEnabled"":true,""power"":{""mode"":""24v"",""externalPower"":true,""batteryMv"":65535,""batteryValid"":false,""batteryDetected"":false,""batterySenseStatus"":""not_detected"",""batteryLow"":false,""batteryCritical"":false,""sourceAmbiguous"":false,""serviceHoldActive"":false,""serviceHoldEffective"":false},""batterySession"":{""state"":""inactive"",""startedMs"":0,""stateStartedMs"":0,""validSampleBatches"":0,""requiredSampleBatches"":10,""alarmTxAttempts"":0,""alarmTxAttemptLimit"":3,""alarmAckReceived"":false,""pendingAlarm"":false,""pendingSaveRequired"":false,""persistenceFaultHold"":false,""completionReason"":""session_done""},""bootHealth"":{""adsReady"":true,""adsDrdyLevel"":0,""adsDrdyPulldownLevel"":0,""adsDrdyPullupLevel"":0,""adsMisoPulldownLevel"":0,""adsMisoPullupLevel"":1,""adsCsLevel"":1,""adsSyncLevel"":1,""adsStatus"":54,""adsMux"":15,""adsAdcon"":6,""adsDrate"":240,""adsReason"":""ok"",""tcaOk"":true,""mcpOkCount"":8,""mcpOk"":[true,true,true,true,true,true,true,true],""mcpAddrMask"":[1,1,1,1,1,1,1,1],""mcpControlTested"":true,""mcpControlOkCount"":8,""mcpControlOk"":[true,true,true,true,true,true,true,true],""dacReady"":true,""radioReady"":true,""mlReady"":true,""nullingProfileApplied"":true,""modelProfileReady"":false},""runtimeMcpCode"":[255,519,795,706,799,865,665,139],""model"":{""profileId"":""cnn-dualbranch-datasheet-v1-unbound"",""scalerProfileId"":""cnn-dualbranch-datasheet-v1-unbound"",""productionApproved"":true,""boundNullingProfileId"":8,""activeNullingProfileId"":9,""bindingValid"":true,""bindingModelMatches"":true,""profileReady"":false,""inferenceValid"":false,""sensorFault"":true},""lora"":{""beginState"":0,""lastTxState"":0,""lastTxOk"":false,""txSeq"":0,""txCounter"":0,""aesKeyProvisioned"":true,""aesKeyPresent"":true,""aesKeySource"":""nvs"",""keyId"":1,""lastDownlinkCommandId"":0,""freqMHz"":920,""bwKHz"":125,""sf"":7,""cr"":5,""syncWord"":18,""txPowerDbm"":17,""preamble"":8,""tcxoVoltage"":1.600000024,""xtalVoltage"":0},""dataset"":{""state"":""idle"",""step"":""idle"",""label"":"""",""seq"":0,""targetSamples"":0,""sampleIntervalMs"":500,""maxDurationMs"":0,""useFanIntake"":true,""fanOnMs"":1000,""postFanSettleMs"":0,""nullingProfileId"":9,""queuePending"":0,""queueCapacity"":16,""queueEnqueued"":0,""queueDropped"":0,""publishFailCount"":0,""retryCount"":0,""retryFailCount"":0,""rejectedSamples"":0,""lastRejectReason"":""none"",""lastRejectChannel"":-1,""lastRejectOkFiniteCount"":0,""lastRejectStatus"":255,""lastRejectGain"":0,""lastRejectSaturated"":false},""recovery"":{""wifiReconnectCount"":0,""wifiReconnectFailCount"":0,""mqttReconnectCount"":0,""mqttConnectFailCount"":0,""lastMqttState"":0,""adsRecoveryCount"":0,""adsRecoveryFailCount"":0,""adsReadFailStreak"":0,""lastReason"":""none"",""lastRecoveryMs"":0,""bootRecoveryArmed"":false,""bootRecoveryDueMs"":0,""bootRecoveryReason"":""none"",""bootRecoveryNonAdsFailure"":false,""bootRecoveryRestartCount"":0},""nulling"":{""done"":false,""retryArmed"":false,""attemptCount"":0,""nextRetryMs"":0,""thresholdV"":9.999999747E-06,""minFinalV"":0},""telemetry"":{""valid"":true,""sampleMs"":13877093,""gasClass"":6,""gasName"":""CO2"",""confidence"":0,""alarm"":false,""sensorVoltage"":[-0.000932544,0.004505906,0.005463058,-0.00238355,0.004920806,-0.01223327,-0.020594459,0.014298986],""sensorGain"":[64,64,64,64,64,64,64,64],""sensorStatus"":[0,0,0,0,0,0,0,0],""featureOrder"":[""MQ8"",""MQ135"",""MQ3"",""MQ5"",""MQ4"",""MQ7"",""MQ6"",""MQ2""]},""alarmLatched"":false}"
"2026-08-04 13:12:22.046 +07:00","95.86220329999999","RECOVERY_100_AFTER_80","RECOVERY","100","1000","0","1","0","-0.00094036","0.004478777","0.005524994","-0.002369059","0.005143268","-0.012240143","-0.020571034","0.013506718","{""deviceId"":""1001"",""nodeId"":4097,""targetChId"":""0010"",""mode"":""inference"",""uptimeMs"":13878151,""debugEnabled"":true,""power"":{""mode"":""24v"",""externalPower"":true,""batteryMv"":65535,""batteryValid"":false,""batteryDetected"":false,""batterySenseStatus"":""not_detected"",""batteryLow"":false,""batteryCritical"":false,""sourceAmbiguous"":false,""serviceHoldActive"":false,""serviceHoldEffective"":false},""batterySession"":{""state"":""inactive"",""startedMs"":0,""stateStartedMs"":0,""validSampleBatches"":0,""requiredSampleBatches"":10,""alarmTxAttempts"":0,""alarmTxAttemptLimit"":3,""alarmAckReceived"":false,""pendingAlarm"":false,""pendingSaveRequired"":false,""persistenceFaultHold"":false,""completionReason"":""session_done""},""bootHealth"":{""adsReady"":true,""adsDrdyLevel"":0,""adsDrdyPulldownLevel"":0,""adsDrdyPullupLevel"":0,""adsMisoPulldownLevel"":0,""adsMisoPullupLevel"":1,""adsCsLevel"":1,""adsSyncLevel"":1,""adsStatus"":54,""adsMux"":15,""adsAdcon"":6,""adsDrate"":240,""adsReason"":""ok"",""tcaOk"":true,""mcpOkCount"":8,""mcpOk"":[true,true,true,true,true,true,true,true],""mcpAddrMask"":[1,1,1,1,1,1,1,1],""mcpControlTested"":true,""mcpControlOkCount"":8,""mcpControlOk"":[true,true,true,true,true,true,true,true],""dacReady"":true,""radioReady"":true,""mlReady"":true,""nullingProfileApplied"":true,""modelProfileReady"":false},""runtimeMcpCode"":[255,519,795,706,799,865,665,139],""model"":{""profileId"":""cnn-dualbranch-datasheet-v1-unbound"",""scalerProfileId"":""cnn-dualbranch-datasheet-v1-unbound"",""productionApproved"":true,""boundNullingProfileId"":8,""activeNullingProfileId"":9,""bindingValid"":true,""bindingModelMatches"":true,""profileReady"":false,""inferenceValid"":false,""sensorFault"":true},""lora"":{""beginState"":0,""lastTxState"":0,""lastTxOk"":false,""txSeq"":0,""txCounter"":0,""aesKeyProvisioned"":true,""aesKeyPresent"":true,""aesKeySource"":""nvs"",""keyId"":1,""lastDownlinkCommandId"":0,""freqMHz"":920,""bwKHz"":125,""sf"":7,""cr"":5,""syncWord"":18,""txPowerDbm"":17,""preamble"":8,""tcxoVoltage"":1.600000024,""xtalVoltage"":0},""dataset"":{""state"":""idle"",""step"":""idle"",""label"":"""",""seq"":0,""targetSamples"":0,""sampleIntervalMs"":500,""maxDurationMs"":0,""useFanIntake"":true,""fanOnMs"":1000,""postFanSettleMs"":0,""nullingProfileId"":9,""queuePending"":0,""queueCapacity"":16,""queueEnqueued"":0,""queueDropped"":0,""publishFailCount"":0,""retryCount"":0,""retryFailCount"":0,""rejectedSamples"":0,""lastRejectReason"":""none"",""lastRejectChannel"":-1,""lastRejectOkFiniteCount"":0,""lastRejectStatus"":255,""lastRejectGain"":0,""lastRejectSaturated"":false},""recovery"":{""wifiReconnectCount"":0,""wifiReconnectFailCount"":0,""mqttReconnectCount"":0,""mqttConnectFailCount"":0,""lastMqttState"":0,""adsRecoveryCount"":0,""adsRecoveryFailCount"":0,""adsReadFailStreak"":0,""lastReason"":""none"",""lastRecoveryMs"":0,""bootRecoveryArmed"":false,""bootRecoveryDueMs"":0,""bootRecoveryReason"":""none"",""bootRecoveryNonAdsFailure"":false,""bootRecoveryRestartCount"":0},""nulling"":{""done"":false,""retryArmed"":false,""attemptCount"":0,""nextRetryMs"":0,""thresholdV"":9.999999747E-06,""minFinalV"":0},""telemetry"":{""valid"":true,""sampleMs"":13877742,""gasClass"":6,""gasName"":""CO2"",""confidence"":0,""alarm"":false,""sensorVoltage"":[-0.00094036,0.004478777,0.005524994,-0.002369059,0.005143268,-0.012240143,-0.020571034,0.013506718],""sensorGain"":[64,64,64,64,64,64,64,64],""sensorStatus"":[0,0,0,0,0,0,0,0],""featureOrder"":[""MQ8"",""MQ135"",""MQ3"",""MQ5"",""MQ4"",""MQ7"",""MQ6"",""MQ2""]},""alarmLatched"":false}"
